// Generated by tools/gen_assets.py - do not edit.
#include "assets.h"

const uint16_t font_pal[16] = {
    0x0000, 0x7FFF, 0x0C43, 0x1CA5, 0x1F1E, 0x0992, 0x2F9F, 0x3128,
    0x0000, 0x0000, 0x0000, 0x0000, 0x0000, 0x0000, 0x0000, 0x0000,
};
const uint16_t obj_pal[208] = {
    0x0000, 0x34AF, 0x55BC, 0x6ABF, 0x7FDF, 0x1043, 0x7FFF, 0x49FF,
    0x0000, 0x0000, 0x0000, 0x0000, 0x0000, 0x0000, 0x0000, 0x0000,
    0x0000, 0x316B, 0x5AB5, 0x6B39, 0x77BD, 0x1043, 0x0000, 0x0000,
    0x0000, 0x0000, 0x0000, 0x0000, 0x0000, 0x0000, 0x0000, 0x0000,
    0x0000, 0x1966, 0x2ECB, 0x374D, 0x63B8, 0x1043, 0x0000, 0x0000,
    0x0000, 0x0000, 0x0000, 0x0000, 0x0000, 0x0000, 0x0000, 0x0000,
    0x0000, 0x3165, 0x5EA9, 0x6F2B, 0x7BB7, 0x1043, 0x0000, 0x0000,
    0x0000, 0x0000, 0x0000, 0x0000, 0x0000, 0x0000, 0x0000, 0x0000,
    0x0000, 0x34E5, 0x65A9, 0x7A0B, 0x7F37, 0x1043, 0x0000, 0x0000,
    0x0000, 0x0000, 0x0000, 0x0000, 0x0000, 0x0000, 0x0000, 0x0000,
    0x0000, 0x34A9, 0x6552, 0x7995, 0x7F1B, 0x1043, 0x0000, 0x0000,
    0x0000, 0x0000, 0x0000, 0x0000, 0x0000, 0x0000, 0x0000, 0x0000,
    0x0000, 0x28CD, 0x5179, 0x5DBE, 0x731F, 0x1043, 0x0000, 0x0000,
    0x0000, 0x0000, 0x0000, 0x0000, 0x0000, 0x0000, 0x0000, 0x0000,
    0x0000, 0x0C8D, 0x1D19, 0x215E, 0x5AFF, 0x1043, 0x0000, 0x0000,
    0x0000, 0x0000, 0x0000, 0x0000, 0x0000, 0x0000, 0x0000, 0x0000,
    0x0000, 0x090E, 0x15FA, 0x1A5F, 0x575F, 0x1043, 0x0000, 0x0000,
    0x0000, 0x0000, 0x0000, 0x0000, 0x0000, 0x0000, 0x0000, 0x0000,
    0x0000, 0x0D8E, 0x1ADA, 0x1F5F, 0x5BBF, 0x1043, 0x0000, 0x0000,
    0x0000, 0x0000, 0x0000, 0x0000, 0x0000, 0x0000, 0x0000, 0x0000,
    0x0000, 0x6B39, 0x7FDE, 0x7FFF, 0x7FFF, 0x1043, 0x0000, 0x0000,
    0x0000, 0x0000, 0x0000, 0x0000, 0x0000, 0x0000, 0x0000, 0x0000,
    0x0000, 0x1043, 0x7FFF, 0x6717, 0x41CD, 0x7DB7, 0x54AD, 0x376D,
    0x1E03, 0x2B5F, 0x09F7, 0x7EED, 0x6563, 0x669F, 0x4119, 0x1E1F,
    0x0000, 0x4E53, 0x7FFF, 0x779C, 0x62F7, 0x7EFC, 0x6E77, 0x5FB7,
    0x5313, 0x5BBF, 0x4B1C, 0x7F97, 0x72D3, 0x735F, 0x62BC, 0x531F,
};
const uint16_t title_pal[256] = {
    0x0000, 0x0000, 0x0000, 0x0000, 0x0000, 0x0000, 0x0000, 0x0000,
    0x0000, 0x0000, 0x0000, 0x0000, 0x0000, 0x0000, 0x0000, 0x0000,
    0x0000, 0x0000, 0x0000, 0x0000, 0x0000, 0x0000, 0x0000, 0x0000,
    0x0000, 0x0000, 0x0000, 0x0000, 0x0000, 0x0000, 0x0000, 0x0000,
    0x0407, 0x0409, 0x080B, 0x080C, 0x0D02, 0x04AA, 0x08CC, 0x1043,
    0x28C2, 0x30E3, 0x2868, 0x2C89, 0x38AC, 0x0D22, 0x1123, 0x1163,
    0x15A4, 0x19E4, 0x29C4, 0x1E25, 0x3946, 0x1E45, 0x398A, 0x4103,
    0x4504, 0x3D67, 0x080E, 0x0C52, 0x0C53, 0x0910, 0x0C73, 0x0C58,
    0x1073, 0x0D75, 0x1094, 0x1058, 0x1079, 0x1099, 0x14B5, 0x14D5,
    0x1538, 0x18F6, 0x1917, 0x34AF, 0x44CE, 0x149A, 0x14BA, 0x14BB,
    0x18BB, 0x18DB, 0x18FC, 0x1CFC, 0x1D1C, 0x1D1D, 0x213D, 0x213E,
    0x215E, 0x255E, 0x257F, 0x11FE, 0x4524, 0x4544, 0x4545, 0x4546,
    0x4566, 0x4567, 0x4944, 0x4588, 0x4967, 0x49A8, 0x49A8, 0x59A5,
    0x6984, 0x6985, 0x69A6, 0x6D85, 0x6DA5, 0x6DA6, 0x6DC6, 0x6DE6,
    0x6DC7, 0x6DE7, 0x6DE8, 0x7207, 0x71E8, 0x7208, 0x7209, 0x7A27,
    0x45CA, 0x49EA, 0x49EB, 0x6E0A, 0x7229, 0x720A, 0x722A, 0x724A,
    0x722B, 0x45CC, 0x45EE, 0x49EC, 0x49ED, 0x4A0E, 0x6E2C, 0x724B,
    0x6E4C, 0x726C, 0x766C, 0x724D, 0x726D, 0x4CF0, 0x4DCF, 0x4A30,
    0x4A51, 0x726E, 0x6134, 0x7177, 0x5253, 0x51BB, 0x51BC, 0x55BC,
    0x55FC, 0x4A5D, 0x4E7C, 0x59FC, 0x5A3C, 0x55DD, 0x59DE, 0x59DF,
    0x49FF, 0x4A7E, 0x5A1E, 0x5E3D, 0x4E7D, 0x2266, 0x22A6, 0x26E7,
    0x2B07, 0x2F0A, 0x4EB1, 0x728E, 0x5E91, 0x728F, 0x72B1, 0x766B,
    0x768C, 0x768D, 0x76AD, 0x768E, 0x76AE, 0x76CE, 0x76AF, 0x7ACE,
    0x76CF, 0x7ACF, 0x76D0, 0x76B1, 0x76D1, 0x76D2, 0x76F1, 0x76F2,
    0x7AEF, 0x7AF0, 0x7B10, 0x7AF1, 0x7B11, 0x7AF2, 0x7B31, 0x7712,
    0x7F31, 0x4677, 0x4E9E, 0x6EF4, 0x529D, 0x7336, 0x4E9F, 0x52BE,
    0x4EBF, 0x52BF, 0x56BF, 0x56DF, 0x5ADF, 0x76F3, 0x7713, 0x7337,
    0x7338, 0x7358, 0x7359, 0x7714, 0x7715, 0x7734, 0x7735, 0x7755,
    0x7736, 0x7756, 0x7737, 0x7757, 0x7B12, 0x7B32, 0x7F52, 0x7B13,
    0x7B33, 0x7B53, 0x7B34, 0x7B35, 0x7B54, 0x7B55, 0x7B57, 0x7758,
    0x7B58, 0x7759, 0x7B59, 0x7779, 0x7B79, 0x777A, 0x7B9A, 0x779B,
    0x7B9B, 0x779C, 0x7BBC, 0x7BBD, 0x7BDD, 0x7FDE, 0x7BFF, 0x7FFF,
};
const uint32_t title_tiles[9600] = {
    0x68686868, 0x68686868, 0x68686868, 0x68686868, 0x68686868, 0x68686868, 0x68686868, 0x68686868,
    0x68686868, 0x68686868, 0x68686868, 0x68686868, 0x69696969, 0x69696969, 0x69696969, 0x69696969,
    0x68686868, 0x68686868, 0x68686868, 0x68686868, 0x68686868, 0x68686868, 0x68686868, 0x68686868,
    0x68686868, 0x68686868, 0x68686868, 0x68686868, 0x69696969, 0x69696969, 0x69696969, 0x69696969,
    0x68686868, 0xD5696868, 0x68686868, 0xD56D6868, 0x68686868, 0xCB746868, 0x68686868, 0xAE866D68,
    0x68686868, 0x8C867268, 0x68686868, 0x7B7B746C, 0x69696969, 0x70706969, 0x69696969, 0x20206969,
    0xFFFFFFFF, 0xFFFFFFFF, 0xFFFFFFFF, 0xFDFFFFFD, 0xFDFFFDF6, 0xF6FDFFFD, 0xD5AEAEAE, 0xDCDCDCD5,
    0x7B7B7B8B, 0x8B8B867B, 0x68686970, 0x74706868, 0x69696970, 0x6C696969, 0x20202020, 0x20202020,
    0xF8FAFAFC, 0x91D5E2F6, 0xFDFCF8FA, 0x86D5F6FD, 0xFFFBF4F0, 0x70AEF8FF, 0xF8F6F0DC, 0x6874AEF0,
    0xBBBDAE91, 0x68687091, 0x686D747B, 0x68686868, 0x69696969, 0x69696969, 0x69696969, 0x6D696969,
    0x6868697B, 0x68686868, 0x6868686D, 0x68686868, 0x68686868, 0x68686868, 0x74686868, 0x6868727B,
    0x74686868, 0x68687486, 0x726D6868, 0x68686D74, 0x918C8B7B, 0x6970868B, 0xAEAEAE8B, 0x20748CAD,
    0x68686868, 0x68686868, 0x68686868, 0x68686868, 0x68686868, 0x68686868, 0x68686868, 0x68686868,
    0x68686868, 0x68686868, 0x68686868, 0x68686868, 0x69696969, 0x69696969, 0x20202020, 0x20202020,
    0x68686868, 0x68686868, 0x68686868, 0x68686868, 0x68686868, 0x68686868, 0x68686868, 0x68686868,
    0x68686868, 0x20206868, 0x68686868, 0xD3202068, 0x69696969, 0xD3D32069, 0x69696920, 0xD1D32069,
    0x68686868, 0x68686868, 0x68686868, 0x68686868, 0x68686868, 0x68686868, 0x68686868, 0x68686868,
    0x20202020, 0x20202020, 0xD3D3D3D3, 0x20D3D3D3, 0xD1D1D1D1, 0xD3D1D1D1, 0xD1D1D1D1, 0xD1D1D1D1,
    0x68686868, 0x68686868, 0x68686868, 0x68686868, 0x68686868, 0x68686868, 0x68686868, 0x68686868,
    0x68686868, 0x68686868, 0x68686820, 0x68686868, 0x69692020, 0x69696969, 0x6920203A, 0x69696969,
    0x68686868, 0x68686868, 0x68686868, 0x68686868, 0x68686868, 0x68686868, 0x68686868, 0x68686868,
    0x68686868, 0x20686868, 0x68686868, 0x20206868, 0x69696969, 0xD3206969, 0x69696969, 0xD3206969,
    0x68686868, 0x68686868, 0x68686868, 0x68686868, 0x68686868, 0x68686868, 0x68686868, 0x68686868,
    0x20202020, 0x20202020, 0xD3D3D3D3, 0xD3D3D3D3, 0xD1D1D1D3, 0xD1D1D1D1, 0xD1D1D1D1, 0xD1D1D1D1,
    0x68686868, 0x68686868, 0x68686868, 0x68686868, 0x68686868, 0x68686868, 0x7B746D68, 0x7070747B,
    0xDCD5AD20, 0xBDD5D5DC, 0xF8F42020, 0xF4F8F8F9, 0xF42020D3, 0x2020FDFA, 0x20203AD1, 0xD32020F8,
    0x68686868, 0x7B696868, 0x68686868, 0x6D686868, 0x68696868, 0x68686868, 0x74707070, 0x6D6C6D70,
    0xBDAEAEAE, 0x7B8691AE, 0xF0F2EFF1, 0xAEAED5EE, 0x20202020, 0x20202020, 0xD3D3D3D3, 0xD3D3D3D3,
    0x868B8C8B, 0x74747B7B, 0x9191917B, 0x869191AE, 0xCBAE917B, 0x8BAECBD5, 0xAE8C7B72, 0x7286ADAE,
    0x8B867B7B, 0x68707B8B, 0x747B8B91, 0x68707474, 0x20202020, 0x20202020, 0xD3D3D3D3, 0xD3D3D3D3,
    0x70707070, 0x86706F70, 0x6D6D7074, 0x917B7470, 0x68686874, 0x74686868, 0x6868686D, 0x68686868,
    0x68686868, 0x68686868, 0x68686868, 0x68686868, 0x20202020, 0x20202020, 0xD3D3D3D3, 0xD3D3D3D3,
    0xAEDCDCAE, 0x706A6D7B, 0x91BDD5AE, 0x68686870, 0x72868B86, 0x68686868, 0x68686868, 0x68686868,
    0x68686868, 0x68686868, 0x68686868, 0x68686868, 0x20202020, 0x69696969, 0x20D3D3D3, 0x69696920,
    0xAEAE8B7B, 0x747B8BAD, 0x918C7B6F, 0x7B868B91, 0x74706A68, 0x6D727B7B, 0x68686868, 0x20206868,
    0x68686868, 0xD4202068, 0x68686868, 0xD3D32068, 0x69696969, 0xD1D32069, 0x69696969, 0x5AD32069,
    0x68687072, 0x68686868, 0x68686D72, 0x68686868, 0x68686868, 0x68686868, 0x20202020, 0x20202020,
    0xD4D4D4D4, 0xD4D4D4D4, 0xD1D1D1D1, 0xD1D1D1D1, 0xD1D1D1D1, 0xD1D1D1D1, 0x5A5A5A5A, 0x5A5A5A5A,
    0x68686868, 0x68686868, 0x68686868, 0x68686868, 0x68686868, 0x68686868, 0x20202020, 0x20202020,
    0xD4D4D4D4, 0xD4D4D4D4, 0xD1D1D1D1, 0xD1D1D1D1, 0xD1D1D1D1, 0xD1D1D1D1, 0x5A5A5A5A, 0x5A5A5A5A,
    0x68686868, 0x68686868, 0x68686868, 0x68686868, 0x68686868, 0x68686868, 0x20202020, 0x20202020,
    0xD4D4D4D4, 0xD4D4D4D4, 0xD1D1D1D1, 0xD1D1D1D1, 0xD1D1D1D1, 0xD1D1D1D1, 0x5A5A5A5A, 0x5A5A5A5A,
    0x68686868, 0x68686868, 0x68686868, 0x68686868, 0x68686868, 0x68686868, 0x20202020, 0x68686868,
    0x20D4D4D4, 0x68686820, 0xD3D1D1D1, 0x68682020, 0xD1D1D1D1, 0x6920203A, 0xD15A5A5A, 0x202023D3,
    0x68686868, 0x68686868, 0x68686868, 0x68686868, 0x68686868, 0x68686868, 0x68686868, 0x68686868,
    0x68686868, 0x68686868, 0x68686868, 0x20206868, 0x69696969, 0xD3202069, 0x69696969, 0xD3D32069,
    0x68686868, 0x68686868, 0x68686868, 0x68686868, 0x68686868, 0x68686868, 0x68686868, 0x68686868,
    0x68686868, 0x68686868, 0x20202020, 0x20202020, 0xD3D3D3D3, 0x20D3D3D3, 0xD1D1D1D1, 0xD3D1D1D1,
    0x68686868, 0x68686868, 0x68686868, 0x68686868, 0x68686868, 0x68686868, 0x68686868, 0x68686868,
    0x68686868, 0x68686868, 0x68686868, 0x68686868, 0x69696920, 0x69696969, 0x69692020, 0x69696969,
    0x68686868, 0x68686868, 0x68686868, 0x68686868, 0x68686868, 0x68686868, 0x68686868, 0x68686868,
    0x68686868, 0x68686868, 0x68686868, 0x20686868, 0x69696969, 0x20206969, 0x69696969, 0xD3206969,
    0x68686868, 0x68686868, 0x68686868, 0x68686868, 0x68686868, 0x68686868, 0x68686868, 0x68686868,
    0x68686868, 0x68686868, 0x20202020, 0x20202020, 0xD3D3D3D3, 0xD3D3D3D3, 0xD1D1D1D3, 0xD1D1D1D1,
    0x68686868, 0x68686868, 0x68686868, 0x68686868, 0x68686868, 0x68686868, 0x68686868, 0x68686868,
    0x68686868, 0x68686868, 0x68686820, 0x68686868, 0x69692020, 0x69696969, 0x692020D3, 0x69696969,
    0x68686868, 0x68686868, 0x68686868, 0x68686868, 0x68686868, 0x68686868, 0x68686868, 0x68686868,
    0x68686868, 0x68686868, 0x68686868, 0x68686868, 0x69696969, 0xAE867069, 0x69696969, 0xDCAE806D,
    0x68686868, 0x68686868, 0x68686868, 0x68686868, 0x68686868, 0x68686868, 0x68686868, 0x747B746D,
    0x70686868, 0x86887B74, 0x8B897B70, 0x9191918B, 0xBDD5DCD5, 0xAEAEAEAE, 0xDCE2F1EF, 0xAEAEAEAE,
    0x69696969, 0x69696969, 0x6B6B6B6B, 0x6B6B6B6B, 0x6B6B6B6B, 0x6B6B6B6B, 0x6C6C6C6C, 0x6C6C6C6C,
    0x6C6C6C6C, 0x6C6C6C6C, 0x6C6C6C6C, 0x6C6C6C6C, 0x6C6C6C6C, 0x6C6C6C6C, 0x6C6C6C6C, 0x6C6C6C6C,
    0x69696969, 0x69696969, 0x6B6B6B6B, 0x6B6B6B6B, 0x6B6B6B6B, 0x6B6B6B6B, 0x6C6C6C6C, 0x6C6C6C6C,
    0x6C6C6C6C, 0x6C6C6C6C, 0x6C6C6C6C, 0x6C6C6C6C, 0x6C6C6C6C, 0x6C6C6C6C, 0x6C6C6C6C, 0x6C6C6C6C,
    0x69696969, 0xD3202069, 0x6B6B6B6B, 0xD3D3206B, 0x6B6B6B6B, 0xD0D3206B, 0x6C6C6C6C, 0x58D3206C,
    0x6C6C6C6C, 0x58D3206C, 0x6C6C6C6C, 0x57D3206C, 0x6C6C6C6C, 0x57D2206C, 0x6C6C6C6C, 0x56D2206C,
    0xD3D3D3D3, 0x20D3D3D3, 0xD0D0D0D0, 0xD3D0D0D0, 0xD0D0D0D0, 0xD0D0D0D0, 0x58585858, 0xD0585858,
    0x58585858, 0x58585858, 0x57575757, 0x57575757, 0x57575757, 0x57575757, 0x56565656, 0x56565656,
    0x69696920, 0x69696969, 0x6B6B2020, 0x6B6B6B6B, 0x6B20203A, 0x6B6B6B6B, 0x202023D3, 0x6C6C6C6C,
    0x2022D3D0, 0x6C6C6C20, 0xD3D3D0D0, 0x6C6C2020, 0xCECECE57, 0x6C2020D2, 0xCECE5656, 0x20203ACE,
    0x868B8B7B, 0x2020747B, 0x706D6B6B, 0xD3207272, 0x6B6B6B6B, 0xD3207070, 0x6D6C6C6C, 0xD3207B74,
    0x706C6C6C, 0xD320897B, 0x6C6C6C6C, 0xD3207B74, 0x6C6C6C6C, 0xD2207B70, 0x6C6C6C6C, 0xD2206D6C,
    0xD3D3D3D3, 0xD3D3D3D3, 0xD0D0D0D3, 0xD0D0D0D0, 0xD0D0D0D0, 0xD0D0D0D0, 0x58585858, 0x58585858,
    0x58585858, 0x58585858, 0x57575757, 0x57575757, 0x57575757, 0x57575757, 0x56565656, 0x56565656,
    0x69692020, 0x5AD32069, 0x6B2020D3, 0x59D3206B, 0x20203AD0, 0x59D3206B, 0x20233AD0, 0x58D32020,
    0x22233A49, 0x58D32020, 0x22233A49, 0x57D32021, 0x22233A49, 0x57D22021, 0x22233A49, 0x56D22021,
    0x5A5A5A5A, 0xD05A5A5A, 0x59595959, 0x4A595959, 0x59595959, 0x4A595959, 0x58585858, 0x4A585858,
    0x58585858, 0x49585858, 0x57575757, 0x49575757, 0x57575757, 0x49575757, 0x56565656, 0x49565656,
    0x2020233A, 0x69696969, 0x2022233A, 0x6B6B6B20, 0x2122233A, 0x6B6B6B20, 0x2122233A, 0x6D6E7020,
    0x2122233A, 0xAEAEAE20, 0x2122233A, 0xE2E08420, 0x2122233A, 0xE2848320, 0x2122233A, 0x61616120,
    0x69696969, 0xD3206969, 0x6B6B6B6B, 0xD3206B6B, 0x6B6B6B6B, 0xD3206B6B, 0x6C6C6C6C, 0xD3206C6C,
    0x6C728091, 0xD3206D6C, 0x8BBDDCEF, 0xD3207B80, 0x8BAEDCE2, 0xD2207B7B, 0x6C6D727B, 0xD2206C6C,
    0x5A5A5A5A, 0x5A5A5A5A, 0x59595959, 0x59595959, 0x59595959, 0x59595959, 0x58585858, 0x58585858,
    0x58585858, 0x58585858, 0x57575757, 0x57575757, 0x57575757, 0x57575757, 0x56565656, 0x56565656,
    0x20233AD0, 0xD3D32020, 0x22233A4A, 0xD0D32020, 0x22233A4A, 0x59D32021, 0x22233A4A, 0x58D32021,
    0x22233A49, 0x58D32021, 0x22233A49, 0x57D32021, 0x22233A49, 0x57D22021, 0x22233A49, 0x56D22021,
    0xD0D0D0D0, 0xD0D0D0D0, 0xD0D0D0D0, 0xD0D0D0D0, 0x59595959, 0x59595959, 0x58585858, 0x58585858,
    0x58585858, 0x58585858, 0x57575757, 0x49575757, 0x57575757, 0x49575757, 0x56565656, 0x49565656,
    0xD0D0D0D0, 0xD0D0D0D0, 0xD0D0D0D0, 0xD0D0D0D0, 0x59595959, 0x59595959, 0x4A4A4A58, 0x4A4A4A4A,
    0x3A3A4949, 0x3A3A3A3A, 0x233A3A49, 0x23232323, 0x23233A3A, 0x22222222, 0x2223233A, 0x21212122,
    0xD0D0D0D0, 0xD0D0D0D0, 0xD0D0D0D0, 0xD0D0D0D0, 0x59595959, 0x59595959, 0x4A4A4A4A, 0x58585858,
    0x3A3A3A3A, 0x5858583A, 0x23232323, 0x57572323, 0x22222222, 0x57222222, 0x21212121, 0xD2212121,
    0xD3D0D0D0, 0x69692020, 0xD0D0D0D0, 0x6B20203A, 0xD0595959, 0x202023D3, 0x58585858, 0x2022D3D0,
    0x58585858, 0xD3D3D0D0, 0x57575757, 0xD0D0D057, 0x57575757, 0xCECE5757, 0x56565656, 0x56565656,
    0x69696969, 0x5AD32069, 0x6B6B6B6B, 0x59D3206B, 0x6B6B6B6B, 0x59D3206B, 0x6C6C6C20, 0x58D3206C,
    0x6C6C2020, 0x58D3206C, 0x6C2020D3, 0x57D3206C, 0x20203ACE, 0x57D2206C, 0x20233ACE, 0x56D22020,
    0x5A5A5A5A, 0x5A5A5A5A, 0x59595959, 0x59595959, 0x59595959, 0x4A595959, 0x58585858, 0x4A585858,
    0x58585858, 0x49585858, 0x57575757, 0x49575757, 0x57575757, 0x49575757, 0x56565656, 0x49565656,
    0x4A4A4A5A, 0x4A4A4A4A, 0x3A3A4A4A, 0x3A3A3A3A, 0x233A3A4A, 0x23232323, 0x23233A3A, 0x22222222,
    0x2223233A, 0x21212122, 0x2222233A, 0x20202121, 0x2122233A, 0x37202021, 0x2122233A, 0x37372020,
    0x4A4A4A4A, 0x5A5A5A5A, 0x3A3A3A3A, 0x5959593A, 0x23232323, 0x59592323, 0x22222222, 0x58222222,
    0x21212121, 0xD3212121, 0x20202020, 0xD3202020, 0x37373737, 0xD2203737, 0x37373737, 0xD2203737,
    0x5A5A5A5A, 0x2022D3D0, 0x59595959, 0xD3D3D0D0, 0x59595959, 0xD0D0D059, 0x58585858, 0xD0D05858,
    0x58585858, 0x58585858, 0x57575757, 0x57575757, 0x57575757, 0x57575757, 0x56565656, 0x56565656,
    0x69696920, 0xD0D32069, 0x6B6B2020, 0x59D3206B, 0x6B2020D3, 0x59D3206B, 0x20203AD0, 0x58D3206C,
    0x20233AD0, 0x58D32020, 0x22233A49, 0x57D32020, 0x22233A49, 0x57D22021, 0x22233A49, 0x49202021,
    0xD0D0D0D0, 0xD0D0D0D0, 0x59595959, 0xD0595959, 0x59595959, 0x4A595959, 0x58585858, 0x4A585858,
    0x58585858, 0x49585858, 0x57575757, 0x57575757, 0x57575757, 0x57575757, 0x56565656, 0x56565656,
    0x6920203A, 0x69696969, 0x2020233A, 0x6B6B6B6B, 0x2022233A, 0x6B6B6B20, 0x2122233A, 0x6C6C6C20,
    0x2122233A, 0x6C6C6C20, 0x2122233A, 0x6C6C6C20, 0x212223D2, 0x6C6C3720, 0x2122D2CE, 0x6C373720,
    0x69696969, 0xD3206969, 0x6B6B6B6B, 0xD3206B6B, 0x6B6B6B6B, 0xD3206B6B, 0x6C6C6C6C, 0xD3206C6C,
    0x6C6C6C6C, 0xD3206C6C, 0x6C6C6C6C, 0xD320206C, 0x6C6C6C6C, 0xD2D22020, 0x20206C6C, 0x56D2D220,
    0xD0D0D0D0, 0xD0D0D0D0, 0x59595959, 0x59595959, 0x59595959, 0x59595959, 0x58585858, 0x58585858,
    0x58585858, 0x58585858, 0x57575757, 0x57575757, 0x57575757, 0x49575757, 0x56565656, 0x49494956,
    0x20203AD0, 0x69696969, 0x20233AD0, 0x6B6B6B20, 0x22233A4A, 0x6B6B2020, 0x22233A4A, 0x6C6C2021,
    0x22233A49, 0x6C6C2021, 0x22233A49, 0x6C6C2021, 0x22233A49, 0x6C372021, 0x22233A3A, 0x37372021,
    0x69696969, 0xD5917069, 0x6B6B6B6B, 0x89706B6B, 0x6B6B6B6B, 0x6D6B6B6B, 0x6C6C6C6C, 0x6C6C6C6C,
    0x6C6C6C6C, 0x6D6C6C6C, 0x6C6C6C6C, 0x6C6C6C6C, 0x6C6C6C6C, 0x6C6C6C6C, 0x6C6C6C6C, 0x6C6C6C6C,
    0xF5F8F3E2, 0x91AEDCEF, 0xEFE2D5AE, 0x6D86AEE0, 0xDCD5917B, 0x6B6D8BD5, 0x91918674, 0x6C6C7089,
    0x72747B74, 0x6C6C6C6C, 0x70706C6C, 0x6C6C6C6C, 0x72706D6C, 0x6C6C6C6D, 0x7B807B74, 0x6C6C6C7B,
    0x6C6C6C6C, 0x6C6C6C6C, 0x6D6D6D6D, 0x6D6D6D6D, 0x6D6D6D6D, 0x6D6D6D6D, 0x6D6D6D6D, 0x6D6D6D6D,
    0x6D6D6D6D, 0x6D6D6D6D, 0x6D6D6D6D, 0x6D6D6D6D, 0x6E6E6E6E, 0x6E6E6E6E, 0x6E6E6E6E, 0x6E6E6E6E,
    0x6C6C6C6C, 0x6C6C6C6C, 0x6D6D6D6D, 0x6D6D6D6D, 0x6D6D6D6D, 0x6D6D6D6D, 0x6D6D6D6D, 0x6D6D6D6D,
    0x6D6D6D6D, 0x6D6D6D6D, 0x6D6D6D6D, 0x6D6D6D6D, 0x6E6E6E6E, 0x6E6E6E6E, 0x6E6E6E6E, 0x6E6E6E6E,
    0x6C6C6C6C, 0x56CF206C, 0x6D6D6D6D, 0x56CF206D, 0x6D6D6D6D, 0x55CF206D, 0x6D6D6D6D, 0x55CF206D,
    0x6D6D6D6D, 0x55CF206D, 0x6D6D6D6D, 0x54CF206D, 0x6E6E6E6E, 0x53CF206E, 0x6E6E6E6E, 0x53CE206E,
    0x56565656, 0x56565656, 0x56565656, 0x56565656, 0x55555555, 0x55555555, 0x55555555, 0x55555555,
    0x55555555, 0x55555555, 0x54545454, 0x54545454, 0x53535353, 0x53535353, 0x53535353, 0x53535353,
    0x56565656, 0x2023CFCE, 0x56565656, 0x22CFCE56, 0x55555555, 0xCFCECE55, 0x55555555, 0xCECE5555,
    0x55555555, 0xCE555555, 0x54545454, 0x54545454, 0x53534653, 0x53535353, 0x533A4646, 0x53535353,
    0x6C6C6C20, 0xCF206C6C, 0x6D6D2020, 0xCF206D6D, 0x6D2020CF, 0xCF206D6D, 0x2020CFCE, 0xCF206D6D,
    0x203ACECE, 0xCF202020, 0x23CFCE54, 0xCFCF2020, 0xCFCA5353, 0x53CFCF22, 0xCACA5353, 0x53CACECE,
    0x56565656, 0x56565656, 0x56565656, 0x56565656, 0x55555555, 0x55555555, 0x55555555, 0x55555555,
    0x55555555, 0x55555555, 0x54545454, 0x54545454, 0x53535353, 0x53535353, 0x53535353, 0x53535353,
    0x22233A49, 0x56CF2021, 0x22233A49, 0x56CF2021, 0x22233A48, 0x55CF2021, 0x22233A47, 0x55CF2021,
    0x22233A47, 0x55CF2021, 0x22233A47, 0x54CF2021, 0x22233A46, 0x53CF2021, 0x22233A46, 0x53CE2021,
    0x56565656, 0x49565656, 0x56565656, 0x49565656, 0x55555555, 0x48555555, 0x55555555, 0x47555555,
    0x55555555, 0x47555555, 0x54545454, 0x47545454, 0x53535353, 0x46535353, 0x53535353, 0x46535353,
    0x2122233A, 0x37373820, 0x2122233A, 0x37373720, 0x2122233A, 0x37373720, 0x2122233A, 0x37373720,
    0x2122233A, 0x37375C20, 0x2122233A, 0x37373720, 0x2122233A, 0x37373720, 0x2122233A, 0x38383820,
    0x6C6C6C6C, 0xCF20726D, 0x6D6D6D6D, 0xCF207B70, 0x6D6D6D6D, 0xCF206D6D, 0x6D6D6D6D, 0xCF206D6D,
    0x6D6D6D6D, 0xCF20746D, 0x6D6D6D6D, 0xCF20706D, 0x6E6E6E6E, 0xCF208072, 0xAE917D6E, 0xCE20BDD5,
    0x56565656, 0x56565656, 0x56565656, 0x56565656, 0x55555555, 0x55555555, 0x55555555, 0x55555555,
    0x55555555, 0x55555555, 0x54545454, 0x54545454, 0x53535353, 0x53535353, 0x53535353, 0x53535353,
    0x22233A49, 0x56CF2021, 0x22233A49, 0x56CF2021, 0x22233A48, 0x55CF2021, 0x22233A47, 0x55CF2021,
    0x22233A47, 0x55CF2021, 0x22233A47, 0x54CF2021, 0x22233A46, 0x53CF2021, 0x22233A46, 0x53CE2021,
    0x56565656, 0x49565656, 0x56565656, 0x49565656, 0x55555555, 0x48555555, 0x55555555, 0x55555555,
    0x55555555, 0x55555555, 0x54545454, 0x54545454, 0x53535353, 0x53535353, 0x53535353, 0x53535353,
    0x2222233A, 0x20202121, 0x2122233A, 0x37202021, 0x2122233A, 0x37372020, 0x2122233A, 0x37373720,
    0x212223CF, 0x37373720, 0x2122CFCE, 0x20202020, 0xCFCFCACA, 0xCFCFCFCF, 0xCACACA53, 0xCACACACA,
    0x20202020, 0xCF202020, 0x37373737, 0xCF203737, 0x37373737, 0xCF203737, 0x37373737, 0xCF202037,
    0x37373737, 0xCFCF2020, 0x20202020, 0x54CFCF20, 0xCFCFCFCF, 0x53CACFCF, 0xCACACACA, 0x5353CACA,
    0x56565656, 0x56565656, 0x56565656, 0x56565656, 0x55555555, 0x55555555, 0x55555555, 0x55555555,
    0x55555555, 0x47555555, 0x54545454, 0x47474754, 0x53535353, 0x3A3A4646, 0x46535353, 0x233A3A46,
    0x22233A49, 0x56CF2020, 0x22233A49, 0x56CF2021, 0x22233A48, 0x55CF2021, 0x22233A47, 0x55CF2021,
    0x22233A47, 0x55CF2021, 0x22233A3A, 0x54CF2021, 0x2223233A, 0x53CF2021, 0x22222323, 0x53CE2021,
    0x56565656, 0x56565656, 0x56565656, 0x56565656, 0x55555555, 0x55555555, 0x55555555, 0x55555555,
    0x55555555, 0x55555555, 0x54545454, 0x54545454, 0x53535353, 0x53535353, 0x53535353, 0x53535353,
    0x2122233A, 0x37373720, 0x212223CF, 0x37373720, 0x2122CFCE, 0x20202020, 0xCFCFCECE, 0xCFCFCFCF,
    0xCECECE55, 0xCECECECE, 0xCECE5454, 0xCECECECE, 0x53535353, 0x53535353, 0x46464653, 0x46464646,
    0x37373737, 0xCF202037, 0x37373737, 0xCFCF2020, 0x20202020, 0x55CFCF20, 0xCFCFCFCF, 0x55CECFCF,
    0xCECECECE, 0x5555CECE, 0xCECECECE, 0x545454CE, 0x53535353, 0x53535353, 0x46464646, 0x53535353,
    0x56565656, 0x56565656, 0x56565656, 0x49565656, 0x55555555, 0x48484855, 0x55555555, 0x3A3A4747,
    0x47555555, 0x233A3A47, 0x54545454, 0x23233A3A, 0x53535353, 0x222323CF, 0x53535353, 0x2222CE53,
    0x22233A49, 0x20202021, 0x22233A49, 0x20372021, 0x22233A3A, 0x37372021, 0x2223233A, 0x37372021,
    0x22222323, 0x37372021, 0x21222222, 0x37372021, 0x21212122, 0x37372020, 0x20202121, 0x38383820,
    0x5656563A, 0x56565656, 0x56562320, 0x56565656, 0x55222020, 0x55555555, 0xCF202037, 0x55555555,
    0x20206D37, 0x55555547, 0x206D6D37, 0x54543A20, 0x6E6E6E37, 0x53232020, 0x6E6E6E38, 0x2220206E,
    0xCFCFCECE, 0x37372020, 0xCECECE56, 0x372020CF, 0xCECE5555, 0x20203ACE, 0x55555555, 0x2023CFCE,
    0x55555555, 0x22CFCE55, 0x54545454, 0xCFCECE54, 0x53535353, 0xCACA5353, 0x53535353, 0xCA535353,
    0xCF20206C, 0x56CECFCF, 0xCFCF206D, 0x5656CECE, 0xCECF2020, 0x555555CE, 0x55CFCF20, 0x55555555,
    0x5555CFCF, 0x55555555, 0x5454CECF, 0x47545454, 0x535353CA, 0x46465353, 0x53535353, 0x3A465353,
    0x56565656, 0x3A3A4949, 0x49565656, 0x233A3A49, 0x48555555, 0x23233A3A, 0x47475555, 0x2223233A,
    0x3A474747, 0x2222233A, 0x3A3A3A47, 0x21222323, 0x23233A3A, 0x21222223, 0x2223233A, 0x21212222,
    0x2223233A, 0x37372021, 0x22222323, 0x37372021, 0x21222222, 0x37372021, 0x21212122, 0x37372020,
    0x20202121, 0x37373720, 0x37202021, 0x37373737, 0x37372020, 0x37373737, 0x38383820, 0x38383838,
    0x6C6C6C37, 0x6C6C6C6C, 0x6D6D6D37, 0x6D6D6D6D, 0x6D6D6D37, 0x6D6D6D6D, 0x6D6D6D37, 0x6D6D6D6D,
    0x6D6D6D37, 0x6D6D6D6D, 0x6D6D6D37, 0x6D6D6D6D, 0x6E6E6E37, 0x6E6E6E6E, 0x6E6E6E38, 0x6E6E6E6E,
    0x74726D6C, 0x6C6C6D74, 0x72706D6D, 0x6D6D6E72, 0x726D6D6D, 0x6D6D6D70, 0x6D6D6D6D, 0x6D6D6D6D,
    0x6D6D6D6D, 0x6D6D6D6D, 0x6D6D6D6D, 0x6D6D6D6D, 0x6E70706E, 0x6E6E6E6E, 0x7B7B716E, 0x70727274,
    0x6E6E6E6E, 0x6E6E6E6E, 0x6E6E6E6E, 0x6E6E6E6E, 0x6E6E6E6E, 0x6E6E6E6E, 0x6E6E6E6E, 0x6E6E6E6E,
    0x6E6E6E6E, 0x6E6E6E6E, 0x70707070, 0x70707070, 0x70707070, 0x70707070, 0x70707070, 0x70707070,
    0x6E6E6E6E, 0x6E6E6E6E, 0x6E6E6E6E, 0x6E6E6E6E, 0x6E6E6E6E, 0x6E6E6E6E, 0x6E6E6E6E, 0x6E6E6E6E,
    0x6E6E6E6E, 0x6E6E6E6E, 0x70707070, 0x70707070, 0x70707070, 0x70707070, 0x70707070, 0x70707070,
    0x6E6E6E6E, 0x53CE206E, 0x6E6E6E6E, 0x52CE206E, 0x6E6E6E6E, 0x52CE206E, 0x6E6E6E6E, 0x51CE206E,
    0x6E6E6E6E, 0x51CE206E, 0x70707070, 0x51CC2070, 0x70707070, 0x51CC2070, 0x70707070, 0x50CC2070,
    0x53535353, 0x46535353, 0x52525252, 0x46525252, 0x52525252, 0x46525252, 0x51515151, 0x42515151,
    0x51515151, 0x42515151, 0x51515151, 0x42515151, 0x51515151, 0x42515151, 0x50505050, 0x42505050,
    0x233A3A46, 0x53535353, 0x23233A3A, 0x52525222, 0x2223233A, 0x5252CE22, 0x2222233A, 0x51422121,
    0x2122233A, 0x3A202021, 0x2122233A, 0x20202020, 0x2122233A, 0x205C5C20, 0x2122233A, 0x5C5C5C20,
    0xCA535353, 0x5353CACA, 0x52525252, 0x525252CA, 0x52525252, 0x52525252, 0x51515151, 0x51515151,
    0x51515151, 0x51515151, 0x51515123, 0x51515151, 0x51512220, 0x51515151, 0x50CC2020, 0x50505050,
    0x53535353, 0x53535353, 0x52525252, 0x52525252, 0x52525252, 0x52525252, 0x51515151, 0x51515151,
    0x51515151, 0x51515151, 0x51515151, 0x51515151, 0x51515151, 0x51515151, 0x50505050, 0x50505050,
    0x22233A46, 0x53CE2021, 0x22233A46, 0x52CE2021, 0x22233A46, 0x52CE2021, 0x22233A42, 0x51CE2021,
    0x22233A42, 0x51CE2021, 0x22233A42, 0x51CC2021, 0x22233A42, 0x51CC2021, 0x22233A42, 0x50CC2021,
    0x53535353, 0x46535353, 0x52525252, 0x46525252, 0x52525252, 0x46525252, 0x51515151, 0x42515151,
    0x51515151, 0x42515151, 0x51515151, 0x42515151, 0x51515151, 0x42515151, 0x50505050, 0x42505050,
    0x2122233A, 0x61383820, 0x2122233A, 0x84635C20, 0x2122233A, 0x948E8320, 0x2122233A, 0x94949020,
    0x2122233A, 0x94949420, 0x2122233A, 0x94908520, 0x2122233A, 0x85796120, 0x2122233A, 0x78615C20,
    0xFAF6E0BD, 0xCE20F8FB, 0xFDFDFDF6, 0xCE20FDFD, 0xFDFDFDFD, 0xCE20FDFD, 0xFDFDFDFD, 0xCE20FDFD,
    0xFDFDFDFD, 0xCE20FDFD, 0xFDFDFDFD, 0xCC20FDFD, 0xFDFDFDFB, 0xCC20FCFC, 0xD5E0EEE0, 0xCC20AEAE,
    0x53535353, 0x53535353, 0x52525252, 0x52525252, 0x52525252, 0x52525252, 0x51515151, 0x51515151,
    0x51515151, 0x51515151, 0x51515151, 0x51515151, 0x51515151, 0x51515151, 0x50505050, 0x50505050,
    0x22233A46, 0x53CE2021, 0x22233A46, 0x52CE2021, 0x22233A46, 0x52CE2021, 0x22233A42, 0x51CE2021,
    0x22233A42, 0x51CE2021, 0x22233A42, 0x51CC2021, 0x22233A42, 0x51CC2021, 0x22233A42, 0x50CC2021,
    0x53535353, 0x53535353, 0x52525252, 0x52525252, 0x52525252, 0x52525252, 0x51515151, 0x51515151,
    0x51515151, 0x42515151, 0x51515151, 0x42515151, 0x51515151, 0x42515151, 0x50505050, 0x42505050,
    0xCACA5353, 0xCACACACA, 0x52525252, 0x52525252, 0x46464652, 0x46464646, 0x3A3A4242, 0x3A3A3A3A,
    0x233A3A42, 0x23232323, 0x23233A3A, 0x22222222, 0x2223233A, 0x21212122, 0x2222233A, 0x20202121,
    0xCACACACA, 0x535353CA, 0x52525252, 0x52525252, 0x46464646, 0x52525252, 0x3A3A3A3A, 0x5151513A,
    0x23232323, 0x51512323, 0x22222222, 0x51222222, 0x21212121, 0xCC212121, 0x20202020, 0xCC202020,
    0x53535353, 0x23233A3A, 0x52525252, 0x222323CE, 0x52525252, 0x2222CE52, 0x51515151, 0xCECECACA,
    0x51515151, 0xA4A4A451, 0x51515151, 0xA4A45151, 0x51515151, 0x51515151, 0x50505050, 0x50505050,
    0x21222222, 0x53CE2021, 0x21212122, 0x52CE2020, 0x20202121, 0x52CE2020, 0x38202021, 0x51CE2038,
    0x5C2020CE, 0x51CE205C, 0x20203AA4, 0x51CC205C, 0x20233AA4, 0x51CC2020, 0x22233A42, 0x50CC2020,
    0x53535353, 0x53535353, 0x52525252, 0x46525252, 0x52525252, 0x46525252, 0x51515151, 0x42515151,
    0x51515151, 0x42515151, 0x51515151, 0x42515151, 0x51515151, 0x42515151, 0x50505050, 0x42505050,
    0x3A3A4646, 0x3A3A3A3A, 0x233A3A46, 0x23232323, 0x23233A3A, 0x22222222, 0x2223233A, 0x21212122,
    0x2222233A, 0x20202121, 0x2122233A, 0x5C202021, 0x2122233A, 0x5C5C2020, 0x2122233A, 0x5C5C5C20,
    0x3A3A3A3A, 0x5353533A, 0x23232323, 0x52522323, 0x22222222, 0x52222222, 0x21212121, 0xCE212121,
    0x20202020, 0xCE202020, 0x5C5C5C5C, 0xCC205C5C, 0x5C5C5C5C, 0xCC205C5C, 0x5C5C5C5C, 0xCC205C5C,
    0x53535353, 0xCECECACA, 0x52525252, 0xCACACA52, 0x52525252, 0xCACA5252, 0x51515151, 0x51515151,
    0x51515151, 0x51515151, 0x51515151, 0x51515151, 0x51515151, 0x51515151, 0x50505050, 0x50505050,
    0x38202021, 0x38383838, 0x382020CE, 0x38383838, 0x20203ACA, 0x38383838, 0x20233ACA, 0x38383820,
    0x22233A42, 0x6E6E2020, 0x22233A42, 0x70702021, 0x22233A42, 0x70702021, 0x22233A42, 0x70702021,
    0x6E6E6E38, 0x20206E6E, 0x6E6E6E38, 0x206E6E6E, 0x6E6E6E38, 0x6E6E6E6E, 0x6E6E6E6E, 0x6E6E6E6E,
    0x6E6E6E6E, 0x6E6E6E6E, 0x70707070, 0x70707070, 0x70707070, 0x70707070, 0x70707070, 0x70707070,
    0x535353CE, 0x53535353, 0x52524620, 0x52525252, 0x523A2020, 0x52525252, 0x2320206E, 0x51515151,
    0x20206E6E, 0x51515122, 0x20707070, 0x5151CC20, 0x70707070, 0x5151CC20, 0x70707070, 0x5050CC20,
    0x53535353, 0x3A464653, 0x46525252, 0x3A3A4646, 0x46465252, 0x233A3A3A, 0x3A424251, 0x2323233A,
    0x3A3A4251, 0x22222323, 0x233A4251, 0x21222223, 0x233A4251, 0x21212222, 0x233A4250, 0x20212122,
    0x22222323, 0x20212121, 0x21222223, 0x20202021, 0x21212223, 0x38382020, 0x20212222, 0x38383820,
    0x20212122, 0x5C5C5C5C, 0x20202121, 0x5C5C5C5C, 0x5C202020, 0x5C5C5C5C, 0x5C5C5C20, 0x5C5C5C5C,
    0x38383820, 0x38383838, 0x38383838, 0x746E3838, 0x38383838, 0x80746E38, 0x38383838, 0x8C89726E,
    0x5C5C5C5C, 0xE0DCAE74, 0x705C5C5C, 0xE3DCAE7B, 0x7070705C, 0xBDAD8070, 0x70707070, 0xAB8B7E70,
    0x70706E6E, 0x6E6E6E6E, 0x72748080, 0x6E6E6E6E, 0x7D7D8089, 0xAE918980, 0x807D8089, 0xF3E2D591,
    0x898CBCDC, 0xDCDCBDAD, 0xAEBDDCE2, 0xAEAEBBAE, 0xE0E0DCD5, 0x7E89ADD5, 0xE2E0D5BA, 0x70728BD5,
    0x91917B6E, 0x7074808B, 0xDCD5917B, 0x6E7BAECB, 0xDCDBD5AE, 0x7089AECB, 0xDCDCE2EF, 0x728BAED5,
    0xEFE2DCDC, 0x7191D5E2, 0xE3DCD5AE, 0x74ADD5E2, 0xDCD5AD89, 0xAEBDD5DB, 0xDBBD8C74, 0xEFE3E0DC,
    0x70707070, 0x70707070, 0x71717171, 0x71717171, 0x71717171, 0x71717171, 0x71717171, 0x71717172,
    0x71717171, 0x76727276, 0x71717171, 0x877E7676, 0x71717171, 0x7E7D7D76, 0x71717171, 0x71717272,
    0x70707070, 0x70707070, 0x71717171, 0x71717171, 0x71717171, 0x71717171, 0x72727271, 0x71717272,
    0x7E80807E, 0x71717376, 0x878C8C8B, 0x7171727D, 0x71768080, 0x71717171, 0x71717171, 0x71717171,
    0x70707070, 0x4FCC2070, 0x71717171, 0x4EA42071, 0x71717171, 0x4EA42071, 0x71717171, 0x4DA42071,
    0x71717171, 0x4DA42071, 0x71717171, 0x4DA42071, 0x71717676, 0x4DA42071, 0x71717172, 0x45A42071,
    0x4F4F4F4F, 0x424F4F4F, 0x4E4E4E4E, 0x424E4E4E, 0x4E4E4E4E, 0x404E4E4E, 0x4D4D4D4D, 0x404D4D4D,
    0x4D4D4D4D, 0x404D4D4D, 0x4D4D4D4D, 0x3E4D4D4D, 0x4D4D4D4D, 0x3E4D4D4D, 0x45454545, 0x3E454545,
    0x2122233A, 0x5C5C5C20, 0x2122233A, 0x5C5C5C20, 0x2122233A, 0x5C5C5C20, 0x2122233A, 0x5C5C5C20,
    0x2122233A, 0x5C5C5C20, 0x2122233A, 0x5C5C5C20, 0x2122233A, 0x5C5C5C20, 0x2122233A, 0x5C5C5C20,
    0x4220205C, 0x4F4F4F4F, 0x2020715C, 0x4E4E4E3A, 0x20717171, 0x4E4E2320, 0x71717171, 0x4D222020,
    0x71717171, 0xA4202071, 0x71717171, 0xA4207171, 0x71717171, 0xA4207171, 0x71717171, 0xA4207171,
    0x4F4F4F4F, 0x4F4F4F4F, 0x4E4E4E4E, 0x4E4E4E4E, 0x4E4E4E4E, 0x4E4E4E4E, 0x4D4D4D4D, 0x4D4D4D4D,
    0x4D4D4D4D, 0x4D4D4D4D, 0x4D4D4D4D, 0x4D4D4D4D, 0x4D4D4D4D, 0x4D4D4D4D, 0x45454545, 0x45454545,
    0x22233A42, 0x4FCC2021, 0x22233A42, 0x4EA42021, 0x22233A40, 0x4EA42021, 0x22233A40, 0x4DA42021,
    0x22233A40, 0x4DA42021, 0x22233A3E, 0x4DA42021, 0x22233A3E, 0x4DA42021, 0x22233A3E, 0x3E202021,
    0x4F4F4F4F, 0x4F4F4F4F, 0x4E4E4E4E, 0x4E4E4E4E, 0x4E4E4E4E, 0x4E4E4E4E, 0x4D4D4D4D, 0x4D4D4D4D,
    0x4D4D4D4D, 0x4D4D4D4D, 0x4D4D4D4D, 0x4D4D4D4D, 0x4D4D4D4D, 0x4D4D4D4D, 0x45454545, 0x45454545,
    0x2122233A, 0x5F5C5C20, 0x212223A4, 0x5C5C5C20, 0x2122A4A1, 0x20202020, 0xA4A4A1A1, 0xA4A4A4A4,
    0xA1A1A14D, 0xA1A1A1A1, 0xA1A14D4D, 0xA1A1A1A1, 0x4D4D4D4D, 0x4D4D4D4D, 0x45454545, 0x45454545,
    0x80ADBAAD, 0xCC202072, 0x71717171, 0xA4A42020, 0x20202020, 0x4EA4A420, 0xA4A4A4A4, 0x4DA1A4A4,
    0xA1A1A1A1, 0x4D4DA1A1, 0xA1A1A1A1, 0x4D4D4DA1, 0x4D4D4D4D, 0x4D4D4D4D, 0x45454545, 0x45454545,
    0x4F4F4F4F, 0x4F4F4F4F, 0x4E4E4E4E, 0x4E4E4E4E, 0x4E4E4E4E, 0x4E4E4E4E, 0x4D4D4D4D, 0x4D4D4D4D,
    0x4D4D4D4D, 0x4D4D4D4D, 0x4D4D4D4D, 0x4D4D4D4D, 0x4D4D4D4D, 0x3E4D4D4D, 0x45454545, 0x3E3E3E45,
    0x22233A42, 0x4FCC2021, 0x22233A42, 0x4EA42021, 0x22233A40, 0x4EA42021, 0x22233A40, 0x4DA42021,
    0x22233A40, 0x4DA42021, 0x22233A3E, 0x4DA42021, 0x22233A3E, 0x4DA42021, 0x22233A3A, 0x45A42021,
    0x4F4F4F4F, 0x424F4F4F, 0x4E4E4E4E, 0x424E4E4E, 0x4E4E4E4E, 0x404E4E4E, 0x4D4D4D4D, 0x404D4D4D,
    0x4D4D4D4D, 0x404D4D4D, 0x4D4D4D4D, 0x3E4D4D4D, 0x4D4D4D4D, 0x3E4D4D4D, 0x45454545, 0x45454545,
    0x2122233A, 0x5C202021, 0x2122233A, 0x5C5C2020, 0x2122233A, 0x5C5C5C20, 0x2122233A, 0x5C5C5C20,
    0x2122233A, 0x5C5C5C20, 0x2122233A, 0x5C5C5C20, 0x2122233A, 0x5C5C5C20, 0x2122233A, 0x5C5C5C20,
    0x5C5C5C5C, 0xCC205C5C, 0x5C5C5C5C, 0xA4205C5C, 0x5C5C5C5C, 0xA4205C5C, 0x5C5C5C5C, 0xA4205C5C,
    0x71715C5C, 0xA4207171, 0x7171715C, 0xA4207171, 0x71717171, 0xA4207171, 0x71717171, 0xA4202071,
    0x4F4F4F4F, 0x4F4F4F4F, 0x4E4E4E4E, 0x4E4E4E4E, 0x4E4E4E4E, 0x4E4E4E4E, 0x4D4D4D4D, 0x4D4D4D4D,
    0x4D4D4D4D, 0x4D4D4D4D, 0x4D4D4D4D, 0x4D4D4D4D, 0x4D4D4D4D, 0x4D4D4D4D, 0x45454545, 0x45454545,
    0x22233A42, 0x4FCC2021, 0x22233A42, 0x4EA42021, 0x22233A40, 0x4EA42021, 0x22233A40, 0x4DA42021,
    0x22233A40, 0x4DA42021, 0x22233A3E, 0x4DA42021, 0x22233A3E, 0x4DA42021, 0x22233A3E, 0x45A42021,
    0x4F4F4F4F, 0x424F4F4F, 0x4E4E4E4E, 0x424E4E4E, 0x4E4E4E4E, 0x404E4E4E, 0x4D4D4D4D, 0x404D4D4D,
    0x4D4D4D4D, 0x4D4D4D4D, 0x4D4D4D4D, 0x4D4D4D4D, 0x4D4D4D4D, 0x4D4D4D4D, 0x45454545, 0x45454545,
    0x2122233A, 0x5C5C5C20, 0x2122233A, 0x5C5C5C20, 0x2122233A, 0x5C5C5C20, 0x2122233A, 0x5C5C5C20,
    0x2122233A, 0x5C5C5C20, 0x212223A4, 0x5C5C5C20, 0x2122A4A1, 0x20202020, 0xA4A4A1A1, 0xA4A4A4A4,
    0x5C5C5C5C, 0xCC205C5C, 0x71715C5C, 0xA4207171, 0x7171715C, 0xA4207171, 0x71717171, 0xA4207171,
    0x71717171, 0xA4202071, 0x71717171, 0xA4A42020, 0x20202020, 0x4DA4A420, 0xA4A4A4A4, 0x45A1A4A4,
    0x4F4F4F4F, 0x4F4F4F4F, 0x4E4E4E4E, 0x4E4E4E4E, 0x4E4E4E4E, 0x4E4E4E4E, 0x4D4D4D4D, 0x4D4D4D4D,
    0x4D4D4D4D, 0x4D4D4D4D, 0x4D4D4D4D, 0x3E4D4D4D, 0x4D4D4D4D, 0x3E3E3E4D, 0x45454545, 0x3A3A3E3E,
    0x22233A42, 0x705C2021, 0x22233A42, 0x5C5C2021, 0x22233A40, 0x5C5C2021, 0x22233A40, 0x5C5C2021,
    0x22233A40, 0x61782021, 0x22233A3E, 0x848E2021, 0x22233A3A, 0x84852021, 0x2223233A, 0x63782021,
    0x70707070, 0x70707070, 0x71717171, 0x71717171, 0x7171715C, 0x71717171, 0x7171715C, 0x71717171,
    0x7171715F, 0x20717171, 0x7589AD83, 0x20717171, 0x7187AE83, 0x20717171, 0x71717E63, 0x20717171,
    0x70707070, 0x4F4FCC20, 0x20717171, 0x4E4EA420, 0x20207171, 0x4E4EA4A4, 0xA4202020, 0x4D4D4DA4,
    0xA4A4A420, 0x4D4D4DA1, 0xA1A1A4A4, 0x4D4D4D4D, 0x4DA1A1A4, 0x4D4D4D4D, 0x454545A4, 0x45454545,
    0x233A424F, 0x20202122, 0x233A4E4E, 0x5C202122, 0x23A44E4E, 0x5C202122, 0xA4A14D4D, 0x5C202122,
    0xA1A14D4D, 0x2020A4A4, 0xA14D4D4D, 0x20A4A1A1, 0x4D4D4D4D, 0x3AA1A1A1, 0x45454545, 0x3AA14545,
    0x5C5C5C5C, 0x705C5C5C, 0x5C5C5C5C, 0x715C5C5C, 0x5C5C5C5C, 0x71715C5C, 0x5C5C5C5C, 0x71717171,
    0x715C5C5C, 0x71717171, 0x71715C20, 0x71717171, 0x71712020, 0x71717171, 0x71202023, 0x71717171,
    0x70707070, 0x76727170, 0x71717171, 0x71717171, 0x71717171, 0x71717171, 0x71717171, 0x71717171,
    0x71717171, 0x71717171, 0x71717171, 0x71717171, 0x71717171, 0x71717171, 0x71717171, 0x71717171,
    0xD5BD9180, 0x707289AE, 0x7E7D7271, 0x71717276, 0x71717171, 0x74737271, 0x72717171, 0x7E7D7674,
    0x918C7E71, 0x8080898C, 0xBDAEAB76, 0x767D89AE, 0x808C8C76, 0x72717172, 0x717E7E71, 0x71717171,
    0xBDAD8972, 0xF7F3E0D5, 0x8C807471, 0xE2DCD5AE, 0x80747273, 0xE0D5AEAB, 0x91807D7D, 0xF8EFDCAE,
    0xAE8B8080, 0xFCFAEFD5, 0xAD8B807D, 0xFCFBE3CB, 0x76767676, 0xF8E0AE89, 0x71717171, 0xE0D59176,
    0x72727272, 0x72727272, 0x72727272, 0x72727272, 0x72727272, 0x72728087, 0x74747474, 0x74747E7C,
    0x75757575, 0x757E8780, 0x7E7E7E7E, 0xAB918980, 0x8C898987, 0x878C9191, 0xB6AB8C89, 0x7587ABBA,
    0x72727272, 0x72727272, 0x72727272, 0x72727272, 0x72727272, 0x72727272, 0x74747474, 0x74747474,
    0x75757575, 0x75757575, 0x757C8991, 0x75757575, 0x7575767E, 0x75757575, 0x75757575, 0x75757575,
    0x72727272, 0x44A42072, 0x72727272, 0x44A42072, 0x72727272, 0x449A2072, 0x74747474, 0x449A2074,
    0x75757575, 0x439A2075, 0x75757575, 0x439A2075, 0x75757575, 0x3F9A2075, 0x75757575, 0x3B202075,
    0x44444444, 0x3C444444, 0x44444444, 0x3C444444, 0x44444444, 0x3C444444, 0x44444444, 0x3B444444,
    0x43434343, 0x3B434343, 0x43434343, 0x3B434343, 0x3F3F3F3F, 0x3B3B3F3F, 0x3B3B3B3B, 0x3A3B3B3B,
    0x2122233A, 0x5C5C5C20, 0x2122233A, 0x38383820, 0x2122233A, 0x38383820, 0x2122233A, 0x38383820,
    0x2122233A, 0x38383820, 0x2122233A, 0x5E5E5E20, 0x2122233A, 0x5E5E5E20, 0x2122233A, 0x5E5E5E20,
    0x72727272, 0xA4207272, 0x72727272, 0xA4207272, 0x72727272, 0x9A207272, 0x74747474, 0x9A207474,
    0x75757575, 0x9A207575, 0x75757575, 0x9A207575, 0x75757575, 0x9A207575, 0x75757575, 0x20207575,
    0x44444444, 0x44444444, 0x44444444, 0x44444444, 0x44444444, 0x44444444, 0x44444444, 0x44444444,
    0x43434343, 0x43434343, 0x43434343, 0x43434343, 0x3F3F3F3F, 0x3B3F3F3F, 0x3B3B3B3B, 0x3B3B3B3B,
    0x22233A3C, 0x20202021, 0x22233A3C, 0x20382021, 0x22233A3C, 0x38382021, 0x22233A3B, 0x38382021,
    0x22233A3B, 0x38382021, 0x22233A3B, 0x5E5E2021, 0x22233A3B, 0x5E5E2021, 0x22233A3A, 0x5E5E2021,
    0x4444443A, 0x44444444, 0x44442320, 0x44444444, 0x44222020, 0x44444444, 0x9A202038, 0x44444444,
    0x20207538, 0x3B3B3B3B, 0x2075755E, 0x3A3A3A20, 0x7575755E, 0x23232020, 0x7575755E, 0x22202075,
    0x44444444, 0x44444444, 0x44444444, 0x44444444, 0x44444444, 0x44444444, 0x44444444, 0x44444444,
    0x3B3B3B3B, 0x3B3B3B3B, 0x3A3A3A3A, 0x3A3A3A3A, 0x23232323, 0x23232323, 0x22222222, 0x22222222,
    0x44444444, 0x44444444, 0x44444444, 0x44444444, 0x44444444, 0x44444444, 0x44444444, 0x44444444,
    0x3B3B3B3B, 0x3B3B3B3B, 0x3A3A3A3A, 0x3A3A3A3A, 0x23232323, 0x23232323, 0x22222222, 0x22222222,
    0x44444444, 0x3A3A3C3C, 0x3C444444, 0x233A3A3C, 0x3C444444, 0x23233A3A, 0x3B3B4444, 0x2223233A,
    0x3A3B3B3B, 0x2222233A, 0x3A3A3A3A, 0x21222323, 0x23232323, 0x21222223, 0x22222222, 0x21212222,
    0x2223233A, 0x44A42021, 0x22222323, 0x44A42021, 0x21222222, 0x449A2021, 0x21212122, 0x449A2020,
    0x20202121, 0x439A2020, 0x5E202021, 0x439A205E, 0x5E5E2020, 0x3B20205E, 0x5E5E5E20, 0x20205E5E,
    0x44444444, 0x44444444, 0x44444444, 0x44444444, 0x44444444, 0x44444444, 0x44444444, 0x44444444,
    0x43434343, 0x43434343, 0x43434343, 0x43434343, 0x3B3B3B3B, 0x3B3B3B3B, 0x3A3A3A3A, 0x3A3A3A3A,
    0x212223A4, 0x5C5C5C20, 0x2122A49A, 0x20202020, 0x9A9A9A9A, 0x9A9A9A9A, 0x99999944, 0x99999999,
    0x99994343, 0x99999999, 0x43434343, 0x43434343, 0x3B3B3B3B, 0x3B3B3B3B, 0x3A3A3A3A, 0x3A3A3A3A,
    0x72727272, 0xA4A42020, 0x20202020, 0x44A4A420, 0x9A9A9A9A, 0x449A9A9A, 0x99999999, 0x44449999,
    0x99999999, 0x43434399, 0x43434343, 0x43434343, 0x3B3B3B3B, 0x3B3B3B3B, 0x3A3A3A3A, 0x3A3A3A3A,
    0x44444444, 0x3C444444, 0x44444444, 0x3C3C3C44, 0x44444444, 0x3A3A3C3C, 0x3B444444, 0x233A3A3B,
    0x3B434343, 0x23233A3A, 0x3B3B4343, 0x2223233A, 0x3A3B3B3B, 0x2222233A, 0x3A3A3A3A, 0x21222323,
    0x22233A3C, 0x44A42021, 0x22233A3A, 0x44A42021, 0x2223233A, 0x449A2021, 0x22222323, 0x3B202021,
    0x21222222, 0x20202021, 0x21212122, 0x205E2020, 0x20202121, 0x5E5E5E20, 0x5E202021, 0x5E5E5E5E,
    0x44444444, 0x44444444, 0x44444444, 0x44444444, 0x44444444, 0x44444444, 0x3B3B3B3B, 0x3B3B3B3B,
    0x3A3A3A3A, 0x3A3A3A3A, 0x23232320, 0x23232323, 0x22222020, 0x22222222, 0x2120205E, 0x21212121,
    0xA1A1A144, 0xA1A1A1A1, 0x9A9A4444, 0x9A9A9A9A, 0x44444444, 0x44444444, 0x3B3B3B3B, 0x3B3B3B3B,
    0x3A3A3A3A, 0x3A3A3A3A, 0x23232323, 0x23232323, 0x22222222, 0x22222222, 0x21212121, 0x21212121,
    0xA1A1A1A1, 0x4444A1A1, 0x9A9A9A9A, 0x4444449A, 0x44444444, 0x44444444, 0x3B3B3B3B, 0x3B3B3B3B,
    0x3A3A3A3A, 0x3A3A3A3A, 0x23232323, 0x23232323, 0x22222222, 0x22222222, 0x21212121, 0x21212121,
    0x3C444444, 0x233A3A3C, 0x3C444444, 0x23233A3A, 0x3C3C4444, 0x2223233A, 0x3A3B3B3B, 0x2222233A,
    0x3A3A3A3A, 0x21222323, 0x23232323, 0x21222223, 0x22222222, 0x21212222, 0x21212121, 0x20212121,
    0x22222323, 0x5C5C2021, 0x21222222, 0x38382021, 0x21212122, 0x38382020, 0x20202121, 0x38383820,
    0x38202021, 0x6161615F, 0x5E5E2020, 0x5E616161, 0x78636320, 0x61637878, 0x8E8E8520, 0x78798484,
    0x7272725C, 0x20727272, 0x72727238, 0x20727272, 0x72727238, 0x20727272, 0x74747438, 0x20747474,
    0x7575755E, 0x20757575, 0x7575755E, 0x20757575, 0x7575755F, 0x75757575, 0x75758091, 0x75757575,
    0x444444A4, 0x44444444, 0x444444A4, 0x44444444, 0x4444449A, 0x44444444, 0x4444449A, 0x44444444,
    0x4343439A, 0x43434343, 0x3B3B3B20, 0x3B3B3B3B, 0x3A3A2020, 0x3A3A3A3A, 0x23202075, 0x23232323,
    0x44444444, 0x3A3C4444, 0x44444444, 0x3A3C4444, 0x44444444, 0x3A3C4444, 0x44444444, 0x3A3B4444,
    0x43434343, 0x3A3B3B43, 0x3B3B3B3B, 0x3A3A3B3B, 0x3A3A3A3A, 0x233A3A3A, 0x23232323, 0x23232323,
    0x20202223, 0x72727272, 0x20212223, 0x72727272, 0x20212223, 0x72727272, 0x20212223, 0x74747474,
    0x20212223, 0x75757538, 0x20212223, 0x75755E5E, 0x20212223, 0x755E5E5E, 0x20212222, 0x755E5E5E,
    0x72727272, 0x72727272, 0x72727272, 0x72727272, 0x72727272, 0x72727272, 0x74747474, 0x74747474,
    0x75757575, 0x75757575, 0x75757575, 0x75757575, 0x75757575, 0xBCB68C75, 0xAB7E7575, 0xFAEEDBBC,
    0x72757272, 0x72727272, 0x72727272, 0x72727272, 0x72727272, 0x72727272, 0x74747474, 0x8C767474,
    0x75757575, 0xF4DC9175, 0x7E757575, 0xFCFBE0AE, 0xEFE0DCD5, 0xFCFCFBF8, 0xFCFCFBFB, 0xFDFDFCFC,
    0x76727272, 0xD5BDAD89, 0x76727272, 0xBDBCAB87, 0x76727272, 0xADAD8C80, 0x747E8991, 0x877E7574,
    0x7CABD5F0, 0x7E767575, 0xBAD5F4FC, 0x7E898CAB, 0xF4FAFCFC, 0xAEBFDCEE, 0xFCFCFBFB, 0xD5E3FAFC,
    0x8CADBCBD, 0x75767E87, 0xBCD5E0EE, 0x898C91AD, 0xF0F4F4F4, 0xDBDCE0EE, 0xFAF8F7F5, 0xE0E3F4F8,
    0xFBFAF7F7, 0xDCE3F6FA, 0xF4F3EFEF, 0xADBDDBE3, 0xE0E2E3E3, 0x89ABBBD5, 0xDBDEE0E0, 0xABADBABD,
    0x75757575, 0x75757575, 0x76808789, 0x75757575, 0x8CBBD5D5, 0x75757576, 0x89BAD5DB, 0x76767676,
    0x7EABBCD5, 0x76767676, 0x7676878C, 0x76767676, 0x76767687, 0x76767676, 0x7C7C878C, 0x7C7C7C7C,
    0x75757575, 0x20207575, 0x75757575, 0x20757575, 0x75757575, 0x75757575, 0x76767676, 0x76767676,
    0x76767676, 0x76767676, 0x76767676, 0x76767676, 0x76767676, 0x76767676, 0x7C7C7C7C, 0x7C7C7C7C,
    0x3A3A3A3A, 0x3A3A3A3A, 0x23232320, 0x23232323, 0x22222020, 0x22222222, 0x21202076, 0x21212121,
    0x20207676, 0x20202020, 0x76767676, 0x5E5E5E5E, 0x76767676, 0x5E5E5E76, 0x7C7C7C7C, 0x5E5E7C7C,
    0x21222323, 0x5E5E5E20, 0x21222223, 0x5E5E5E20, 0x21212222, 0x5E5E5E20, 0x20212121, 0x5E5E5E20,
    0x20202020, 0x5E5E5E5E, 0x5E5E5E5E, 0x5E5E5E5E, 0x5E5E5E5E, 0x5E5E5E5E, 0x5E5E5E5E, 0x5E5E5E5E,
    0x75757575, 0x20757575, 0x75757575, 0x75757575, 0x75757575, 0x75757575, 0x76767676, 0x76767676,
    0x76767676, 0x76767676, 0x76767676, 0x76767676, 0x76767676, 0x76767676, 0x7C7C7C7C, 0x7C7C7C7C,
    0x3A3A3A20, 0x3A3A3A3A, 0x23232020, 0x23232323, 0x22202075, 0x22222222, 0x20207676, 0x21212121,
    0x20767676, 0x20202020, 0x76767676, 0x5E5E5E76, 0x76767676, 0x5E5E7676, 0x7C7C7C7C, 0x5E7C7C7C,
    0x2223233A, 0x5E5E2021, 0x22222323, 0x5E5E2021, 0x21222222, 0x5E5E2021, 0x21212121, 0x5E5E2020,
    0x20202020, 0x5E5E5E20, 0x5E5E5E5E, 0x5E5E5E5E, 0x5E5E5E5E, 0x5E5E5E5E, 0x5E5E5E5E, 0x5E5E5E5E,
    0x7575755E, 0x20207575, 0x7575755E, 0x20757575, 0x7575755E, 0x75757575, 0x7676765E, 0x76767676,
    0x7676765E, 0x76767676, 0x7676765E, 0x76767676, 0x7676765E, 0x7E767676, 0x7C7C7C5E, 0xBFBC8C7C,
    0x21212121, 0x21212121, 0x20202020, 0x20202020, 0x5E5E5E75, 0x5E5E5E5E, 0x5E5E7676, 0x605E5E5E,
    0x5E767676, 0x7863615E, 0x76767676, 0x6663615E, 0x7C7C7E87, 0x8C8C897E, 0x898CAEBD, 0x8CAB8C89,
    0x21212121, 0x21212121, 0x20202020, 0x20202020, 0x5E5F5F5E, 0x5E5E5E5E, 0x63666663, 0x61606061,
    0x78787879, 0x63636363, 0x63636666, 0x61616363, 0x8989898C, 0x7C7C8789, 0x8C898789, 0x7C7E878C,
    0x21212121, 0x20212121, 0x20202020, 0x20202020, 0x605F5E5E, 0x60616161, 0x63636361, 0x63637878,
    0x63636363, 0x20202063, 0x63636363, 0xD3D32063, 0x7E7E7C7C, 0xD0D3207C, 0x7C7C7C7C, 0xCED2207C,
    0x5E5E5E20, 0x205E5E5E, 0x20202020, 0x20202020, 0xD4D4D420, 0xD4D4D4D4, 0x5A5AD320, 0x5A5A5A5A,
    0x4A4AD320, 0x4A4A4A4A, 0x3A3A20D3, 0x3A3A3A3A, 0x23203AD0, 0x23232323, 0x20233ACE, 0x22222222,
    0x23232320, 0x23232323, 0x22202020, 0x22222222, 0x2020D4D4, 0x20212121, 0x203A4A5A, 0x20202020,
    0x233A5A4A, 0x205E2020, 0xD3D33A3A, 0x202020D3, 0x58D32323, 0x20203A49, 0x49D22222, 0x20233A49,
    0x23232323, 0x23232323, 0x22222222, 0x22222222, 0x20202020, 0x20202020, 0xD3D3D3D3, 0xD3D3D3D3,
    0xD0D0D0D3, 0x5A5A5A5A, 0x4AD0D0D3, 0x4A4A4A4A, 0x494958D3, 0x3A3A3A3A, 0x3A4957D2, 0x2323233A,
    0x23232323, 0x23232323, 0x22222222, 0x22222222, 0x20202020, 0x21212120, 0xD3D3D3D3, 0x20202020,
    0x4A5A5A5A, 0x5E20203A, 0x594A4A4A, 0x2020233A, 0x3A3A3A3A, 0x20D3D3D3, 0x23232323, 0x3ACECED2,
    0x23232323, 0x21222223, 0x22222222, 0x20202020, 0x21212121, 0xD4D4D420, 0x20202020, 0x5A5AD320,
    0x2020205E, 0x4A4AD320, 0xD3D3205E, 0x3A3A20D3, 0xD0D32020, 0x23203AD0, 0xCED22020, 0x20233ACE,
    0x5E5E2020, 0x5E5E5E5E, 0x20202020, 0x5E202020, 0xD4D4D4D4, 0x2020D4D4, 0x5A5A5A5A, 0x203A4A5A,
    0x4A4A4A4A, 0x233A5A4A, 0x3A3A3A3A, 0xD3D33A3A, 0x23232323, 0xD0D32323, 0x22222222, 0xCED22222,
    0x2020755E, 0x20202020, 0x7575755E, 0x5E5E5E5E, 0x75757575, 0x5E5E5E75, 0x76767620, 0x5E5E7676,
    0x76762020, 0x78AD8776, 0x7C2020D3, 0xE0E0D5AB, 0x20203AD0, 0xF5F5E2D5, 0x20233ACE, 0xE0E0DB20,
    0x20202020, 0x20202020, 0x5E5E5E5E, 0x5E5E5E5E, 0x5E5E5E5E, 0x5F605F5E, 0x61615F5F, 0x60616163,
    0x78636378, 0x60616378, 0xDBD5DBDC, 0xD5DBDCDC, 0xEFE3EFF3, 0xE3EFF3EF, 0xF4F3EFE2, 0xD5DCE2F0,
    0x20202020, 0x20202020, 0x8478615E, 0x83798384, 0x63615F5F, 0x63636378, 0x6361605F, 0x5E5F6363,
    0x63636160, 0x5E5E6163, 0xAB8CABBA, 0x7687ABAD, 0xABADBCDB, 0x7C89ABAD, 0xAEBCBFD5, 0x7C7C8CAD,
    0x20202020, 0x20202020, 0x94948F84, 0x8F909094, 0x8E847963, 0x8F8F8F8F, 0x8478615E, 0x8F8F8F8F,
    0x84785E5E, 0x8E8E8F8F, 0x8C7E7676, 0xE3E0DBBC, 0x7C767676, 0xBDAE8C89, 0xAB8C7E7C, 0x877C7F8C,
    0x9090908F, 0xABAE848F, 0x908F8F8F, 0xADAEE08F, 0x8F8F8F8F, 0xD5DBE0EF, 0x8E8F8F8F, 0xD5D5DCE2,
    0xE38E8E8F, 0xD5D5D5DC, 0xEFF3F6F4, 0xBDBDD5DC, 0xDCE2E2DC, 0xB6ADADBD, 0xABBABBB3, 0x8C898787,
    0xB6BBAEAB, 0x75757E8C, 0xBDD5BDAE, 0x7E8791BA, 0x8CADBBBD, 0x8C8C8C89, 0xAEBCBDD5, 0xADABABAD,
    0xDCDCDCDB, 0xBDBDBDD5, 0xDCDCDBD5, 0xF0E0E0DC, 0xD5BFBCBA, 0xFBF8EFE0, 0xBDBAADAB, 0xFBFAF4DE,
    0x20207575, 0x22222222, 0x2075757C, 0x21212120, 0x757C878C, 0x20202020, 0x898C8CAB, 0x61618789,
    0xD5D5D5D5, 0x79BDBFD5, 0xF0F0F0F0, 0xFAFAF8F4, 0xFBFAFBFB, 0xFAFBFCFB, 0xFAFAFAFB, 0xFAFAFBFB,
    0x22222222, 0x22222222, 0x21212121, 0x21212121, 0x20202020, 0x20202020, 0x83797863, 0x908F8584,
    0x8F8E8483, 0x9094908F, 0x94949090, 0x90909494, 0x949490FA, 0x90909494, 0xFDFBFAFA, 0xFBFBFBFC,
    0x20212122, 0x89615E5E, 0x20202121, 0x91636160, 0x79202020, 0xAE787879, 0x858F8F90, 0xD5838484,
    0x90909090, 0xF08F8F8F, 0x90909090, 0xF08F9090, 0x94909090, 0xFAFB9090, 0xFDFBFBFA, 0xFAFBFAFB,
    0xBDBA9189, 0xFBF4DED5, 0xBCBAAD91, 0xFBEFDBBD, 0x8CABADAD, 0xF0BDAD91, 0xB6BABCBD, 0xEEBCADAB,
    0xDBDCE0E2, 0xF4DBBDBF, 0xF0F0EEEE, 0xF4E0E0ED, 0xFBFBFAF8, 0xFBFAFAFA, 0xFBFAF9FA, 0xFBFBFBFB,
    0xFDFCFBFB, 0xFCFDFCFC, 0xFCFCFCFB, 0xFBFBFCFD, 0xFCFCFCFB, 0xFBFCFDFD, 0xFCFCFBFB, 0xFBFCFDFD,
    0xFDFCFBFB, 0xFBFCFDFD, 0xFDFCFBFB, 0xFBFBFDFD, 0xFCFBFBFA, 0xFAFBFBFB, 0xFBFBFBFA, 0xFAFAFAFA,
    0xFCFCFBFB, 0xD5E2F6FC, 0xFCFCFBFB, 0xDCEEF6FA, 0xFCFCFBFB, 0xF6FBFCFC, 0xFCFCFBFB, 0xF7FAFBFB,
    0xFBFBFBFB, 0xF5FAFBFB, 0xFBFBFAFA, 0xFAFBFBFB, 0xFAFAFAFA, 0xFAFAFAFA, 0xFAFAFAFA, 0xFBFAFAFA,
    0x8CB6BABA, 0x7E7C7C87, 0x7C7C7C7E, 0x7C7C7C7C, 0x7C7C7C7C, 0x7C7C7C7C, 0x7C7C7C7C, 0x7C7C7C7C,
    0x7C7C7C7C, 0x7C7C7C7C, 0x7C7C7C7C, 0x7C7C7C7C, 0x7E7E7E7E, 0x897E7E7E, 0x7E7E7E7E, 0xAB897F7E,
    0x7C7C7C7E, 0x7C7C7C7C, 0x7C7C7C7C, 0x7C7C7C7C, 0x7C7C7C7C, 0x7C7C7C7C, 0x7C7C7C7C, 0x7C7C7C7C,
    0x7C7C7C7C, 0x7C7C7C7C, 0x7C7C7C7C, 0x7C7C7C7C, 0x7F8CB6B3, 0x7E7E7E7E, 0x8CABB6AB, 0x7E7E7E7F,
    0x7C7C7C7C, 0x7C7C7C7C, 0x7C7C7C7C, 0x7C7C7C7C, 0x7C7C7C7C, 0x7C7C7C7C, 0x7C7C7C7C, 0x7C7C7C7C,
    0x7C7C7C7C, 0x7C7C7C7C, 0x7C7C7C7C, 0x7C7C7C7C, 0x7E7E7E7E, 0x7E7E7E7E, 0x7E7E7E7E, 0x7E7E7E7E,
    0x7C7C7C7C, 0x5E7C7C7C, 0x7C7C7C7C, 0x7C7C7C7C, 0x7C7C7C7C, 0x7C7C7C7C, 0x7C7C7C7C, 0x7C7C7C7C,
    0x7C7C7C7C, 0x7C7C7C7C, 0x7C7C7C7C, 0x7C7C7C7C, 0x7E7E7E7E, 0x7E7E7E7E, 0x7E7E7E7E, 0x7E7E7E7E,
    0x5E5E5E5E, 0x7C5E5E5E, 0x7C7C7C7C, 0x7C7C7C7C, 0x7C7C7C7C, 0x7C7C7C7C, 0x7C7C7C7C, 0x7C7C7C7C,
    0x7C7C7C7C, 0x7C7C7C7C, 0x7C7C7C7C, 0x7C7C7C7C, 0x7E7E7E7E, 0x7E7E7E7E, 0x7E7E7E7E, 0x7E7E7E7E,
    0x7C7C7C7C, 0x7C7C7C7C, 0x7C7C7C7C, 0x7C7C7C7C, 0x7C7C7C7C, 0x7C7C7C7C, 0x7C7C7C7C, 0x7C7C7C7C,
    0x7C7C7C7C, 0x7C7C7C7C, 0x7C7C7C7C, 0x7C7C7C7C, 0x7E7E7E7E, 0x7E7E7E7E, 0x7E7E7E7E, 0x7E7E7E7E,
    0x7C7C7C7C, 0x7C7C7C7C, 0x7C7C7C7C, 0x7C7C7C7C, 0x7C7C7C7C, 0x7C7C7C7C, 0x7C7C7C7C, 0x8C897F7C,
    0x7C7C7C7C, 0x7C7C7C7C, 0x7C7C7C7C, 0x7C7C7C7C, 0x7E7E7E7E, 0x7E7E7E7E, 0x7E7E7E7E, 0x7E7E7E7E,
    0x5E5E5E5E, 0x5E5E5E5E, 0x7C7C7C7C, 0x7C7C7C7C, 0x878C897F, 0x7C7C7C7C, 0x8CB6B6AB, 0x877C7C7E,
    0xAB877C7C, 0xBCBCBCBA, 0xAB897F7C, 0xF3E3DCBD, 0xB6B3B389, 0xF9F4E0BF, 0xB6898787, 0xF6F6F0D5,
    0x7C7C7C7C, 0xDBBDB37E, 0x7C7C7C7C, 0xE0BFB37F, 0xABAB8C7F, 0xF6EFDBBA, 0xBFBDBCB3, 0xFAF9EFDC,
    0xDBD5BDBC, 0xF9F7EFE0, 0xF8F6F4F4, 0xFAFAFAFA, 0xFAFAFAFA, 0xFAFAFAFA, 0xF4EFE3EF, 0xF8F9F8F8,
    0xB6BDD5DC, 0xABB6B6B6, 0xE0EFF5F3, 0xABB6BCDB, 0xF8FAFAF9, 0x8CBAD5F0, 0xFAFAF9F9, 0x7C8CBDF0,
    0xEEF8F9F9, 0x7C7C8CBF, 0xBCDEF3F9, 0x7C7C87B3, 0xABBADBF3, 0x7E7E8789, 0x89BADCF4, 0x7E7E7E7E,
    0xADABABAB, 0x7E87ABAD, 0xADAB8C8C, 0x7C878CAD, 0xAEAEADAB, 0x7C878CAD, 0x7E7E7E7C, 0x7C7C7C7C,
    0x7C7C7C7C, 0x7C7C7C7C, 0x7C7C7C7C, 0x7C7C7C7C, 0x7E7E7E7E, 0x7E7E7E7E, 0x7E7E7E7E, 0x7E7E7E7E,
    0x7C7E7C7E, 0x56CF207C, 0x7C7C7C7C, 0x55CF207C, 0x7C7C7C7C, 0x55CF207C, 0x7C7C7C7C, 0x53CF207C,
    0x7C7C7C7C, 0x53CE207C, 0x7C7C7C7C, 0x52CE207C, 0x7E7E7E7E, 0x51CC207E, 0x7E7E7E7E, 0x50CC207E,
    0x22233A49, 0x20202020, 0x22233A48, 0x5E5E5E20, 0x22233A47, 0x20202020, 0x22233A46, 0xCFCFCFCF,
    0x22233A46, 0x535353CE, 0x22233A46, 0x464646CE, 0x22233A42, 0x3A3A3A20, 0x22233A42, 0x23232020,
    0x3A202020, 0x22233A3A, 0x20205E5E, 0x22232323, 0x20202020, 0x22222220, 0xCFCFCFCF, 0x202020CF,
    0xCACACA53, 0x20203ACA, 0xCACA5252, 0x20233ACA, 0x5151513A, 0x22233A42, 0x50502323, 0x22233A42,
    0x3A4956CF, 0x22222323, 0x3A4855CF, 0x20222223, 0x3A5555CF, 0x20202223, 0xCF5353CF, 0x20202223,
    0xCA5353CE, 0xCECECECE, 0xCA5252CE, 0x52525252, 0x425151CC, 0x42424242, 0x424250CC, 0x3A3A3A3A,
    0x22222222, 0x3ACECECF, 0x20202020, 0x3A4855CF, 0x20797878, 0x3A4755CF, 0x20202020, 0x3A4646CF,
    0xCECECECE, 0x3A3A3A20, 0x46525252, 0x2323203A, 0x51424242, 0x2220233A, 0x3A3A3A3A, 0x20CCCCCC,
    0x56CF2023, 0x22233A49, 0x55CF2223, 0x22233A55, 0x55CF2223, 0x2223CF55, 0x53CF2223, 0xCFCFCA53,
    0x53CE2223, 0x5353CA53, 0x52CE2223, 0x46464652, 0x51CC2222, 0x3A3A4242, 0x50CC2020, 0x233A3A42,
    0x20202020, 0x56CF2020, 0x5E5E5E20, 0x55CF2020, 0x20202020, 0x55CFCF20, 0xCFCFCFCF, 0x5353CFCF,
    0x53535353, 0x5353CA53, 0x46464646, 0x52525252, 0x3A3A3A3A, 0x5151513A, 0x23232323, 0x50502323,
    0x22233A49, 0xBDBCBA20, 0x22233A48, 0x7C7C7C20, 0x22233A47, 0x7C7C7C20, 0x22233A46, 0x7C7C5F20,
    0x22233A46, 0x7C5F5F20, 0x22233A46, 0x5F5F5F20, 0x22233A42, 0x5F5F5F20, 0x22233A42, 0x60606020,
    0xF0EFDCD5, 0xBCBDDBE2, 0xDEDBBA89, 0xB6BABCDB, 0x8C877C7C, 0xDCD5BCAD, 0x7F7C7C7C, 0xF0DCBC8C,
    0x897E7C7C, 0xEFD5AD8C, 0x7C7C7C7C, 0xF5D5AB7E, 0x7E7E7E7E, 0xFADEB67F, 0x877F8787, 0xFAEEBFAB,
    0xAEBCBCBC, 0x7E87ABAD, 0xBDBFBDBA, 0xBDBDBDBF, 0xE3E3E2E0, 0xEFE2E2E3, 0xFAFAFAF8, 0xF9F9FAFA,
    0xFAFAFAFA, 0xF9F9FAFA, 0xFAFAFAFA, 0xF7F9FAFA, 0xFAFAFAFA, 0xF9F9FAFA, 0xFAFAFAFA, 0xFAFAFAFA,
    0xADAB897E, 0xBAADADAD, 0xD5BDBDBD, 0xE3EFE0DC, 0xF9F9F9F7, 0xFAFAF9F9, 0xF9F9F9F9, 0xFAF9F9F9,
    0xF9F9F9F9, 0xF5F9F9F7, 0xF7F9F9F7, 0xFAF9F7F7, 0xF7F9F9F9, 0xFAF9F7F7, 0xF7F9F9FA, 0xFAF9F7F7,
    0xABBCBDBD, 0xAB898789, 0xBABDDBE0, 0xBBADABAB, 0x8CB6D5EF, 0xDCBDBAAB, 0xB3BAD5EF, 0xEEDBBDBA,
    0xDEE0E3EF, 0xF0E0E0DC, 0xF8FAFAFA, 0xF8F6F4F4, 0xFAFAFAFA, 0xFAFAF8FA, 0xF8FAFAFA, 0xF0F0F4F6,
    0xE0D5BCBA, 0xFBFBFBF6, 0xFAF4E0D5, 0xFAFBFBFB, 0xFAFAF8EF, 0xFAFAFAFA, 0xFAFAFBF6, 0xF9FAFAFA,
    0xFAFAFAF6, 0xF7F9FAFA, 0xF9FAFAFA, 0xF7F7F9F9, 0xFAFAFAFA, 0xF7F7F9F9, 0xE2E3EEEE, 0xE2E0E0E0,
    0xFAFAFAFB, 0xFAFAFBFA, 0xFAFAFAFA, 0xFBFAFAFA, 0xFAFAF9FA, 0xFBFAFAFA, 0xFAF9F9F9, 0xFBFAFAFA,
    0xF9F9F7F7, 0xFAFAFAFA, 0xF9F9F9F7, 0xFAFAFAFA, 0xF9F9F9F7, 0xFAFAFAF9, 0xDCDBE0E2, 0xE3EFEFE0,
    0xFDFBFBFA, 0xFAFBFBFC, 0xFBFBFBFB, 0xFAFBFBFC, 0xFBFBFBFB, 0xFAFAFAFB, 0xFAFAFAFB, 0xFAFAFAFA,
    0xFAFAFAFB, 0xF9F9FAFA, 0xFAFAFBFA, 0xF9FAFAFA, 0xFAFAFAFA, 0xFAFAFAFA, 0xFAFAF6EF, 0xF4FAFAFA,
    0xFCFBFBFA, 0xF8F6F6FA, 0xF0FBFAFA, 0xBFBCBCDB, 0xEEFAFAFA, 0xBAB6BAD5, 0xEEFAFAFA, 0xBCBCBCD5,
    0xF6FAFAF9, 0xEFE2E0EE, 0xFAFAFAF9, 0xFAF8F8FA, 0xFAFAFAFA, 0xFAFAFAFA, 0xFAFAF6F4, 0xFAFAFAFA,
    0xFBFAF9F7, 0xFAFBFBFB, 0xF8F3E0DB, 0xFBFBFBFB, 0xFBF4DCBD, 0xFBFBFBFB, 0xFCF6E2D5, 0xFBFAFAFB,
    0xFDFAF8F4, 0xF4FAFBFB, 0xFBFAFAFA, 0xE3F8FBFB, 0xFAFAFAFA, 0xF7FAFAFA, 0xF9F9F9F9, 0xF7F9FAFA,
    0xFBFAFAFA, 0xFAFAFAFA, 0xFAFAFAFA, 0xFAFAFAFA, 0xFAFAFAFA, 0xFAFAF9F9, 0xF9F8FAFA, 0xFAFAF9F9,
    0xE0DBDBE0, 0xFAFAF9F3, 0xBDBABCDB, 0xFAFAF7E0, 0xBCBABFE2, 0xFAFAF5DC, 0xD5DBEFF7, 0xFAFAF3DC,
    0xF9F9F9FA, 0xFBFAF9F9, 0xF9F9F9F9, 0xFAFAF9F9, 0xF7F9F9F9, 0xF3F5F9F9, 0xF7F9F9FA, 0xE2F3F7F7,
    0xF7F7F9F9, 0xE0EFF7F7, 0xF7F9F9F9, 0xE2F3F9F9, 0xF9F9F9FA, 0xE2F3F9FA, 0xFAFAFAFA, 0xBFE2FAFA,
    0x7E7E7E7E, 0xABAB897E, 0x7E7E7E7E, 0x897F7E7E, 0x7F7F7F7F, 0x7F7F7F7F, 0x7F7F7F7F, 0x7F7F7F7F,
    0x7F7F7F7F, 0xB3897F7F, 0x7F7F7F7F, 0xB1897F7F, 0x7F7F7F7F, 0x7F7F7F7F, 0x7F7F7F7F, 0x7F7F7F7F,
    0x87ABABAB, 0x7E7E7E7E, 0x7E87ABAB, 0x7E7E7E7E, 0x7F7F7F7F, 0x7F7F7F7F, 0x7F7F7F7F, 0x7F7F7F7F,
    0x7F7FABB3, 0x7F7F7F7F, 0x7F7F8CB3, 0x7F7F7F7F, 0x7F7F7F7F, 0x7F7F7F7F, 0x7F7F7F7F, 0x7F7F7F7F,
    0x7E7E7E7E, 0x7E7E7E7E, 0x7E7E7E7E, 0x7E7E7E7E, 0x7F7F7F7F, 0x7F7F7F7F, 0x7F7F7F7F, 0x7F7F7F7F,
    0x7F7F7F7F, 0x7F7F7F7F, 0x7F7F7F7F, 0x7F7F7F7F, 0x7F7F7F7F, 0x7F7F7F7F, 0x7F7F7F7F, 0x7F7F7F7F,
    0x7E7E7E7E, 0x7E7E7E7E, 0x7E7E7E7E, 0x7E7E7E7E, 0x7F7F7F7F, 0x7F7F7F7F, 0x7F7F7F7F, 0x7F7F7F7F,
    0x7F7F7F7F, 0x7F7F7F7F, 0x7F7F7F7F, 0x7F7F7F7F, 0x7F7F7F7F, 0x7F7F7F7F, 0x7F7F7F7F, 0x7F7F7F7F,
    0x7E7E7E7E, 0x7E7E7E7E, 0x7E7E7E7E, 0x7E7E7E7E, 0x7F7F7F7F, 0x7F7F7F7F, 0x7F7F7F7F, 0x7F7F7F7F,
    0x7F7F7F7F, 0x7F7F7F7F, 0x7F7F7F7F, 0x7F7F7F7F, 0x7F7F7F7F, 0x7F7F7F7F, 0x7F7F7F7F, 0x7F7F7F7F,
    0x7E7E7E7E, 0x7E7E7E7E, 0x7E7E7E7E, 0x7E7E7E7E, 0x7F7F7F7F, 0x7F7F7F7F, 0x7F7F7F7F, 0x7F7F7F7F,
    0x7F7F7F7F, 0x7F7F7F7F, 0x7F7F7F7F, 0x7F7F7F7F, 0x7F7F7F7F, 0x898C897F, 0x877F7F7F, 0x89B3B6B3,
    0x7E7E7E7E, 0x7E7E7E7E, 0x7E7E7E7E, 0x7E7E7E7E, 0x7F7F7F7F, 0x7F7F7F7F, 0x7F7F7F7F, 0x7F7F7F7F,
    0x7F7F7F7F, 0x7F7F7F7F, 0x7F7F7F7F, 0x7F7F7F7F, 0x7F7F7F7F, 0x7F7F7F7F, 0x7F7F7F7F, 0x7F7F7F7F,
    0xAB7E7E7E, 0xE3F0E2BF, 0x7E7E7E7E, 0xDEDBBC8C, 0x7F7F7F7F, 0xBCBA8C7F, 0x7F7F7F7F, 0x8C897F7F,
    0x7F7F7F7F, 0xB3897F7F, 0x7F7F7F7F, 0xB6B17F7F, 0x7F7F7F7F, 0xB1897F7F, 0x7F7F7F7F, 0x7F7F7F7F,
    0xDBD5D5DC, 0xF6F4EFE0, 0xBCBFDBDE, 0xE3DED5BC, 0x898CB6BC, 0xBCBAB68C, 0x7F7F7F89, 0x7F89897F,
    0x7F7F89B3, 0x7F7F7F7F, 0x7F87B3B6, 0x7F7F7F7F, 0x7F7F898C, 0x7F7F7F7F, 0x7F7F7F7F, 0x7F7F7F7F,
    0x7EB3DBF0, 0x7E7E7E7E, 0x7E89BCE0, 0x7E7E7E7E, 0x7F7F7FB6, 0x7F7F7F7F, 0x7F7F7F7F, 0x7F7F7F7F,
    0x7F7F7F7F, 0x7F7F7F7F, 0x7F7F7F7F, 0x7F7F7F7F, 0x7F7F7F7F, 0x7F7F7F7F, 0x7F7F7F7F, 0x7F7F7F7F,
    0x7E7E7E7E, 0x7E7E7E7E, 0x7E7E7E7E, 0x7E7E7E7E, 0x7F7F7F7F, 0x7F7F7F7F, 0x7F7F7F7F, 0x7F7F7F7F,
    0x7F7F7F7F, 0x7F7F7F7F, 0x7F7F7F7F, 0x7F7F7F7F, 0x7F7F7F7F, 0x7F7F7F7F, 0x7F7F7F7F, 0x7F7F7F7F,
    0x7E7E7E7E, 0x4ECC207E, 0x7E7E7E7E, 0x4EA4207E, 0x7F7F7F7F, 0x4DA4207F, 0x7F7F7F7F, 0x3EA4207F,
    0x7F7F7F7F, 0x3A20207F, 0x7F87877F, 0x20207F7F, 0x898C8C7F, 0x207F7F7F, 0x8989877F, 0x8A898989,
    0x22233A42, 0x22202020, 0x22233A40, 0x20206020, 0x22233A3E, 0x60606020, 0x22233A45, 0x20202020,
    0xA4A4A43A, 0xA4A4A4A4, 0x44449A23, 0x44444444, 0x3B3B9A20, 0x3B3B3B3B, 0x3A3A2020, 0x3A3A3A3A,
    0x4ECC2222, 0x22233A42, 0x4EA42020, 0x22233A40, 0x4DA42020, 0x22233A3E, 0x45A4A420, 0x22233A3E,
    0x4444A4A4, 0x22233A3C, 0x44444444, 0x22233A3B, 0x3B3B3B3B, 0x22233A3B, 0x3A3A3A3A, 0x22233A3A,
    0x3A424ECC, 0x2323233A, 0x3A404EA4, 0x22222323, 0x3A3E4DA4, 0x20222223, 0x3A4545A4, 0x20202223,
    0xA44444A4, 0x20202223, 0x9944449A, 0x9A9A9A9A, 0x4343439A, 0x43434343, 0x3B3B3B9A, 0x3B3B3B3B,
    0x23232323, 0x3AA1A1CC, 0x22222222, 0x3AA1A1A4, 0x20202020, 0x3A3E4DA4, 0x20606060, 0x3A3E45A4,
    0x20202020, 0x3A3C3CA4, 0x9A9A9A9A, 0x3A3A3A20, 0x3B434343, 0x2323203A, 0x3B3B3B3B, 0x2220233A,
    0x4ECC2020, 0x23233A42, 0x4EA42023, 0x22233A40, 0x4DA42223, 0x22233A3E, 0x45A42223, 0x22233A3E,
    0x44A42223, 0x22233A3C, 0x449A2223, 0x22233A3B, 0x3B9A2223, 0x22233A3B, 0x3A202222, 0x22233A3A,
    0x22222222, 0x4ECC2222, 0x20202022, 0x4EA42020, 0x60602020, 0x4DA42060, 0x60606020, 0x45A42060,
    0x60606020, 0x44A42060, 0x60606020, 0x449A2060, 0x60606020, 0x3B9A2060, 0x60606020, 0x3A20207F,
    0x22233A42, 0x60606020, 0x22233A40, 0x60606020, 0x22233A3E, 0x60606020, 0x22233A3E, 0x60606020,
    0x22233A3C, 0x60606020, 0x22233A3B, 0x60606020, 0x22233A3B, 0x60606020, 0x22233A3A, 0x60606020,
    0xB38C8989, 0xF8EEDBBC, 0x8C877E7E, 0xE3DCD5BA, 0x7F7F7F7F, 0xBFBAB38C, 0x7F7F7F7F, 0xB3877F7F,
    0x7F7F7F7F, 0xB3877F7F, 0x7F7F7F7F, 0xB3897F7F, 0x7F7F7F7F, 0xB1877F7F, 0x7F7F7F7F, 0xB3897F7F,
    0xF9FAFAFA, 0xFAF9F9F9, 0xF7F9F8F4, 0xF9F7F7F7, 0xF7F5EFDE, 0xF9F7F7F7, 0xF7F5E0BD, 0xF9F9F7F7,
    0xF7F3DEBD, 0xF7F7F7F7, 0xF7EFDBBC, 0xE0F5F7F7, 0xF7F3DCBC, 0xBDE0F5F7, 0xF0E0D5BA, 0x89BCDEF0,
    0xF7F7F9FA, 0xFAF9F7F7, 0xF7F7F7F9, 0xEEF3F7F7, 0xF3F3F7F9, 0xDBE0E3EF, 0xE3EEF4F8, 0xDCDCE0E0,
    0xBABAD5E2, 0xDBD5BDBC, 0x7F7F8CBC, 0xBCB6B187, 0x7F7F7FB1, 0xB6B3AB89, 0x877F7F7F, 0xBCBAB6B3,
    0xF0F4FAFB, 0xEEF0F0EF, 0xDBD5DBEB, 0xFAFAF8E3, 0xD5BCBDD5, 0xF8F8F3E0, 0xD5BFD5DB, 0xF5F3EFE0,
    0xEFE2E0DC, 0xF7F7F7F3, 0xF3E3E0D5, 0xF7F7F7F5, 0xE0DBD5BC, 0xF7F7F7EF, 0xE3E0DBBF, 0xF9F8F5EF,
    0xBFDBE0EE, 0xABABABBA, 0xBADBEEF6, 0x7E7E7E8C, 0xDBE3F4F8, 0x8989B3BC, 0xF3F5F5F5, 0xDCE0E0EF,
    0xF8F7F7F7, 0xEFF3F6F8, 0xFAF7F7F7, 0xF3F5F7F8, 0xF4F3F7F7, 0xDBDEE3F0, 0xE3EFF6FA, 0xB6BCDBE0,
    0xBAADADAD, 0xAEBDBFBD, 0xD5BC8C7E, 0xD5DBDCDB, 0xD5BDB6AB, 0xBCBFD5D5, 0xBFD5DBDB, 0xB6BABCBD,
    0xBABDDBE0, 0x7F7F89B6, 0xBABCDBE0, 0x7F7F7FB1, 0xDBDBD5D5, 0x7F89B6BF, 0xBFBFBCB6, 0xBABABCBC,
    0xEEDED5BC, 0xDBDEEEF0, 0xB6B6BCBD, 0xB6BABABA, 0x8789B3BA, 0x7F7F8787, 0x7F8789B1, 0x7F7F7F7F,
    0x7F7F7F7F, 0x7F7F7F7F, 0x7F7F7F7F, 0x7F7F7F7F, 0xB38C7F7F, 0x7F7F87B3, 0x8CB3B3B6, 0x7F7F7F87,
    0xF0EDDBD5, 0xF7F8F6F6, 0xBAB6B6B6, 0xDCDCD5BC, 0x7F7F7F7F, 0x7F7F7F7F, 0x7F7F7F7F, 0x7F7F7F7F,
    0x7F7F7F7F, 0x7F7F7F7F, 0x7F7F7F7F, 0x7F7F7F7F, 0x7F7F7F7F, 0x7F7F7F7F, 0x7F7F7F7F, 0x7F7F7F7F,
    0xF9F7F7F5, 0xF7F9F9F9, 0xBCBCBDD5, 0xE3DBBFBD, 0x7F7F7F7F, 0xBFB3897F, 0x7F7F7F7F, 0xB6877F7F,
    0x7F7F7F7F, 0xB37F7F7F, 0x7F7F7F7F, 0xBA897F7F, 0x877F7F7F, 0xB6B18989, 0x877F7F7F, 0xD5BCB38C,
    0xF3F7F7F7, 0xFAF8F3F3, 0xF7F7F7F7, 0xF3F3F9F9, 0xF7F7F9EF, 0xF7F7F9F9, 0xF9F8EFDB, 0xF7F7F7F7,
    0xF9F3E0BF, 0xF7F7F7F7, 0xF9F5E0D5, 0xF5F7F7F7, 0xF9F4E0BF, 0xD5DEF3F8, 0xF8F8F3E0, 0x8CB6DBF4,
    0xFAFAFAFA, 0xBCE0F8FA, 0xFAFAF9F5, 0xDBEFFAFA, 0xFAFAF9F9, 0xF4FAFAFA, 0xFAFAF9F9, 0xFAFAF7F7,
    0xF9F7F7F7, 0xFAF9F7F7, 0xF7F7F7F7, 0xFAF9F7F7, 0xF7F7EFDB, 0xFAFAF9F9, 0xEFDBBAAB, 0xFAFAFAF8,
    0x7F7F7F7F, 0x7F7F7F7F, 0x87878787, 0x87878787, 0x87878787, 0x87878787, 0x87878787, 0x87878787,
    0xAFAFAFAF, 0xAFAFAFAF, 0xAFAFAFAF, 0xAFAFAFAF, 0xAFAFAFAF, 0xAFAFAFAF, 0xAFAFAFAF, 0xAFAFAFAF,
    0x7F7F7F7F, 0x7F7F7F7F, 0x87878787, 0x87878787, 0x87878787, 0x87878787, 0x87878787, 0x87878787,
    0xAFAFAFAF, 0xAFAFAFAF, 0xAFAFAFAF, 0xAFAFAFAF, 0xAFAFAFAF, 0xAFAFAFAF, 0xAFAFAFAF, 0xAFAFAFAF,
    0x7F7F7F7F, 0x7F7F7F7F, 0x87878787, 0x87878787, 0x87878787, 0x87878787, 0x87878787, 0x87878787,
    0xAFAFAFAF, 0xAFAFAFAF, 0xAFAFAFAF, 0xAFAFAFAF, 0xAFAFAFAF, 0xAFAFAFAF, 0xAFAFAFAF, 0xAFAFAFAF,
    0x7F7F7F7F, 0x7F7F7F7F, 0x87878787, 0x87878787, 0x87878787, 0x87878787, 0x87878787, 0x87878787,
    0xAFAFAFAF, 0xAFAFAFAF, 0xAFAFAFAF, 0xAFAFAFAF, 0xAFAFAFAF, 0xAFAFAFAF, 0xAFAFAFAF, 0xAFAFAFAF,
    0x7F7F7F7F, 0x7F7F7F7F, 0x87878787, 0x87878787, 0x87878787, 0x87878787, 0x87878787, 0x87878787,
    0xAFAFAFAF, 0xAFAFAFAF, 0xAFAFAFAF, 0xAFAFAFAF, 0xAFAFAFAF, 0xAFAFAFAF, 0xAFAFAFAF, 0xAFAFAFAF,
    0x7F7F7F7F, 0x7F878A89, 0x87878787, 0x87878787, 0x87878787, 0x87878787, 0x87878787, 0x87878787,
    0xAFAFAFAF, 0xAFAFAFAF, 0xAFAFAFAF, 0xAFAFAFAF, 0xAFAFAFAF, 0xAFAFAFAF, 0xAFAFAFAF, 0xAFAFAFAF,
    0x7F7F7F7F, 0x7F7F7F7F, 0x87878787, 0x87878787, 0x87878787, 0x87878787, 0x87878787, 0x87878787,
    0xAFAFAFAF, 0xAFAFAFAF, 0xAFAFAFAF, 0xAFAFAFAF, 0xAFAFAFAF, 0xAFAFAFAF, 0xAFAFAFAF, 0xAFAFAFAF,
    0x7F7F7F7F, 0x7F7F7F7F, 0x87878787, 0x87878787, 0x87878787, 0x87878787, 0x87878787, 0x87878787,
    0xAFAFAFAF, 0xAFAFAFAF, 0xAFAFAFAF, 0xAFAFAFAF, 0xAFAFAFAF, 0xAFAFAFAF, 0xAFAFAFAF, 0xAFAFAFAF,
    0x7F7F7F7F, 0x7F7F7F7F, 0x87878787, 0x87878787, 0x87878787, 0x87878787, 0x87878787, 0x87878787,
    0xAFAFAFAF, 0xAFAFAFAF, 0xAFAFAFAF, 0xAFAFAFAF, 0xAFAFAFAF, 0xAFAFAFAF, 0xAFAFAFAF, 0xAFAFAFAF,
    0x7F7F7F7F, 0x7F7F7F7F, 0x87878787, 0x87878787, 0x87878787, 0x87878787, 0x87878787, 0x87878787,
    0xAFAFAFAF, 0xAFAFAFAF, 0xAFAFAFAF, 0xAFAFAFAF, 0xAFAFAFAF, 0xAFAFAFAF, 0xAFAFAFAF, 0xAFAFAFAF,
    0x7F7F7F7F, 0x7F7F7F7F, 0x87878787, 0x87878787, 0x87878787, 0x87878787, 0x87878787, 0x87878787,
    0xAFAFAFAF, 0xAFAFAFAF, 0xAFAFAFAF, 0xAFAFAFAF, 0xAFAFAFAF, 0xAFAFAFAF, 0xAFAFAFAF, 0xAFAFAFAF,
    0x877F7F7F, 0x7F7F7F7F, 0x89878787, 0x87878787, 0x89898787, 0x87878787, 0x87878787, 0x87878787,
    0xAFAFAFAF, 0xAFAFAFAF, 0xAFAFAFAF, 0xAFAFAFAF, 0xAFAFAFAF, 0xAFAFAFAF, 0xAFAFAFAF, 0xAFAFAFAF,
    0x2320207F, 0x23232323, 0x20208787, 0x22222222, 0x20878787, 0x20202020, 0x87878787, 0x60606087,
    0xAFAFAFAF, 0x6060AFAF, 0xAFAFAFAF, 0x64AFAFAF, 0xAFAFAFAF, 0xAFAFAFAF, 0xAFAFAFAF, 0xAFAFAFAF,
    0x23232323, 0x22232323, 0x22222222, 0x22222222, 0x20202020, 0x20202020, 0x60606060, 0x60606060,
    0x60606060, 0x60606060, 0x64646464, 0x64646464, 0x66666464, 0x64666666, 0xBABAB4AF, 0xB1B1B3B6,
    0x3A3A3A20, 0x3A3A3A3A, 0x23232020, 0x23232323, 0x22202020, 0x22222222, 0x20206060, 0x20202020,
    0x60606060, 0x60606060, 0x64646464, 0x646464AF, 0x64646464, 0x6464AFAF, 0xAFAF8AB1, 0x64AFAFAF,
    0x3A3A3A3A, 0x2022233A, 0x23232323, 0x20222323, 0x22222222, 0x20222222, 0x20202020, 0x20202020,
    0x60606060, 0x60606060, 0x64646464, 0x64646464, 0x64646464, 0x64646464, 0x64646464, 0x64646464,
    0x20202020, 0x22232323, 0x20606060, 0x22222220, 0x60606087, 0x20202020, 0x60608760, 0x60606060,
    0x60AF6060, 0x60AF6060, 0xAF646464, 0xAFAFAFAF, 0xAF646464, 0xAFAFAFAF, 0xAF646464, 0xAFAFAFAF,
    0x60606020, 0x20207F7F, 0x60606020, 0x20878787, 0x60606020, 0x87878787, 0x60606060, 0x87878787,
    0x60606060, 0xAFAFAFAF, 0x64646464, 0xAFAFAFAF, 0x646464AF, 0xAFAFAFAF, 0xAFAFAFAF, 0xAFAFAFAF,
    0x22232323, 0x60606020, 0x22222220, 0x60606020, 0x20202020, 0x60606020, 0x60608787, 0x60606060,
    0x60AFAFAF, 0x60606060, 0xAFAFAFAF, 0x64646464, 0xAFAFAFAF, 0x646464AF, 0xAFAFAFAF, 0xAFAFAFAF,
    0x7F7F7F7F, 0x897F7F7F, 0x87878787, 0x87878787, 0x87878787, 0x87878787, 0x87878787, 0x87878787,
    0xAFAFAFAF, 0xAFAFAFAF, 0xAFAFAFAF, 0xAFAFAFAF, 0xAFAFAFAF, 0xAFAFAFAF, 0xAFAFAFAF, 0xAFAFAFAF,
    0xDED5BAB3, 0x7FB3D5DE, 0xD5B68987, 0x8ABCDBDE, 0xBA8A8787, 0xBFDEE0DB, 0xB1878787, 0xE2E3DCBC,
    0xAFAFAFAF, 0xDCDBBCB3, 0xAFAFAFAF, 0xBCBAB3AF, 0xAFAFAFAF, 0xAFAFAFAF, 0xAFAFAFAF, 0xAFAFAFAF,
    0x897F7F7F, 0xDBD5BFBA, 0x89878787, 0xB6B3B3B3, 0x87878AB6, 0x87878787, 0x8787B6DB, 0xAF878787,
    0xAFAFBAD6, 0xAFAFAFAF, 0xAFAFB6BC, 0xAFAFAFAF, 0xAFAFAF8A, 0xAFAFAFAF, 0xAFAFAFAF, 0xAFAFAFAF,
    0xF5F4EEDC, 0xFAF9F8F7, 0xEFE0D6BA, 0xF0F4F3F1, 0xEFE2D5B6, 0xE0EFF4F3, 0xF8F3E0BC, 0xF3F8F8F8,
    0xF6F6E3BF, 0xDCE3EFF6, 0xEEF0E0BC, 0xB1B4BCDC, 0xBCBFBA8A, 0xAFAFAFB1, 0xAF8AAFAF, 0xAFAFAFAF,
    0xE0EFF4F8, 0x89B1BCDB, 0xBABFDBE0, 0x878789B3, 0x8AB3BAD6, 0x87878787, 0x878ABADC, 0x87878787,
    0xAFAFB3BD, 0xAFAFAFAF, 0x8A8A8A8A, 0xBCB4B18A, 0xB18AAFAF, 0xBFB6B4B1, 0xAFAFAFAF, 0xB68AAFAF,
    0xB4B3B18A, 0xDBD5BCB6, 0xBCB6B187, 0xF4E3DCBF, 0xBCB68A87, 0xFAF6E0D5, 0xBAB18787, 0xFAF8E3D5,
    0xE0D5B68A, 0xFAF8F7F5, 0xF7F7EFDB, 0xFAF8F7F7, 0xF7F7F3E0, 0xF8F8F8F7, 0xF7F6E0D5, 0xF8F8F8F8,
    0x89B3BCD5, 0x7F7F7F7F, 0xB6D5E0F0, 0x878789B1, 0xD5E0F4F8, 0xB3B3B6BC, 0xDBEEF8FA, 0xD6D5BFBF,
    0xEEFAF8F9, 0xE0DEDCEB, 0xFAFAF8F9, 0xF3EFF0F4, 0xFAFAFAFA, 0xF8F8F8FA, 0xF8F8FAFA, 0xF8F8F8F8,
    0x7F87877F, 0x7F7F7F7F, 0x8AB1B189, 0x87878787, 0xB3B6BAB6, 0x8787878A, 0xBCBFDBDB, 0x87AFB1B6,
    0xD5DBE0E0, 0xB6BABCBF, 0xDBE0EFF3, 0xDBDBD6D5, 0xF4F8F8F8, 0xDCE0E0EE, 0xF8F8FAFA, 0xBDD5DEE3,
    0x7F7F7F7F, 0xE0BFB387, 0xB3878787, 0xE0DCD5BA, 0xBA8A8787, 0xE0E2E0DB, 0xB68A8787, 0xDBE0DED5,
    0xBFB6B3B3, 0xD6E0E2DC, 0xDBBFBFD5, 0xBCDBE0E0, 0xBCBCBFD6, 0xB4B6BCBC, 0x8AB1B4BA, 0xAFAFAFAF,
    0xF4F6F6EF, 0x7F7FB6EB, 0xD5E0EEEE, 0x878787B6, 0xB3BCDBDE, 0x87878787, 0x8AB3B6BC, 0x87878787,
    0xAFAFB1BA, 0xAFAFAFAF, 0xAF8AB3B6, 0xAFAFAFAF, 0xAF8AB1B3, 0xAFAFAFAF, 0xAFAFAFAF, 0xAFAFAFAF,
    0x897F7F7F, 0xEEDBBCB3, 0x87878787, 0xBAB38A87, 0x87878787, 0x87878787, 0x87878787, 0x87878787,
    0xAFAFAFAF, 0xAFAFAFAF, 0xAFAFAFAF, 0xAFAFAFAF, 0xAFAFAFAF, 0xAFAFAFAF, 0xAFAFAFAF, 0xAFAFAFAF,
    0xAFAFAFAF, 0xAFAFAFAF, 0xAFAFAFAF, 0xAFAFAFAF, 0xAFAFAFAF, 0xAFAFAFAF, 0xAFAFAFAF, 0xAFAFAFAF,
    0xAFAFAFAF, 0xAFAFAFAF, 0x8A8A8A8A, 0x8A8A8A8A, 0x8A8A8A8A, 0x8A8A8A8A, 0xB0B0B0B0, 0xB0B0B0B0,
    0xAFAFAFAF, 0xAFAFAFAF, 0xAFAFAFAF, 0xAFAFAFAF, 0xAFAFAFAF, 0xAFAFAFAF, 0xAFAFAFAF, 0xAFAFAFAF,
    0xAFAFAFAF, 0xAFAFAFAF, 0x8A8A8A8A, 0x8A8A8A8A, 0x8A8A8A8A, 0x8A8A8A8A, 0xB0B0B0B0, 0xB0B0B0B0,
    0xAFAFAFAF, 0xAFAFAFAF, 0xAFAFAFAF, 0xAFAFAFAF, 0xAFAFAFAF, 0xAFAFAFAF, 0xAFAFAFAF, 0xAFAFAFAF,
    0xAFAFAFAF, 0xAFAFAFAF, 0x8A8A8A8A, 0x8A8A8A8A, 0x8A8A8A8A, 0x4B8A8A8A, 0xB0B0B0B0, 0x9F4B4BB0,
    0xAFAFAFAF, 0xAFAFAFAF, 0xAFAFAFAF, 0xAFAFAFAF, 0xAFAFAFAF, 0xAFAFAFAF, 0xAFAFAFAF, 0xAFAFAFAF,
    0xAFAFAFAF, 0xAFAFAFAF, 0x4B4B8A8A, 0x4B4B4B4B, 0xA24B4B4B, 0xA2A2A2A2, 0x9F9F9F9F, 0x9F9F9F9F,
    0xAFAFAFAF, 0xAFAFAFAF, 0xAFAFAFAF, 0xAFAFAFAF, 0xAFAFAFAF, 0xAFAFAFAF, 0xAFAFAFAF, 0xAFAFAFAF,
    0xAFAFAFAF, 0xAFAFAFAF, 0x8A8A4B4B, 0x8A8A8A8A, 0x4B4B4BA2, 0x8A8A8A4B, 0x9F9F9F9F, 0xB04B4B9F,
    0xAFAFAFAF, 0xAFAFAFAF, 0xAFAFAFAF, 0xAFAFAFAF, 0xAFAFAFAF, 0xAFAFAFAF, 0xAFAFAFAF, 0xAFAFAFAF,
    0xAFAFAFAF, 0xAFAFAFAF, 0x8A8A8A8A, 0x8A8A8A8A, 0x8A8A8A8A, 0x8A8A8A8A, 0xB0B0B0B0, 0xB0B0B0B0,
    0xAFAFAFAF, 0xAFAFAFAF, 0xAFAFAFAF, 0xAFAFAFAF, 0xAFAFAFAF, 0xAFAFAFAF, 0xAFAFAFAF, 0xAFAFAFAF,
    0xAFAFAFAF, 0xAFAFAFAF, 0x8A8A8A8A, 0x8A8A8A8A, 0x8A8A8A8A, 0x8A8A8A8A, 0xB0B0B0B0, 0xB0B0B0B0,
    0xAFAFAFAF, 0xAFAFAFAF, 0xAFAFAFAF, 0xAFAFAFAF, 0xAFAFAFAF, 0xAFAFAFAF, 0xAFAFAFAF, 0xAFAFAFAF,
    0xAFAFAFAF, 0xAFAFAFAF, 0x8A8A8A8A, 0x8A8A8A8A, 0x8A8A8A8A, 0x8A8A8A8A, 0xB0B0B0B0, 0xB0B0B0B0,
    0xAFAFAFAF, 0xAFAFAFAF, 0xAFAFAFAF, 0xAFAFAFAF, 0xAFAFAFAF, 0xAFAFAFAF, 0xAFAFAFAF, 0xAFAFAFAF,
    0xAFAFAFAF, 0xAFAFAFAF, 0x8A8A8A8A, 0x8A8A8A8A, 0x8A8A8A8A, 0x8A8A8A8A, 0xB0B0B0B0, 0xB0B0B0B0,
    0xAFAFAFAF, 0xAFAFAFAF, 0xAFAFAFAF, 0xAFAFAFAF, 0xAFAFAFAF, 0xAFAFAFAF, 0xAFAFAFAF, 0xAFAFAFAF,
    0xAFAFAFAF, 0xAFAFAFAF, 0x8A8A8A8A, 0x8A8A8A8A, 0x8A8A8A8A, 0x8A8A8A8A, 0xB0B0B0B0, 0xB0B0B0B0,
    0xAFAFAFAF, 0xAFAFAFAF, 0xAFAFAFAF, 0xAFAFAFAF, 0xAFAFAFAF, 0xAFAFAFAF, 0xAFAFAFAF, 0xAFAFAFAF,
    0xAFAFAFAF, 0xAFAFAFAF, 0x8A8A8A8A, 0x8A8A8A8A, 0x8A8A8A8A, 0x8A8A8A8A, 0xB0B0B0B0, 0xB0B0B0B0,
    0xAFAFAFAF, 0xAFAFAFAF, 0xAFAFAFAF, 0xAFAFAFAF, 0xAFAFAFAF, 0xAFAFAFAF, 0xAFAFAFAF, 0xAFAFAFAF,
    0xAFAFAFAF, 0xAFAFAFAF, 0x8A8A8A8A, 0x8A8A8A8A, 0x8A8A8A8A, 0x8A8A8A8A, 0xB0B0B0B0, 0xB0B0B0B0,
    0xAFAFAFAF, 0xAFAFAFAF, 0xAFAFAFAF, 0xAFAFAFAF, 0xAFAFAFAF, 0xAFAFAFAF, 0xAFAFAFAF, 0xBCBFBCB6,
    0xB0AFAFAF, 0xDBDEDBBA, 0xB18A8A8A, 0xDBDCD5BA, 0xB18A8A8A, 0xD6DBD6BA, 0xB4B0B0B0, 0xD6DBD6BC,
    0x8AB1B0AF, 0xAFAFAFAF, 0xAFAFAFAF, 0xAFAFAFAF, 0xAFAFAFAF, 0xAFAFAFAF, 0xAFAF8AB4, 0xAFAFAFAF,
    0xB0B1BABF, 0xAFAFAFAF, 0x8AB1B6BE, 0x8A8A8A8A, 0x8AB0B4BC, 0x8A8A8A8A, 0xB0B1B6BE, 0xB0B0B0B0,
    0xAFAFAFAF, 0xAFAFAFAF, 0xAFAFAFAF, 0xAFAFAFAF, 0xAFAFAFAF, 0xAFAFAFAF, 0xAFAFAFAF, 0xAFAFAFAF,
    0xAFAFAFAF, 0xAFAFAFAF, 0x8A8A8A8A, 0x8A8A8A8A, 0x8A8A8A8A, 0x8A8A8A8A, 0xB0B0B0B0, 0xB0B0B0B0,
    0xAFAFAFAF, 0xAFAFAFAF, 0xAFAFAFAF, 0xAFAFAFAF, 0xAFAFAFAF, 0xAFAFAFAF, 0xAFAFAFAF, 0xAFAFAFAF,
    0xAFAFAFAF, 0xAFAFAFAF, 0x8A8A8A8A, 0x8A8A8A8A, 0x8A8A8A8A, 0x8A8A8A8A, 0xB0B0B0B0, 0xB0B0B0B0,
    0xAFAFAFAF, 0xAFAFAFAF, 0xAFAFAFAF, 0xAFAFAFAF, 0xAFAFAFAF, 0xAFAFAFAF, 0xAFAFAFAF, 0xAFAFAFAF,
    0xAFAFAFAF, 0xAFAFAFAF, 0x8A8A8A8A, 0x8A8A8A8A, 0x8A8A8A8A, 0x8A8A8A8A, 0xB0B0B0B0, 0xB0B0B0B0,
    0xAFAFAFAF, 0xAFAFAFAF, 0xAFAFAFAF, 0xAFAFAFAF, 0xAFAFAFAF, 0xAFAFAFAF, 0xAFAFAFAF, 0xAFAFAFAF,
    0xAFAFAFAF, 0xAFAFAFAF, 0x8A8A8A8A, 0x8A8A8A8A, 0x8A8A8A8A, 0x8A8A8A8A, 0xB0B0B0B0, 0xB0B0B0B0,
    0xAFAFAFAF, 0xAFAFAFAF, 0xAFAFAFAF, 0xAFAFAFAF, 0xAFAFAFAF, 0xAFAFAFAF, 0xAFAFAFAF, 0xAFAFAFAF,
    0xAFAFAFAF, 0xAFAFAFAF, 0x8A8A8A8A, 0x8A8A8A8A, 0x8A8A8A8A, 0x8A8A8A8A, 0xB0B0B0B0, 0xB0B0B0B0,
    0xAFAFAFAF, 0xAFAFAFAF, 0xAFAFAFAF, 0xAFAFAFAF, 0xAFAFAFAF, 0xAFAFAFAF, 0xAFAFAFAF, 0xAFAFAFAF,
    0xAFAFAFAF, 0xAFAFAFAF, 0x8A8A8A8A, 0x8A8A8A8A, 0x8A8A8A8A, 0x8A8A8A8A, 0xB0B0B0B0, 0xB0B0B0B0,
    0xAFAFAFAF, 0xB3AFAFAF, 0xAFAFAFAF, 0xB3B1AFAF, 0xAFAFAFAF, 0xB1B1AFAF, 0xAFAFAFAF, 0xAFAFAFAF,
    0xAFAFAFAF, 0xAFAFAFAF, 0x8A8A8A8A, 0x8A8A8A8A, 0x8A8A8A8A, 0x8A8A8A8A, 0xB0B0B0B0, 0xB0B0B0B0,
    0xAFAFAFB3, 0xAFAFAFAF, 0xAFAFAFB1, 0xAFAFAFAF, 0xAFAFAFAF, 0xAFAFAFAF, 0xAFAFAFAF, 0xAFAFAFAF,
    0xAFAFAFAF, 0xAFAFAFAF, 0x8A8A8A8A, 0x8A8A8A8A, 0x8A8A8A8A, 0x8A8A8A8A, 0xB0B0B0B0, 0xB0B0B0B0,
    0xAFAFAFAF, 0xAFAFAFAF, 0xAFAFAFAF, 0xAFAFAFAF, 0xAFAFAFAF, 0xAFAFAFAF, 0xAFAFAFAF, 0xAFAFAFAF,
    0xAFAFAFAF, 0xAFAFAFAF, 0x8A8A8A8A, 0x8A8A8A8A, 0x8A8A8A8A, 0x8A8A8A8A, 0xB0B0B0B0, 0xB0B0B0B0,
    0xAFAFAFAF, 0xAFAFAFAF, 0xAFAFAFAF, 0xAFAFAFAF, 0xAFAFAFAF, 0xAFAFAFAF, 0xAFAFAFAF, 0xAFAFAFAF,
    0xAFAFAFAF, 0xAFAFAFAF, 0x8A8A8A8A, 0x8A8A8A8A, 0x8A8A8A8A, 0x8A8A8A8A, 0xB0B0B0B0, 0xB0B0B0B0,
    0xF8F3DBB6, 0xFAF8F8F8, 0xF8DCB4AF, 0xFAF8F8F8, 0xE3BAAFAF, 0xF8F8F8F8, 0xE0BC8AAF, 0x24F8F7F7,
    0xE2BFB3AF, 0x242424F7, 0xE3D5B38A, 0x24242424, 0x24BFB48A, 0x2D242424, 0x2424B6B1, 0xA9A92D24,
    0xF8F8F8FA, 0xF8F8F8F8, 0xF8F8F8F8, 0xF8F8F8F8, 0x2424F8F8, 0x24242424, 0x2D242424, 0x2F2F2F2E,
    0x2E2D2D24, 0x2F2F2F2F, 0x2F2E2E2D, 0x2F2F2F2F, 0x2F2F2F2E, 0x2F2F2F2F, 0x2FAAAAAA, 0x2F2F2F2F,
    0xEFF8F8F8, 0xB1B6BAD5, 0xF8F8F8F8, 0xAFB6D5E3, 0xF8F82424, 0xAFBFF3F8, 0x24242F2F, 0x8AD5F424,
    0x2F2F2F2F, 0x8A242430, 0x302F2F2F, 0x24243030, 0x30302F2F, 0x31313130, 0x30303030, 0x31313131,
    0xAFAFAFAF, 0xAFAFAFAF, 0xAFAFAFAF, 0xAFAFAFAF, 0xAFAFAFAF, 0xAFAFAFAF, 0xAFAFAFAF, 0xAFAFAFAF,
    0xAFAFAFAF, 0xAFAFAFAF, 0x8A8A8A8A, 0x8A8A8A8A, 0x8A8A8A24, 0x8A8A8A8A, 0xBAB82431, 0xB0B0B1B6,
    0xAFAFAFAF, 0xAFAFAFAF, 0xAFAFAFAF, 0xAFAFAFAF, 0xAFAFAFAF, 0xAFAFAFAF, 0xAFAFAFAF, 0xAFAFAFAF,
    0xAFAFAFAF, 0xAFAFAFAF, 0x8A8A8A8A, 0x8A8A8A8A, 0x8A8A8A8A, 0x8A8A8A8A, 0xB0B0B0B0, 0xB0B0B0B0,
    0xAFAFAFAF, 0xAFAFAFAF, 0xAFAFAFAF, 0xAFAFAFAF, 0xAFAFAFAF, 0xAFAFAFAF, 0xAFAFAFAF, 0xAFAFAFAF,
    0xAFAFAFAF, 0xAFAFAFAF, 0x8A8A8A8A, 0x8A8A8A8A, 0x8A8A8A8A, 0x8A8A8A8A, 0xB0B0B0B0, 0xB0B0B0B0,
    0xB0B0B0B0, 0xB0B0B0B0, 0xB0B0B0B0, 0xB0B0B0B0, 0xB0B0B0B0, 0xB0B0B0B0, 0xB0B0B0B0, 0xB0B0B0B0,
    0xB0B0B0B0, 0xB0B0B0B0, 0xB0B0B0B0, 0xB0B0B0B0, 0xB0B0B0B0, 0xB0B0B0B0, 0xB0B0B0B0, 0xB0B0B0B0,
    0xB0B0B0B0, 0xB0B0B0B0, 0xB0B0B0B0, 0xB0B0B0B0, 0xB0B0B0B0, 0xB0B0B0B0, 0xB0B0B0B0, 0xB0B0B0B0,
    0xB0B0B0B0, 0x4BB0B0B0, 0xB0B0B0B0, 0x4B4BB0B0, 0xB0B0B0B0, 0x9E4BB0B0, 0xB0B0B0B0, 0x9E9E4BB0,
    0x4BB0B0B0, 0x9F9F9F4B, 0x4B4BB0B0, 0x9E9E9E9E, 0x9E9E4BB0, 0x9E9E9E9E, 0x9E9E9E4B, 0x9E9E9E9E,
    0x9E9E9E9E, 0xFFFFFF9E, 0x9E9E9E9E, 0xFFFFFFFF, 0xFF9E9E9E, 0xFFFFFFFF, 0xFF9E9E9E, 0xFFFFFFFF,
    0x9F9F9F9F, 0x9F9F9F9F, 0x9E9E9E9E, 0x9E9E9E9E, 0x9E9E9E9E, 0x9E9E9E9E, 0x9E9E9E9E, 0x9E9E9E9E,
    0x9E9E9E9E, 0x9E9E9E9E, 0x9E9E9EFF, 0x9E9E9E9E, 0x9E9EFFFF, 0x9E9E9E9E, 0x9E9EFFFF, 0x9E9E9E9E,
    0x9F9F9F9F, 0x4B9F9F9F, 0x9E9E9E9E, 0x9E9E9E9E, 0x9E9E9E9E, 0x9E9E9E9E, 0x9E9E9E9E, 0x9E9E9E9E,
    0x9E9E9E9E, 0x9E9E9E9E, 0x9E9E9E9E, 0x9E9E9E9E, 0x9E9E9E9E, 0x9E9E9E9E, 0x9E9E9E9E, 0x9E9E9E9E,
    0xB0B0B04B, 0xB0B0B0B0, 0xB0B04B4B, 0xB0B0B0B0, 0xB04B9E9E, 0xB0B0B0B0, 0x4B9E9E9E, 0xB0B0B0B0,
    0x9E9E9E9E, 0xB0B0B04B, 0x9E9E9E9E, 0xB0B04B4B, 0x9E9E9E9E, 0xB0B04B9E, 0x9E9E9E9E, 0xB04B9F9F,
    0xB0B0B0B0, 0xB0B0B0B0, 0xB0B0B0B0, 0xB0B0B0B0, 0xB0B0B0B0, 0xB0B0B0B0, 0xB0B0B0B0, 0xB0B0B0B0,
    0xB0B0B0B0, 0xB0B0B0B0, 0xB0B0B0B0, 0xB0B0B0B0, 0xB0B0B0B0, 0xB0B0B0B0, 0xB0B0B0B0, 0xB0B0B0B0,
    0xB0B0B0B0, 0xB0B0B0B0, 0xB0B0B0B0, 0xB0B0B0B0, 0xB0B0B0B0, 0xB0B0B0B0, 0xB0B0B0B0, 0xB0B0B0B0,
    0xB0B0B0B0, 0xB0B0B0B0, 0xB0B0B0B0, 0xB0B0B0B0, 0xB0B0B0B0, 0xB0B0B0B0, 0xB0B0B0B0, 0xB0B0B0B0,
    0xB0B0B0B0, 0xB0B0B0B0, 0xB0B0B0B0, 0xB0B0B0B0, 0xB0B0B0B0, 0xB0B0B0B0, 0xB0B0B0B0, 0xB0B0B0B0,
    0xB0B0B0B0, 0xB0B0B0B0, 0xB0B0B0B0, 0xB0B0B0B0, 0xB0B0B0B0, 0xB0B0B0B0, 0xB0B0B0B0, 0xB0B0B0B0,
    0xB0B0B0B0, 0xB0B0B0B0, 0xB0B0B0B0, 0xB0B0B0B0, 0xB0B0B0B0, 0xB0B0B0B0, 0xB0B0B0B0, 0xB0B0B0B0,
    0xB0B0B0B0, 0xB0B0B0B0, 0xB0B0B0B0, 0xB0B0B0B0, 0xB0B0B0B0, 0xB0B0B0B0, 0xB0B0B0B0, 0xB0B0B0B0,
    0xB0B0B0B0, 0xB0B0B0B0, 0xB0B0B0B0, 0xB0B0B0B0, 0xB0B0B0B0, 0xB0B0B0B0, 0xB0B0B0B0, 0xB0B0B0B0,
    0xB0B0B0B0, 0xB0B0B0B0, 0xB0B0B0B0, 0xB0B0B0B0, 0xB0B0B0B0, 0xB0B0B0B0, 0xB0B0B0B0, 0xB0B0B0B0,
    0xB0B0B0B0, 0xB0B0B0B0, 0xB0B0B0B0, 0xB0B0B0B0, 0xB0B0B0B0, 0xB0B0B0B0, 0xB0B0B0B0, 0xB0B0B0B0,
    0xB0B0B0B0, 0xB0B0B0B0, 0xB0B0B0B0, 0xB0B0B0B0, 0xB0B0B0B0, 0xB0B0B0B0, 0xB0B0B0B0, 0xB0B0B0B0,
    0xB4B1B1B0, 0xBABCBCBA, 0xB4B4B1B1, 0xB6B6B6B6, 0xB0B0B0B0, 0xBEB8B4B1, 0xB0B0B0B0, 0xBFB8B4B0,
    0xB0B0B0B0, 0xBAB6B1B0, 0xB0B0B0B0, 0xB0B0B0B0, 0xB0B0B0B0, 0xB0B0B0B0, 0xB0B0B0B0, 0xB0B0B0B0,
    0xB0B0B1B6, 0xB0B0B0B0, 0xB0B0B4B4, 0xB0B1B2B1, 0xDBDBDBD6, 0xB6BFD6D6, 0xEEEEE0DB, 0xB4BEDBE0,
    0xE7DBD6BE, 0xB0B1BCD6, 0xB8B6B2B0, 0xB0B0B0B4, 0xB0B0B0B0, 0xB0B0B0B0, 0xB0B0B0B0, 0xB0B0B0B0,
    0xB0B0B0B0, 0xB0B0B0B0, 0xB0B0B0B0, 0xB0B0B0B0, 0xB0B0B0B0, 0xB0B0B0B0, 0xB0B0B0B0, 0xB0B0B0B0,
    0xB0B0B0B0, 0xB0B0B0B0, 0xB0B0B0B0, 0xB0B0B0B0, 0xB0B0B0B0, 0xB0B0B0B0, 0xB0B0B0B0, 0xB0B0B0B0,
    0xB0B0B0B0, 0xB0B0B0B0, 0xB0B0B0B0, 0xB0B1B1B1, 0xB0B0B0B0, 0xB1B4B4B1, 0xB0B0B0B0, 0xB6BAB8B4,
    0xB4B0B0B0, 0xBFD6D5BC, 0xBAB4B1B0, 0xDEE0DCBF, 0xBEB8B4B0, 0xEFEFE0D6, 0xBFBAB8B2, 0xF5F1E3DB,
    0xB0B0B0B0, 0xB0B0B0B0, 0xB0B0B0B0, 0xB0B0B0B0, 0xB0B0B0B0, 0xB0B0B0B0, 0xB0B0B0B2, 0xB0B0B0B0,
    0xB0B0B1BA, 0xB0B0B0B0, 0xB4BABED6, 0xB4B1B1B2, 0xDEE0E0E3, 0xE2E0DEDE, 0xF5F5F5F5, 0xF5F5F5F5,
    0xB0B0B0B0, 0xB0B0B0B0, 0xB0B0B0B0, 0xB0B0B0B0, 0xB0B0B0B0, 0xB0B0B0B0, 0xB0B0B0B0, 0xB0B0B0B0,
    0xB0B0B0B0, 0xB0B0B0B0, 0xB4BABAB8, 0xB0B0B0B0, 0xE0E3EFE3, 0xB0B1BAD6, 0xF5F5F5F5, 0xBCD6E0F3,
    0xB0B0B0B0, 0xB0B0B0B0, 0xB0B0B0B0, 0xB0B0B0B0, 0xB0B0B0B0, 0xB0B0B0B0, 0xB0B0B0B0, 0xB0B0B0B0,
    0xB0B0B0B0, 0xB0B0B0B0, 0xB0B0B0B0, 0xB0B0B0B0, 0xB0B0B0B0, 0xB0B0B0B0, 0xB0B0B0B4, 0xB0B0B0B0,
    0xB0B0B0B0, 0xB0B0B0B0, 0xB0B0B0B0, 0xB0B0B0B0, 0xB0B0B0B0, 0xB0B0B0B0, 0xB0B0B0B0, 0xB0B0B0B0,
    0xB0B0B0B0, 0xB0B0B0B0, 0xB0B0B0B0, 0xB0B0B0B0, 0xB0B0B0B0, 0xB0B0B0B0, 0xB0B0B0B0, 0xB0B0B0B0,
    0xB0B0B0B0, 0xB0B0B0B0, 0xB0B0B0B0, 0xB0B0B0B0, 0xB0B0B0B0, 0xB0B0B0B0, 0xB0B0B0B0, 0xB0B0B0B0,
    0xB0B0B0B0, 0xB0B0B0B0, 0xB0B0B0B0, 0xB0B0B0B0, 0xB0B0B0B0, 0xB0B0B0B0, 0xB0B0B0B0, 0xB0B0B0B0,
    0xB0B0B0B0, 0xB0B0B0B0, 0xB0B0B0B0, 0xB0B0B0B0, 0xB0B0B0B0, 0xB0B0B0B0, 0xB0B0B0B0, 0xB0B0B0B0,
    0xB0B0B0B0, 0xB0B0B0B0, 0xB0B0B0B0, 0xB0B0B0B0, 0xB0B0B0B0, 0xB0B0B0B0, 0xB0B0B0B0, 0xB0B0B0B0,
    0xB4B0B0B0, 0xBABABAB8, 0xD6BAB0B0, 0xDBDEDEDE, 0xBAB1B0B0, 0xD6DBD6BF, 0xB0B0B0B0, 0xB2B4B4B4,
    0xB0B0B0B0, 0xB0B0B0B0, 0xB0B0B0B0, 0xB0B0B0B0, 0xB0B0B0B0, 0xB0B0B0B0, 0xB0B0B0B0, 0xB0B0B0B0,
    0xB6BABABA, 0xB0B0B0B1, 0xB6BCBFD6, 0xB0B0B0B1, 0xB0B0B6BE, 0xB0B0B0B0, 0xB0B0B0B0, 0x24B0B0B0,
    0xB0B0B0B0, 0x24B0B0B0, 0xB0B0B0B0, 0x24B0B0B0, 0xB0B0B0B0, 0x2F24B0B0, 0xB0B0B0B0, 0x2F24B0B0,
    0x242424B1, 0xFFFFA92D, 0x2D242424, 0xFFFFFFA9, 0x2E2D2D24, 0xFFFFFFAA, 0xAA2E2E2D, 0xFFFFFFAA,
    0xAA2F2F2E, 0xFFFFFFAA, 0x2F2F2F2F, 0x2EFFAAAA, 0x2F2F2F2F, 0xFE2EAAAA, 0x2F2F2F2F, 0xFE2EAA2F,
    0xAAAAFFFF, 0x302F2F2F, 0xAAFFFFFF, 0x30302FAA, 0x2EFFFFFF, 0x2E2E2E2E, 0xFE2E2EFF, 0xFEFEFEFE,
    0x27FEFE2E, 0x27272727, 0x27FEFEFE, 0x27272727, 0xFE2727FE, 0xFEFEFEFE, 0xFE2727FE, 0xFEFEFEFE,
    0x31303030, 0x31313131, 0x31313130, 0x31313131, 0x3131312E, 0x32313131, 0x312E2EFE, 0x33333231,
    0x2EFEFE27, 0x33333332, 0xFEFEFE27, 0x3533332E, 0xFE2727FE, 0x35352EFE, 0xFE2727FE, 0xA5352EFE,
    0xBA243231, 0xB0B0B0B2, 0x24243332, 0xB0B0B1B6, 0x24333333, 0xB6BCBFDB, 0x35353533, 0xBED5D624,
    0xA5353535, 0xB6BA6324, 0xA5A5A535, 0xB0616124, 0xA6A5A5A5, 0x616124A6, 0xA6A6A6A5, 0x616124A6,
    0xB0B0B0B0, 0xB0B0B0B0, 0xB0B0B0B0, 0xB0B0B0B0, 0xB0B0B0B0, 0xB0B0B0B0, 0xB0B0B0B4, 0xB0B0B0B0,
    0xB0B0B0B1, 0xB0B0B0B0, 0xB0B0B0B0, 0xB0B0B0B0, 0xB0B0B0B0, 0xB0B0B0B0, 0xB0B0B0B0, 0xB0B0B0B0,
    0xB0B0B0B0, 0xB0B0B0B0, 0xB0B0B0B0, 0xB0B0B0B0, 0xB0B0B0B0, 0xB0B0B0B0, 0xB0B0B0B0, 0xB0B0B0B0,
    0xB0B0B0B0, 0xB0B0B0B0, 0xB0B0B0B0, 0xB0B0B0B0, 0xB0B0B0B0, 0xB0B0B0B0, 0xB0B0B0B0, 0xB0B0B0B0,
    0xB1B1B1B1, 0xB1B1B1B1, 0xB1B1B1B1, 0xB1B1B1B1, 0xB2B2B2B2, 0xB2B2B2B2, 0xBAB8B2B2, 0xB2B2B4BA,
    0xBEBEBABA, 0xB2B4BEBE, 0xBEBEBABA, 0xBABFD6BF, 0xC7BFBEBE, 0xDEDEDED6, 0xDBDBDBDB, 0xE1E3E0DE,
    0xB1B1B1B1, 0x9D9D4BB1, 0xB1B1B1B1, 0x9D9D9D4B, 0xB2B2B2B2, 0x9D9D9D4B, 0xB2B2B2B2, 0x9D9D9D4B,
    0x4BB2B2B2, 0x9D9D9D4B, 0x4BB2B2B4, 0x9D9D9D9D, 0x4BBABFDB, 0x97979797, 0x4BBFD6DE, 0x97979797,
    0xFF9D9D9D, 0xFFFFFFFF, 0x9D9D9D9D, 0xFFFFFFFF, 0x9D9D9D9D, 0xFFFFFFFF, 0xFF9D9D9D, 0xFFFFFFFF,
    0xFF9D9D9D, 0x2727FFFF, 0xFF9D9D9D, 0x2727FFFF, 0xFF979797, 0x2727FFFF, 0xFF979797, 0x2727FFFF,
    0x9D9DFFFF, 0x9D9D9D9D, 0x9D9DFFFF, 0x9D9D9D9D, 0x9DFFFFFF, 0x9D9D9D9D, 0xFFFFFFFF, 0x9D9D9D9D,
    0xFFFF2727, 0x9D9D9D9D, 0xFF272727, 0x9D9D9D9D, 0xFF272727, 0x97979797, 0x97FF2727, 0x97979797,
    0x9D9D9D9D, 0x9D9D9D9D, 0xFFFF9D9D, 0x9DFFFFFF, 0xFFFFFF9D, 0xFFFFFFFF, 0xFFFFFFFF, 0xFFFFFFFF,
    0xFFFFFFFF, 0xFF272727, 0x27FFFFFF, 0x27272727, 0x27FFFFFF, 0x27272727, 0xFFFFFF98, 0x27272727,
    0x9F9E9E9D, 0x344B9F9F, 0x9F9F9D9D, 0x4B9F9F9F, 0x9F9F9D9D, 0x4BA29F9F, 0x9F9F9DFF, 0x4BA2A29F,
    0x9F9D9DFF, 0x4BA2A2A2, 0xA29D9DFF, 0xA2A2A2A2, 0xA2A29DFF, 0xA3A2A2A2, 0xA2A2A2FF, 0xA3A3A2A2,
    0xB1B1B1B1, 0xB1B1B1B1, 0xB1B1B134, 0xB1B1B1B1, 0xB2B2B234, 0xB2B2B2B2, 0xB2B23434, 0xB2B2B2B2,
    0xB2B2344B, 0xB2B2B2B2, 0xB234344B, 0xB2B2B2B2, 0xB234344B, 0xB2B2B2B2, 0xB234344B, 0xB2B2B2B2,
    0xB1B1B1B1, 0xB1B1B1B1, 0xB1B1B1B1, 0xB1B1B1B1, 0xB2B2B2B2, 0xB2B2B2B2, 0xB2B2B2B2, 0xB2B2B2B2,
    0xB2B2B2B2, 0xB2B2B2B2, 0xB2B2B2B2, 0xB2B2B2B2, 0xB2B2B2B2, 0xBAB2B2B2, 0xB2B2B2B2, 0xBAB2B2B2,
    0xB1B1B1B1, 0xB1B1B1B1, 0xB1B1B1B1, 0xB1B1B1B1, 0xB2B2B2B2, 0xB2B2B2B2, 0xB2B2B2B2, 0xB2B2B2B2,
    0xB2B2B2B2, 0xB2B2B2B2, 0xB2B2B2B2, 0xB2B2B2B2, 0xBED6D6BF, 0xB2B2B2B4, 0xBFDBDBBF, 0xB2B2B2B4,
    0xB1B1B1B1, 0xB1B1B1B1, 0xB1B1B1B1, 0xB1B1B1B1, 0xB2B2B2B2, 0xB2B2B2B2, 0xB2B2B2B2, 0xB2B2B2B2,
    0xB2B2B2B2, 0xB2B2B2B2, 0xB2B2B2B2, 0xB2B2B2B2, 0xB2B2B2B2, 0xB2B2B2B2, 0xB2B2B2B2, 0xB2B2B2B2,
    0xB1B1B1B1, 0xB1B1B1B1, 0xB1B1B1B1, 0xB1B1B1B1, 0xB2B2B2B2, 0xB2B2B2B2, 0xB2B2B2B2, 0xB2B2B2B2,
    0xB2B2B2B2, 0xB2B2B2B2, 0xB2B2B2B2, 0xB2B2B2B2, 0xB2B2B2B2, 0xB2B2B2B2, 0xB2B2B2B2, 0xB2B2B2B2,
    0xB1B1B1B1, 0xB1B1B1B1, 0xB1B1B1B1, 0xB1B1B1B1, 0xB2B2B2B2, 0xB2B2B2B2, 0xB2B2B2B2, 0xB2B2B2B2,
    0xB2B2B2B2, 0xB2B2B2B2, 0xB2B2B2B2, 0xB2B2B2B2, 0xB2B2B2B2, 0xB2B2B2B2, 0xB2B2B2B2, 0xB2B2B2B2,
    0xB1B1B1B1, 0xB1B1B1B1, 0xB1B1B1B1, 0xB1B1B1B1, 0xB2B2B2B2, 0xB2B2B2B2, 0xB2B2B2B2, 0xB2B2B2B2,
    0xB2B2B2B2, 0xB2B2B2B2, 0xB2B2B2B2, 0xB2B2B2B2, 0xB2B2B2B2, 0xB2B2B2B2, 0xB2B2B2B2, 0xBEBAB5B2,
    0xB1B1B1B1, 0xB1B1B1B1, 0xB1B1B1B1, 0xB1B1B1B1, 0xB4B2B2B2, 0xB2B2B2B2, 0xBEBEB4B2, 0xB2B2B2BA,
    0xBABAB2B2, 0xB2B2B2B8, 0xB8B8B2B2, 0xB8B4B4B5, 0xB8B8B4B2, 0xDEBFBEBA, 0xD6BFBEBE, 0xF5F5E3DB,
    0xB1B1B1B1, 0xB2B1B1B1, 0xB1B1B1B1, 0xB6B1B1B1, 0xBEBAB4B2, 0xD6BFBFBF, 0xDED6BAB4, 0xEAEBE0E0,
    0xDEBFB8B2, 0xE7EBEDE0, 0xE3DED5BA, 0xEEEEF0E3, 0xF3F5F3E3, 0xF6F3EFEF, 0xDEE3F3F6, 0xF6F3E0DE,
    0xDBBFBEB8, 0xF5F5F1E0, 0xE3E0EABF, 0xF5F5F5EF, 0xEFE3E0DD, 0xF5F5F5F5, 0xF0EDDEDE, 0xF5F5F6F6,
    0xEBE7D6D6, 0xF5F5F6F0, 0xEEEEEEEE, 0xF5F5F6F0, 0xF0F4F6F6, 0xF5F6F4F0, 0xF4F6F6F6, 0xF5F4F0F0,
    0xF5F5F5F6, 0xF5F5F3DA, 0xF5F5F5F6, 0xF5F5DADA, 0xF3F5F5F5, 0xF5F5F5DA, 0xF3F5F5F5, 0xF5F5F5F3,
    0xF5F5F5F6, 0xF5F5F5F5, 0xF5F5F5F5, 0xF5F5F5F5, 0xF5F5F5F3, 0xF5F5F5F5, 0xF6F5F3DA, 0xF3F0F4F6,
    0xF5F5F5F5, 0xE0F5F5DA, 0xF5F5F5F5, 0xF5F5F5F5, 0xF5F5F5F5, 0xF5F5F5F5, 0xF6F6F6F6, 0xF5F5F6F6,
    0xF6F6F6F5, 0xF1F5F5F6, 0xF6F6F6F5, 0xDBE3F3F6, 0xF3F5F5F5, 0xB8BEDBE1, 0xE0F3F5F5, 0xB2B2B4BF,
    0xB1B1B8D5, 0xB1B1B1B1, 0xB1B1BEE0, 0xB1B1B1B1, 0xB2B2BFE3, 0xB2B2B2B2, 0xB2B2BFE3, 0xB2B2B2B2,
    0xB2B2B8DB, 0xB2B2B2B2, 0xB2B2B2BA, 0xB2B2B2B2, 0xB2B2B2B2, 0xB2B2B2B2, 0xB2B2B2B2, 0xB2B2B2B2,
    0xB1B1B1B1, 0xB1B1B1B1, 0xB1B1B1B1, 0xB1B1B1B1, 0xB2B2B2B2, 0xB2B2B2B2, 0xB2B2B2B2, 0xB2B2B2B2,
    0xB2B2B2B2, 0xB2B2B2B2, 0xB2B2B2B2, 0xB2B2B2B2, 0xB2B2B2B2, 0xB2B2B2B2, 0xB2B2B2B2, 0xB2B2B2B2,
    0xB1B1B1B1, 0xB1B1B1B1, 0xB1B1B1B1, 0xB1B1B1B1, 0xB2B2B2B2, 0xB2B2B2B2, 0xB2B2B2B2, 0xB2B2B2B2,
    0xB2B2B2B2, 0xB2B2B2B2, 0xB2B2B2B2, 0xB2B2B2B2, 0xB2B2B2B2, 0xB2B2B2B2, 0xB2B2B2B2, 0xB2B2B2B2,
    0xB1B1B1B1, 0xB1B1B1B1, 0xB1B1B1B1, 0xB1B1B1B1, 0xB2B2B2B2, 0xB2B2B2B2, 0xB2B2B2B2, 0xB2B2B2B2,
    0xB2B2B2B2, 0xB2B2B2B2, 0xB2B2B2B2, 0xB2B2B2B2, 0xB2B2B2B2, 0xB2B2B2B2, 0xB2B2B2B2, 0xB2B2B2B2,
    0xB1B1B1B1, 0xB1B1B1B1, 0xB1B1B1B1, 0xB1B1B1B1, 0xB2B2B2B2, 0xB2B2B2B2, 0xB2B2B2B2, 0xB2B2B2B2,
    0xB2B2B2B2, 0xB2B2B2B2, 0xB2B2B2B2, 0xB2B2B2B2, 0xB2B2B2B2, 0xB2B2B2B2, 0xB2B2B2B2, 0xB2B2B2B2,
    0xB1B1B1B1, 0x2F24B1B1, 0xB1B1B1B1, 0x2F24B1B1, 0xB2B2B2B2, 0x2F24B2B2, 0xB2B2B2B2, 0x2F24B2B2,
    0xB2B2B2B2, 0x3024B2B2, 0xB2B2B2B2, 0x3024B2B2, 0xB2B2B2B2, 0x24B2B2B2, 0xB2B2B2B2, 0x24B2B2B2,
    0x2F2F2F2F, 0xFE2E3030, 0x302F2F2F, 0xFEFE2E30, 0x30302F2F, 0xFEFE2E30, 0x30303030, 0xFEFE2E31,
    0x31303030, 0xFEFE2E31, 0x31313130, 0xFE2E3131, 0x31313131, 0xFE2E3131, 0x31313131, 0x2E333231,
    0xFE2727FE, 0xFEFEFEFE, 0xFE2727FE, 0xFEFEFEFE, 0x27FEFEFE, 0x27272727, 0x27FEFEFE, 0x27272727,
    0xFE2727FE, 0xFEFEFEFE, 0xFE2727FE, 0xFEFEFEFE, 0xFE2727FE, 0xFEFEFEFE, 0xFE2727FE, 0xFEFEFEFE,
    0xFE2727FE, 0xA5A52EFE, 0xFE2727FE, 0xA62EFEFE, 0xFEFEFE27, 0xA62EFEFE, 0xFEFEFE27, 0xA62EFEFE,
    0xFE2727FE, 0xA62EFEFE, 0xFE2727FE, 0xA6A62EFE, 0xFE2727FE, 0xA7A72EFE, 0xFE2727FE, 0xA7A7A72E,
    0xA6A6A6A6, 0x616124A6, 0xA6A6A6A6, 0x616124A6, 0xA6A6A6A6, 0x616124A7, 0xA7A7A6A6, 0x616124A7,
    0xA7A7A7A6, 0x636324A7, 0xA7A7A7A7, 0x636324A7, 0xA8A7A7A7, 0x63636324, 0xA8A8A7A7, 0x63636324,
    0xB1B1B161, 0xB1B1B1B1, 0xB1B1B161, 0xB1B1B1B1, 0xB2B2B261, 0xB2B2B2B2, 0xB2B26161, 0xB2B2B2B2,
    0xB2B26363, 0xB2B2B2B2, 0xB2B26363, 0xB2B2B2B2, 0xB2B26363, 0xB2B2B2B2, 0xB2B26363, 0xB2B2B2B2,
    0xB1B1B1B1, 0xB1B1B1B1, 0xB1B1B1B1, 0xB1B1B1B1, 0xB2B2B2B2, 0xB2B2B2B2, 0xB2B2B2B2, 0xB2B2B2B2,
    0xB2B2B2B2, 0xB4B2B2B2, 0xB2B2B2B2, 0xB2B2B2B2, 0xB2B2B2B2, 0xB2B2B2B2, 0xB4B2B2B2, 0xB2B2B2B5,
    0xE0E0E0E0, 0xEFEFEFE3, 0xEFEFEFEF, 0xF5F5F3EF, 0xE0E2EFEF, 0xF3F0E3E0, 0xDBDBDEDE, 0xE3E0DEDB,
    0xBFD6D6DB, 0xBFBFBEBF, 0xBEBFC7D6, 0xB5B8BABC, 0xBCBFD6DB, 0xB7B7B7B5, 0xC7DBDEE0, 0xB7B9BCBE,
    0x4BDBDEE1, 0x97979797, 0x4BE3EFF3, 0x97979797, 0x4BE3EFF3, 0x96969696, 0x4BDDE1E3, 0x9696964B,
    0xB5B8BCBE, 0x9696964B, 0xB5B5B5B5, 0x9595954B, 0xB7B7B7B7, 0x9595954B, 0xB7B7B7B7, 0x95954BB7,
    0x97979797, 0xFFFFFFFF, 0x97979797, 0xFFFF9797, 0xA0A0A096, 0x96969696, 0xA0A0A0A0, 0x969696A0,
    0xA0A0A0A0, 0x969696A0, 0xA0A0A095, 0x95959595, 0x95959595, 0x95959595, 0x95959595, 0x95959595,
    0x9797FF27, 0x98979797, 0x979797FF, 0x98989797, 0x97969696, 0x98989897, 0x97979696, 0x98989898,
    0x98979696, 0x98989898, 0x98982796, 0x98989898, 0x98279896, 0x98989898, 0x98989895, 0x98989898,
    0xFFFF9D98, 0xFFFF27FF, 0xFF9D9D98, 0xA29DFFFF, 0x9D9D9898, 0xA2A29D9D, 0x9D9D9898, 0xA0A2A29D,
    0x9D9B9B98, 0xA0A2A2A2, 0xA2279B98, 0xA2A2A2A2, 0x9C9B279B, 0xA3A2A2A2, 0x9C9C9B9B, 0xA3A2A2A2,
    0xA2A2A2A2, 0xA3A3A3A2, 0xA2A2A2A2, 0xA3A3A3A3, 0xA3A0A0A0, 0xA3A3A3A3, 0xA0A0A0A0, 0x4BA3A3A3,
    0xA0A0A0A0, 0x4BA3A3A3, 0xA3A0A0A0, 0x4BA3A3A3, 0xA3A3A3A3, 0x4BA3A3A3, 0xA3A3A3A3, 0x394BA3A3,
    0x3434344B, 0xB2B2B2B2, 0x3434344B, 0xB2B2B2B2, 0x3434344B, 0xB2B2B2B2, 0x3434344B, 0xB4B4B4B4,
    0x34343434, 0xB4B4B4B4, 0x36363636, 0xB5B5B5B5, 0x39393939, 0xB7B7B5B7, 0x39393939, 0xB7B7B7B7,
    0xB2B2B2B2, 0xB8B2B2B2, 0xB2B2B2B2, 0xD6BFBCB5, 0xBCB8B2B2, 0xE0E0EAE4, 0xBEBEBAB4, 0xE3EBE7C5,
    0xC5BEBAB5, 0xEBEAE7E4, 0xBEBCB8B5, 0xC1C3C3C3, 0xB8B8B7B7, 0xB7B7B7B7, 0xBCBCB9B7, 0xB9B7B7B8,
    0xBED6D6BF, 0xB2B2B2B4, 0xBEBFD6D6, 0xB2B2B4BA, 0xBEC7DBE0, 0xB2B2B5BC, 0xBFDBE0E3, 0xB4B4B5BA,
    0xBEBFE7EA, 0xBABCBCBC, 0xBCBABAC1, 0xDEDBD6BE, 0xC1B9B7B7, 0xEFE3DED6, 0xEAE7C5C1, 0xF5F3EFE0,
    0xB2B2B2B2, 0xB2B2B2B2, 0xB2B2B2B2, 0xB4B2B2B2, 0xB2B2B2B2, 0xBFB8B2B2, 0xB4B4B4B4, 0xE0DEBFB8,
    0xBCB5B5B8, 0xF3F1E0D6, 0xD6C7D6DD, 0xF3F3F1E0, 0xDEDEE0EF, 0xF3F3F3E3, 0xE0E1EFF5, 0xF3F3F3E3,
    0xB2B2B2B2, 0xB2B2B2B2, 0xB2B5BABA, 0xB2B2B2B2, 0xBCBFD6D6, 0xB5B4B2B5, 0xDDDEDEE0, 0xDEDBDBDB,
    0xF4F3F3F3, 0xEFEFE3F0, 0xF6F5F3F3, 0xF3F3F5F5, 0xF3F3F3F3, 0xF3F3F3F3, 0xF1F1F3F3, 0xF3F3F3F3,
    0xB2B2B2B2, 0xB2B2B2B2, 0xB2B2B2B2, 0xB8B4B2B2, 0xB8B4B5B5, 0xBFBFBEBA, 0xDEDEDEE0, 0xDEEEEEE0,
    0xE3E3EFEF, 0xDDDEE1E1, 0xEFF3F3F3, 0xD6DDE0E3, 0xF5F5F3F3, 0xDBE3F3F5, 0xF5F3F3F3, 0xE2F3F3F5,
    0xB4B2B2B2, 0xDEDBE4BA, 0xC7BFBEBA, 0xF3EFEDE7, 0xDBD6C7BF, 0xF5F5EFE0, 0xDBBFBFD6, 0xF3F3F5E1,
    0xC7BEBEC7, 0xDAF3E3DD, 0xBAB8BCBE, 0xF1E2DBBE, 0xB8B8BCBF, 0xEFDED6BE, 0xBCBABED6, 0xE3DED6BE,
    0xEFE3E3E1, 0xF6F5F5F3, 0xF3F3F5F5, 0xF6F5F5F3, 0xF5F5F5F5, 0xF5F5F5F5, 0xF5F5F3F3, 0xF5F5F5F5,
    0xF6F5F3DA, 0xF3F5F5F6, 0xF6F5F3F1, 0xF3F3F5F6, 0xF5F5F3F3, 0xF3F3F5F5, 0xF5F5F5F3, 0xEFF3F3F5,
    0xBFDEF0F6, 0xF4DED6BF, 0xBEDBEFF6, 0xDEDBBFBE, 0xD6DEF6F6, 0xD6C7C7C7, 0xE0F3F5F5, 0xD6D6DDEB,
    0xF6F6F5F3, 0xDEE0EFF4, 0xF6F5F5F3, 0xE3F3F5F5, 0xF5F5F5F5, 0xEFF3F5F5, 0xF3F3EFE3, 0xDBE0EFF3,
    0xEEF5F6F6, 0xE3E0EBED, 0xBFD6EBED, 0xE0DED6BE, 0xBCBEBFC7, 0xDED6BEBA, 0xBED6D6D6, 0xBEB8B5B8,
    0xBFD6DBDE, 0xB4B4B5BA, 0xC7DBDEE0, 0xB5B5B5BC, 0xBEC7D6DE, 0xB7B7B7B8, 0xB7B9BCBF, 0xB7B7B7B7,
    0xF6F5F3DA, 0xDEDBEBF0, 0xE3EFEFEF, 0xD6D6E7EB, 0xDBE0E3E3, 0xB8BABEC7, 0xB4B8BEBF, 0xB4B4B4B4,
    0xB4B4B4B4, 0xB4B4B4B4, 0xB5B5B5B5, 0xB5B5B5B5, 0xB7B7B7B7, 0xB7B7B7B7, 0xB7B7B7B7, 0xB7B7B7B7,
    0xDBE3EFE3, 0xB2B2B2BA, 0xBCD6DBDB, 0xB2B2B2B5, 0xB2B2B5B8, 0xB2B2B2B2, 0xB4B4B4B4, 0xB4B4B4B4,
    0xB4B4B4B4, 0xB4B4B4B4, 0xB5B5B5B5, 0xB5B5B5B5, 0xB7B7B7B7, 0xB7B7B7B7, 0xB7B7B7B7, 0xB7B7B7B7,
    0xB2B2B2B2, 0xB2B2B2B2, 0xB2B2B2B2, 0xB2B2B2B2, 0xB2B2B2B2, 0xB2B2B2B2, 0xB4B4B4B4, 0xB4B4B4B4,
    0xB4B4B4B4, 0xB4B4B4B4, 0xB5B5B5B5, 0xB5B5B5B5, 0xB7B7B7B7, 0xB7B7B7B7, 0xB7B7B7B7, 0xB7B7B7B7,
    0xB2B2B2B2, 0xB2B2B2B2, 0xB2B2B2B2, 0xB2B2B2B2, 0xB2B2B2B2, 0xB2B2B2B2, 0xB4B4B4B4, 0xB4B4B4B4,
    0xB4B4B4B4, 0xB4B4B4B4, 0xB5B5B5B5, 0xB5B5B5B5, 0xB7B7B7B7, 0xB7B7B7B7, 0xB7B7B7B7, 0xB7B7B7B7,
    0xB2B2B2B2, 0xB2B2B2B2, 0xB2B2B2B2, 0xB2B2B2B2, 0xB2B2B2B2, 0xB2B2B2B2, 0xB4B4B4B4, 0xB4B4B4B4,
    0xB4B4B4B4, 0xB4B4B4B4, 0xB5B5B5B5, 0xB5B5B5B5, 0xB7B7B7B7, 0xB7B7B7B7, 0xB7B7B7B7, 0xB7B7B7B7,
    0xB2B2B2B2, 0xB2B2B2B2, 0xB2B2B2B2, 0xB2B2B2B2, 0xB2B2B2B2, 0xB2B2B2B2, 0xB4B4B4B4, 0xB4B4B4B4,
    0xB4B4B4B4, 0xB4B4B4B4, 0xB5B5B5B5, 0xB5B5B5B5, 0xB7B7B7B7, 0xB7B7B7B7, 0xB7B7B7B7, 0xB7B7B7B7,
    0xB2B2B2B2, 0xB2B2B2B2, 0xB2B2B2B2, 0xB2B2B2B2, 0xB2B2B2B2, 0xB2B2B2B2, 0xB4B4B4B4, 0xB4B4B4B4,
    0xB4B4B4B4, 0xB4B4B4B4, 0xB5B5B5B5, 0xB5B5B5B5, 0xB7B7B7B7, 0xB7B7B7B7, 0xB7B7B7B7, 0xB7B7B7B7,
    0xB2B2B2B2, 0x24B2B2B2, 0xB2B2B2B2, 0xB2B2B2B2, 0xB2B2B2B2, 0xB2B2B2B2, 0xB4B4B4B4, 0xB4B4B4B4,
    0xB4B4B4B4, 0xB4B4B4B4, 0xB5B5B5B5, 0xB5B5B5B5, 0xB7B7B7B7, 0xB7B7B7B7, 0xB7B7B7B7, 0xB7B7B7B7,
    0x31313131, 0x2E333332, 0x32313124, 0x35333333, 0x33332424, 0x35353533, 0x333324B4, 0xA5353535,
    0x3524B4B4, 0xA5A5A535, 0x24B5B5B5, 0xA6A5A5A5, 0xB7B7B7B7, 0xA6A62424, 0xB7B7B7B7, 0xA62424B7,
    0x27FEFE2E, 0x27272727, 0x27FE2E2E, 0x27272727, 0x2E2EA5A5, 0x2EFEFE2E, 0xA6A6A6A5, 0xA62E2EA6,
    0xA6A6A6A6, 0xA7A7A6A6, 0xA6A6A6A6, 0xA7A7A7A6, 0xA6A6A6A6, 0xA7A7A7A7, 0xA7A7A6A6, 0xA8A7A7A7,
    0x2EFEFE27, 0xA7A7A72E, 0x2E2EFE27, 0xA8A7A7A7, 0xA7A72E2E, 0xA8A8A7A7, 0xA7A7A7A7, 0xA8A8A8A7,
    0xA8A7A7A7, 0xA9A9A8A8, 0xA8A8A7A7, 0xA9A9A9A8, 0xA8A8A8A7, 0x2424A9A9, 0xA9A9A8A8, 0x782424A9,
    0xA8A8A8A7, 0x63636324, 0x24A9A8A8, 0x63636363, 0x2424A9A8, 0x63636363, 0x6324A9A9, 0x78786363,
    0x636324A9, 0x78787878, 0x78787824, 0x66637878, 0x82828281, 0x78787881, 0x84848483, 0xBE787983,
    0xB2B26363, 0xB2B2B2B2, 0xB5B46363, 0xB8B8B5B4, 0xBEBE6363, 0xD6BFBFBF, 0xDEDEDD81, 0xBFD6DBDE,
    0xBFC7C779, 0xC7BFBEBF, 0xBCBEBE63, 0xD6BEBAB8, 0xD6D6C7BF, 0xD6C7BFD6, 0xDBD6C7BF, 0xDED6D6D6,
    0xBFBAB4B2, 0xB2B2B8BE, 0xE0DBBFBA, 0xB4BAD6DE, 0xEFE0DBD6, 0xBFDBE0EF, 0xF3E3DBBF, 0xDBE0EFF3,
    0xEFEEEBE7, 0xDEE3EFEF, 0xEFEFEEEB, 0xEFF1F3EF, 0xF3F5F0E0, 0xF3F3F5F5, 0xF3F3F3EF, 0xF3F3F5F5,
    0xE3E3E2E0, 0xB9C7DEE3, 0xEFE3E0E0, 0xBEDDEFF3, 0xF3EFE2D7, 0xC7E0EFF3, 0xF3F1DADA, 0xE0F3F3F3,
    0xF3F3F1D9, 0xEFF3F3F3, 0xF3F3F1DA, 0xF3F3F3F1, 0xF1F1F3F3, 0xF3F1F1F1, 0xF1F1F1F3, 0xF1F1F1F1,
    0xB7B7B7B7, 0x95954BB7, 0xB7B7B7B7, 0x954BB7B7, 0xBCB9B7C1, 0x4B4BBCBC, 0xC7BEC7D6, 0x4BDBD6D6,
    0xDEDBDBDE, 0xF1EFEFE0, 0xE3DEDEE1, 0xF1F3F1F1, 0xEFE0E0EF, 0xF1F3F3F3, 0xEFE3EFF1, 0xF3F3F3F3,
    0x95959595, 0x95959595, 0x95959595, 0x95959595, 0x95959595, 0x95959595, 0x95959595, 0x95959595,
    0x9595954B, 0x95959595, 0x95954BF1, 0x98959595, 0x4B4B36F1, 0x98989595, 0x4B36F3F3, 0x9898984B,
    0x27989895, 0x27279827, 0x98989895, 0x9B989898, 0x98989595, 0x9C9B9898, 0x98989895, 0x9C9C9898,
    0x98989898, 0x9C9C9B98, 0x98989898, 0x9C9C9C9B, 0x99989898, 0x9C9C9C9B, 0x99989898, 0x9C9C9C9B,
    0x9C9C9C27, 0xA3A2A29C, 0x9C9C9C9C, 0xA3A3A29C, 0x9C9C9C9C, 0xA3A39C9C, 0x9C9C9C9C, 0xA39C9C9C,
    0x9C9C9C9C, 0xA39C9C9C, 0x9C9C9C9C, 0x9C9C9C9C, 0x9C9C9C9C, 0x9C9C9C9C, 0x9C9C9C9C, 0x4B9C9C9C,
    0xA3A3A3A3, 0x394BA3A3, 0xA3A3A3A3, 0x39394BA3, 0xA3A3A3A3, 0x39394B4B, 0xA3A3A3A3, 0x3939394B,
    0x4BA3A3A3, 0x39393939, 0x394BA3A3, 0x39393939, 0x39394B4B, 0x39393939, 0x3939394B, 0x39393939,
    0xB7393939, 0xB7B7B7B7, 0xB7393939, 0xB7B7B7B7, 0xB7393939, 0xB7B7B7B7, 0xB7B73939, 0xB7B7B7B7,
    0xB7B73939, 0xB7B7B7B7, 0xB7B7B739, 0xB7B7B7B7, 0xB9B9B939, 0xB9B9B9B9, 0xB9B9B9B9, 0xB9B9B9B9,
    0xD6C7C1B9, 0xEEDBDBDB, 0xDEDDE7C1, 0xEFE0DEDE, 0xDEDED6C1, 0xE3E0DEDE, 0xC7BEC0B7, 0xE3DEDBD6,
    0xC7C0B7B7, 0xF3F3E3DD, 0xDBC1B7B7, 0xF3F3F1EF, 0xDDC1B9B9, 0xF3F3F1EF, 0xC7C1B9B9, 0xF3F3EFDE,
    0xF5F5F3F0, 0xF6F6F4F4, 0xF5F5F5F4, 0xEEEEEEF0, 0xEFF5F6F3, 0xEBEADEE1, 0xF3F3F6F3, 0xEDE0E1E3,
    0xF4F6F6F3, 0xDDDEE0EF, 0xEFF4F6F3, 0xE4E4DDE1, 0xE3F3F4F3, 0xB9C0E4DE, 0xDDE3F4F4, 0xB9B9B9C7,
    0xEFF5F6F6, 0xF3EFE2E3, 0xF3F3F6F0, 0xEFF1F1F1, 0xF3F3F3EE, 0xE3F3F1F1, 0xF1F3F3E1, 0xE1F3F1F1,
    0xF1F3EFDE, 0xDEE3F1F1, 0xF1F1E3DD, 0xE7D6DEEF, 0xE0DDC7C1, 0xE7D6DDDE, 0xC7C1B9B9, 0xE4D6D6D6,
    0xDAF1F3F3, 0xF3F3F3F3, 0xDAF1F3EF, 0xF3F3F3F1, 0xE0DEDEDE, 0xF3F3F1D8, 0xDBDBEAEB, 0xF3F3E3DE,
    0xDBD6E7EA, 0xF3F3D7DE, 0xE0DEEAE7, 0xF3F3D9D9, 0xE3DEDBE7, 0xF3F1F1F1, 0xEFDED6E4, 0xF1F1F1DA,
    0xF3F3F3F3, 0xF1F3F3F3, 0xF3F3F3F3, 0xEFF3F3F3, 0xF3F3F3F3, 0xE3F3F3F3, 0xF3F3F3F5, 0xE3F3F3F3,
    0xF3F3F3F5, 0xE3F1F1F1, 0xF1F3F3F3, 0xE3F1F1F1, 0xF1F3F3F3, 0xE0EFF1F1, 0xF1F1F1F1, 0xE0E2EFF1,
    0xBCB8BEDD, 0xE3E3DEC7, 0xBEB8BEDB, 0xF3EFE2DB, 0xBEBCBEDB, 0xF3F3EFDB, 0xBEBEC7DD, 0xEFE3E0D6,
    0xC7C7D6DE, 0xE0DEDDD6, 0xE4E4D6DE, 0xDEDDDBD6, 0xE4C7D6DD, 0xDDD6D6C7, 0xD6D6DDDE, 0xDDD6D6C7,
    0xF3EFEFE3, 0xE0EFF3F3, 0xF3F3F3F3, 0xE3F3F3F3, 0xF1F1F3F3, 0xEFF1F1F1, 0xDAEFEFEF, 0xDEE2D9DA,
    0xE3E3E0E0, 0xD6DEE0E2, 0xE0E0DEDE, 0xC7DDE0E2, 0xE3E1E0DE, 0xC7DDE1E3, 0xE3E1E0DE, 0xD6DEE3E3,
    0xD6DBDDDE, 0xB9B8BEC7, 0xC7D6DEE0, 0xB7B7B9C1, 0xC3D6DEE3, 0xB7B7B7B9, 0xB7B9BED6, 0xB7B7B7B7,
    0xB7B7B7BE, 0xB7B7B7B7, 0xB7B7B7C1, 0xB7B7B7B7, 0xB9B9B9C0, 0xB9B9B9B9, 0xB9B9B9C1, 0xB9B9B9B9,
    0xB7B7B7B7, 0xB7B7B7B7, 0xB7B7B7B7, 0xB7B7B7B7, 0xB7B7B7B7, 0xB7B7B7B7, 0xB7B7B7B7, 0xB7B7B7B7,
    0xB7B7B7B7, 0xB7B7B7B7, 0xB7B7B7B7, 0xB7B7B7B7, 0xB9B9B9B9, 0xB9B9B9B9, 0xB9B9B9B9, 0xB9B9B9B9,
    0xB7B7B7B7, 0xB7B7B7B7, 0xB7B7B7B7, 0xB7B7B7B7, 0xB7B7B7B7, 0xB7B7B7B7, 0xB7B7B7B7, 0xB7B7B7B7,
    0xB7B7B7B7, 0xB7B7B7B7, 0xB7B7B7B7, 0xB7B7B7B7, 0xB9B9B9B9, 0xC1C1B9B9, 0xB9B9B9B9, 0xBEC3C1B9,
    0xB7B7B7B7, 0xB7B7B7B7, 0xB7B7B7B7, 0xB7B7B7B7, 0xB7B7B7B7, 0xB7B7B7B7, 0xB7B7B7B7, 0xB7B7B7B7,
    0xB7B7B7B7, 0xB7B7B7B7, 0xB7B7B7B7, 0xB7B7B7B7, 0xB9B9B9B9, 0xB9B9B9B9, 0xB9B9B9C1, 0xB9B9B9B9,
    0xB7B7B7B7, 0xB7B7B7B7, 0xB7B7B7B7, 0xB7B7B7B7, 0xB7B7B7B7, 0xB7B7B7B7, 0xB7B7B7B7, 0xB9C0B9B7,
    0xBEC0B7B7, 0xE0E0DED6, 0xDEC7BCB7, 0xF1F3F3E3, 0xD6C1B9B9, 0xF1F3EFE0, 0xC1B9B9B9, 0xE3DEDDE4,
    0xB7B7B7B7, 0xB7B7B7B7, 0xB7B7B7B7, 0xB7B7B7B7, 0xB7B7B7B7, 0xB7B7B7B7, 0xB7B7B7B7, 0xB7B7B7B7,
    0xB7C0C7DD, 0xB7B7B7B7, 0xE4DDE3F1, 0xB7B7C1C3, 0xE3EFF1F1, 0xC3E7EAEE, 0xEFEFEFEF, 0xE4EAEEEE,
    0xB7B7B7B7, 0xB7B7B7B7, 0xB7B7B7B7, 0xB7B7B7B7, 0xB7B7B7B7, 0xB7B7B7B7, 0xB7B7B7B7, 0xB7B7B7B7,
    0xB7B7B7B7, 0xB7B7B7B7, 0xB7B7B7B7, 0xB7B7B7B7, 0xB9B9B9C0, 0xB9B9B9B9, 0xC0C0C0C1, 0xB9B9B9B9,
    0xB7B7B7B7, 0xB7B7B7B7, 0xB7B7B7B7, 0xB7B7B7B7, 0xB7B7B7B7, 0xB7B7B7B7, 0xB7B7B7B7, 0xB7B7B7B7,
    0xB7B7B7B7, 0xB7B7B7B7, 0xB7B7B7B7, 0xB7B7B7B7, 0xB9B9B9B9, 0xB9B9B9B9, 0xB9B9B9B9, 0xB9B9B9B9,
    0xB7B7B7B7, 0xB7B7B7B7, 0xB7B7B7B7, 0xB7B7B7B7, 0xB7B7B7B7, 0xB7B7B7B7, 0xB7B7B7B7, 0xB7B7B7B7,
    0xB7B7B7B7, 0xB7B7B7B7, 0xB7B7B7B7, 0xB7B7B7B7, 0xB9B9B9B9, 0xB9B9B9B9, 0xB9B9B9B9, 0xB9B9B9B9,
    0xB7B7B7B7, 0xB7B7B7B7, 0xB7B7B7B7, 0xB7B7B7B7, 0xB7B7B7B7, 0xB7B7B7B7, 0xB7B7B7B7, 0xB7B7B7B7,
    0xB7B7B7B7, 0xB7B7B7B7, 0xB7B7B7B7, 0xB7B7B7B7, 0xB9B9B9B9, 0xB9B9B9B9, 0xB9B9B9B9, 0xB9B9B9B9,
    0xB7B7B7B7, 0x246565B7, 0xB7B7B7B7, 0x6565B7B7, 0xB7B7B7B7, 0x65B7B7B7, 0xB7B7B7B7, 0xB7B7B7B7,
    0xB7B7B7B7, 0xB7B7B7B7, 0xB7B7B7B7, 0xB7B7B7B7, 0xB9B9B9B9, 0xB9B9B9B9, 0xB9B9B9B9, 0xB9B9B9B9,
    0xA7A72424, 0xA8A8A7A7, 0x24246565, 0x24242424, 0x65656565, 0x65656565, 0x65656565, 0x65656565,
    0x6565B7B7, 0x65656565, 0xB7B7B7B7, 0x65656565, 0xB9B9B9B9, 0x66B9B9B9, 0xB9B9B9B9, 0xB9B9B9B9,
    0x2424A9A8, 0x78787824, 0x65652424, 0x65656565, 0x65656565, 0x65656565, 0x65656565, 0x65656565,
    0x65656565, 0x65656565, 0x65656565, 0x65656565, 0x66666666, 0xB9B9B966, 0xB9B9B9B9, 0xB9B9B9B9,
    0x81817979, 0xC7787981, 0x78786665, 0xB9C17878, 0x65656565, 0xB7B7B765, 0x65656565, 0xB7B7B7B7,
    0xB7B76565, 0xB7B7B7B7, 0xB7B7B7B7, 0xB7B7B7B7, 0xB9B9B9B9, 0xB9B9B9B9, 0xB9B9B9B9, 0xB9B9B9B9,
    0xC3BFC7C7, 0xDED6C7BE, 0xC1B9B9B9, 0xDED6BEC1, 0xB9B7B7B7, 0xE0DBC7BC, 0xB7B7B7B7, 0xE0DBC7BC,
    0xB7B7B7B7, 0xDDD6BEC1, 0xC3B9B7B7, 0xDDD6D6C7, 0xBEC1B9B9, 0xDEDBD6C7, 0xC7C3B9B9, 0xE0DEDBD6,
    0xF5F3F3EF, 0xEFF3F3F3, 0xF3F3F3EF, 0xDEEFF3F3, 0xF3F3F1EF, 0xDEEFF3F3, 0xF3F3F3EF, 0xD6E0F3F3,
    0xF3F3EFE1, 0xDBE0EFF3, 0xE3E3E3E0, 0xDEDEDEED, 0xDEE0E0E0, 0xDDDDEAEA, 0xE0E3E3E3, 0xE0DEDEDD,
    0xF1D9F1F3, 0xF1F1F1F1, 0xD9D9F1F3, 0xF3F1F1EF, 0xD9EFF1F1, 0xF3F1F1D9, 0xEFEFEFEF, 0xF3F1F1EF,
    0xEFEFD9D9, 0xF3F1F1EF, 0xEFEFD9D9, 0xF3F1EFEF, 0xEFD9EFF1, 0xF1EFEFEF, 0xD9EFEFF1, 0xF3EFD9D9,
    0xEFEFF1F1, 0xF3F3F3F1, 0xF1F3F3F3, 0xF3F3F3F1, 0xF3F3F3F3, 0xF3F3F3F1, 0xF3F3F3F3, 0xE1E3EFF3,
    0xF3F3F3F3, 0xE8EAEEF0, 0xF3F3F3F3, 0xEBEBEBEF, 0xF3F4F3F3, 0xEBDEDEE3, 0xF0F3F3F3, 0xE8DDEBEE,
    0x36EFEFF3, 0x984B4B36, 0xE3E1E3F3, 0x4B363636, 0xE7EBE3F3, 0x393939E4, 0xC4E7EAEB, 0x3939C1C1,
    0xC1C1C4E4, 0xC0C0C0C1, 0xC4E4E8EA, 0xC0C1C1C1, 0xE4E8EBEB, 0xC0C1C1C4, 0xE4E7E8E8, 0xC0C1C4E4,
    0x99999898, 0x9C9C9B9B, 0x994B4B4B, 0x9C9C9B9B, 0x4B4B3939, 0x4B4B4B4B, 0x39393939, 0x39393939,
    0x39393939, 0x39393939, 0x3939C0C0, 0x39393939, 0xC0C0C0C0, 0x393939C0, 0xC0C0C0C0, 0xC0C0C0C0,
    0x9C9C9C9C, 0x394B4B9C, 0x4B4B4B9C, 0x3939394B, 0x39394B4B, 0x39393939, 0x39393939, 0x39393939,
    0x39393939, 0x39393939, 0x39393939, 0x39393939, 0x39393939, 0xC0C0C039, 0xC0C0C0C0, 0xC0C0C0C0,
    0x39393939, 0xC0393939, 0x39393939, 0xC0C03939, 0x39393939, 0xC0C0C039, 0x39393939, 0xC0C0C0C0,
    0xC0C03939, 0xC0C0C0C0, 0xC0C0C0C0, 0xC0C0C0C0, 0xC0C0C0C0, 0xC0C0C0C0, 0xC0C0C0C0, 0xC0C0C0C0,
    0xC0C0C0C0, 0xC0C0C0C0, 0xC0C0C0C0, 0xC0C0C0C0, 0xC0C0C0C0, 0xC0C0C0C0, 0xC0C0C0C0, 0xC0C0C0C0,
    0xC0C0C0C0, 0xC0C0C0C0, 0xC0C0C0C0, 0xC0C0C0C0, 0xC0C0C0C0, 0xC0C0C0C0, 0xC0C0C0C0, 0xC0C0C0C0,
    0xC3C0C0C0, 0xE1DEDDD6, 0xC0C0C0C0, 0xC3C4C3C1, 0xC0C0C0C0, 0xC0C0C0C0, 0xC0C0C0C0, 0xC0C0C0C0,
    0xC0C0C0C0, 0xC0C0C0C0, 0xC0C0C0C0, 0xC0C0C0C0, 0xC0C0C0C0, 0xC0C0C0C0, 0xC0C0C0C0, 0xC0C0C0C0,
    0xC0C7EAEE, 0xC0C0C0C0, 0xC0C0C0C1, 0xC0C0C0C0, 0xC0C0C0C0, 0xC0C0C0C0, 0xC0C0C0C0, 0xC0C0C0C0,
    0xC0C0C0C0, 0xC0C0C0C0, 0xC0C0C0C0, 0xC0C0C0C0, 0xC0C0C0C0, 0xC0C0C0C0, 0xC0C0C0C0, 0xC0C0C0C0,
    0xC0C0C0C0, 0xC1C0C0C0, 0xC0C0C0C0, 0xC0C0C0C0, 0xC0C0C0C0, 0xC0C0C0C0, 0xC0C0C0C0, 0xC0C0C0C0,
    0xC0C0C0C0, 0xC0C0C0C0, 0xC0C0C0C0, 0xC0C0C0C0, 0xC0C0C0C0, 0xC0C0C0C0, 0xC0C0C0C0, 0xC0C0C0C0,
    0xD9E0DDE4, 0xD9D9F1D9, 0xE0DBC4C0, 0xD9EFF1F1, 0xE4C1C0C0, 0xEFE3E0DD, 0xC0C0C0C0, 0xE0D6C1C0,
    0xC0C0C0C0, 0xD6C0C0C0, 0xC0C0C0C0, 0xC4C0C0C0, 0xC0C0C0C0, 0xE4C1C0C0, 0xC4C0C0C0, 0xDEDBC7E4,
    0xF1F1DADA, 0xEFEFF3F3, 0xF1F1EFD9, 0xF1F1F3F3, 0xF3F1F1D9, 0xF3F1F1F1, 0xF3F1F1EF, 0xF3F3F1F3,
    0xEFEFEFE1, 0xEFEEEEE3, 0xEADDDDD6, 0xE3EBEAEA, 0xE8DDDDD6, 0xE3DDE7E7, 0xE3EFD9E3, 0xE3E3E0E0,
    0xE3EFF1EF, 0xEBEBDEDE, 0xF1F1F1F1, 0xDEE0E1E3, 0xF1F1F3F3, 0xE0E3EFF1, 0xF1F1F3F3, 0xDEE0E3EF,
    0xF1F3F3F3, 0xDDE0E3EF, 0xF1F3F3F3, 0xE0EFEFEF, 0xF3F3F3F3, 0xE3F1F1F1, 0xF3F3EFEF, 0xE3EFF3F3,
    0xE0DEDEDE, 0xE4DEE1E1, 0xDEDDDDDE, 0xE7DDDEDE, 0xE7D6DDDE, 0xE7E7E7E7, 0xC4E4D6DD, 0xE4C4C4C4,
    0xC0C1C3D6, 0xC1C0C0C0, 0xC0C1C4DB, 0xC4C1C0C0, 0xC4E7DDDE, 0xD6E4C4C4, 0xEBE1E3E3, 0xE0DEEAEA,
    0xC0C0C0C1, 0xC0C0C0C0, 0xC1C1C3E4, 0xC0C0C0C0, 0xEAEBDDD6, 0xC0C0C1E7, 0xEEEEDED6, 0xE4E8DEE3,
    0xF4EEDEE4, 0xDDE3F0F4, 0xF0E1DDE4, 0xE0EFF3F3, 0xF1E3E0DD, 0xE3F1F1F1, 0xEFEFD9D9, 0xD9EFEFEF,
    0xC0C0C0C0, 0xC0C0C0C0, 0xC0C0C0C0, 0xC0C0C0C0, 0xC0C0C0C0, 0xC0C0C0C0, 0xC1C4C4C4, 0xC0C0C0C1,
    0xC1C3C4D6, 0xC0C0C0C0, 0xC4C7D6DD, 0xC0C0C0C1, 0xDDDEE0E0, 0xC0C0C2E4, 0xE0D8D9D9, 0xC0C4DDDE,
    0xC0C0C0C0, 0xD6D6C3C0, 0xC0C0C0C0, 0xD6E4C3C0, 0xC0C0C0C0, 0xC4C1C0C0, 0xC0C0C0C0, 0xC0C0C0C0,
    0xC0C0C0C0, 0xC0C0C0C0, 0xC0C0C0C0, 0xC0C0C0C0, 0xC0C0C0C0, 0xC0C0C0C0, 0xC0C0C0C0, 0xE4E4C4C0,
    0xC0C3D6D6, 0xC0C0C0C0, 0xC3C7D6DB, 0xC0C0C0C0, 0xC0C1C3C4, 0xC0C0C0C0, 0xC0C0C0C0, 0xC0C0C0C0,
    0xC0C0C0C0, 0xC0C0C0C0, 0xC0C0C0C0, 0xC3C4C4C1, 0xC4C1C1C1, 0xC4C4C4C4, 0xE4E4E4E7, 0xE4E4C7C7,
    0xC1C0C0C0, 0xD6C7E4C4, 0xC0C0C0C0, 0xC1C0C0C1, 0xC0C0C0C0, 0xC0C0C0C0, 0xC0C0C0C0, 0xC0C0C0C0,
    0xC0C0C0C0, 0xC0C0C0C0, 0xC0C0C1C1, 0xC0C0C0C0, 0xC0C0C1C4, 0xC0C0C0C0, 0xC4C4E4E7, 0xC0C1C1C1,
    0xE3E3E0DE, 0xC0C1E7EB, 0xEADDD6C7, 0xC0C0C4E7, 0xC0C0C0C0, 0xC1C3C1C1, 0xC0C0C0C0, 0xC0C0C0C0,
    0xC0C0C0C0, 0xC0C0C0C0, 0xC0C0C0C0, 0xC4C1C0C0, 0xC0C0C0C0, 0xD6C7C4C1, 0xC4C1C0C0, 0xC7C4C4C4,
    0xC0C0C0C0, 0xC0C0C0C0, 0xC0C0C0C0, 0xC0C0C0C0, 0xC0C0C0C0, 0xC0C0C0C0, 0xC0C0C0C0, 0xC0C0C0C0,
    0xC0C0C0C0, 0xC0C0C0C0, 0xC0C0C1C4, 0xC0C0C0C0, 0xC0C4E4C7, 0xC0C0C0C0, 0xD6DBD6D6, 0xC0C0C4D6,
    0xC0C0C0C0, 0xC0C0C0C0, 0xC0C0C0C0, 0xC0C0C0C0, 0xC0C0C0C0, 0xC0C0C0C0, 0xC0C0C0C0, 0xC0C0C0C0,
    0xC0C0C0C0, 0xC0C0C0C0, 0xC0C0C0C0, 0xC0C0C0C0, 0xC0C0C0C0, 0xC0C0C0C0, 0xC0C0C0C0, 0xC0C0C0C0,
    0xC0C0C0C0, 0xC0C0C0C0, 0xC0C0C0C0, 0xC0C0C0C0, 0xC0C0C0C0, 0xC0C0C0C0, 0xC0C0C0C0, 0xC0C0C0C0,
    0xC0C0C0C0, 0xC0C0C0C0, 0xC0C0C0C0, 0xC0C0C0C0, 0xC0C0C0C0, 0xC0C0C0C0, 0xC0C0C0C0, 0x25C0C0C0,
    0xC0C0C0C0, 0xC0C0C0C0, 0xC0C0C0C0, 0xC0C0C0C0, 0xC0C0C0C0, 0xC0C0C0C0, 0xC0C0C0C0, 0xC0C0C0C0,
    0xC0C0C0C0, 0xC0C0C0C0, 0xC0C0C0C0, 0xC0C0C0C0, 0x252525C0, 0xC0252525, 0x26262625, 0x253D3D3D,
    0xC0C0C0C0, 0xC0C0C0C0, 0xC0C0C0C0, 0xC0C0C0C0, 0xC0C0C0C0, 0xC0C0C0C0, 0xC0C0C0C0, 0xC0C0C0C0,
    0xC0C0C0C0, 0xC0C0C0C0, 0xC0C0C0C0, 0xC0C0C0C0, 0xC0C0C0C0, 0xC0C0C0C0, 0xC0C0C025, 0xC1C0C0C0,
    0xC0C0C0C0, 0xC0C0C0C0, 0xC0C0C0C0, 0xC0C0C0C0, 0xC0C0C0C0, 0xC0C0C0C0, 0xC0C0C0C0, 0xC0C0C0C0,
    0xC0C0C0C0, 0xC1C1C0C0, 0xC1C0C0C0, 0xE4E4E4C4, 0xC4C4C1C0, 0xE4D6D6E4, 0xC4C4C4C4, 0xC4E4E7E4,
    0xC0C0C0C0, 0xC0C0C0C0, 0xC0C0C0C0, 0xC0C0C0C0, 0xC0C0C0C0, 0xC0C0C0C0, 0xC0C0C0C0, 0xC1C0C0C0,
    0xC0C0C0C0, 0xE4C4C1C0, 0xC1C1C1C4, 0xE0DDE4C4, 0xC4C2C4C4, 0xE3DEE7C4, 0xC2C1C1C1, 0xDEE7C4C4,
    0xC0C0C0C0, 0xC0C0C0C0, 0xC0C0C0C0, 0xEBE7C3C0, 0xE4C4C1C0, 0xF3EFEBE8, 0xDEDDD6C4, 0xF1F3F3E3,
    0xEFE3DEDD, 0xF1F3F3F3, 0xF1F1F1EF, 0xF1F3F3F3, 0xF3F1F1F1, 0xF1F1F3F3, 0xF1F1F1EF, 0xEFF1F3F3,
    0xDDDBE7C4, 0xF3E3E0DE, 0xEFEFEFE3, 0xF3F1D9D9, 0xF1F1F1F3, 0xF1F1F1F1, 0xF1F1F1F1, 0xF1F1F1F1,
    0xEFEFF1F1, 0xEFEFF1F1, 0xF1EFEFEF, 0xEFEFF1F1, 0xF1F1EFEF, 0xEFEFF3F3, 0xF1EFEFEF, 0xF1EFF1F1,
    0xF1F3F3F3, 0xEFEFEFEF, 0xF3F3F1F1, 0xF3F3F1F1, 0xF3F3F1F1, 0xF3F3F3F3, 0xF3F3F1F1, 0xF3F3F3F3,
    0xF3F3F3F1, 0xF1F3F1F3, 0xF3F3F1F1, 0xF1F1F1F1, 0xEFF1F1F1, 0xEFEFEFEF, 0xEFEFF1F1, 0xD9D9D9D9,
    0xD9EFEFEF, 0xF3EFD9D9, 0xEFEFF1F1, 0xF3F1EFD9, 0xF1F3F3F3, 0xF3F1EFEF, 0xEFF1F3F3, 0xF3F3EFEF,
    0xEFEFEFEE, 0xF3F1EFEF, 0xE3EBEBEA, 0xF1EFEFEF, 0xEAE8E8E8, 0xEFE3E1EB, 0xE5E4E4E4, 0xE8E8E8E8,
    0xEBE1EFF4, 0xC4E4E7EA, 0xEAE1E3F0, 0xC1C2C4E8, 0xEFF1F1F3, 0xC1C4E7EB, 0xEFEFF1F3, 0xC2C4DDE3,
    0xEFEFF1F3, 0xC2E4DDE0, 0xEFEFEFF3, 0xC4E8DEE3, 0xE0E3E3EF, 0xC2E8DEE0, 0xE4E4E5E5, 0xC2C2C2E4,
    0xE4E4E4C4, 0xC0C0C2C4, 0xC4C2C1C1, 0xC0C0C1C4, 0xC1C1C1C1, 0xC1C1C1C1, 0xC2C2C2C2, 0xC2C2C2C2,
    0xC2C2C2C2, 0xC2C2C2C2, 0xC2C2C2C2, 0xC2C2C2C2, 0xC2C2C2C2, 0xC2C2C2C2, 0xC2C2C2C2, 0xC2C2C2C2,
    0xC0C0C0C0, 0xC0C0C0C0, 0xC0C0C0C0, 0xC0C0C0C0, 0xC1C1C1C1, 0xC1C1C1C1, 0xC2C2C2C2, 0xC2C2C2C2,
    0xC2C2C2C2, 0xC2C2C2C2, 0xC2C2C2C2, 0xC2C2C2C2, 0xC2C2C2C2, 0xC2C2C2C2, 0xC2C2C2C2, 0xC2C2C2C2,
    0xC0C0C0C0, 0xC0C0C0C0, 0xC0C0C0C0, 0xC0C0C0C0, 0xC1C1C1C1, 0xC1C1C1C1, 0xC2C2C2C2, 0xC2C2C2C2,
    0xC2C2C2C2, 0xC2C2C2C2, 0xC2C2C2C2, 0xC2C2C2C2, 0xC2C2C2C2, 0xC2C2C2C2, 0xC2C2C2C2, 0xC2C2C2C2,
    0xC0C0C0C0, 0xC0C0C0C0, 0xC0C0C0C0, 0xC0C0C0C0, 0xC1C1C1C1, 0xC1C1C1C1, 0xC2C2C2C2, 0xC2C2C2C2,
    0xC2C2C2C2, 0xC2C2C2C2, 0xC2C2C2C2, 0xC2C2C2C2, 0xC2C2C2C2, 0xC2C2C2C2, 0xC2C2C2C2, 0xC2C2C2C2,
    0xC0C0C0C0, 0xC0C0C0C0, 0xC0C0C0C0, 0xC0C0C0C0, 0xC1C1C1C1, 0x2AC1C1C1, 0xC2C2C2C2, 0x2A2AC2C2,
    0xC2C2C2C2, 0x942A2AC2, 0xC2C2C2C2, 0xFF942B2A, 0xC2C2C2C2, 0xFF942C2A, 0x2AC4C4C4, 0xFF942C2C,
    0xC0C0C0C0, 0xC0C0C0C0, 0x2A2A2AC0, 0xC02A2A2A, 0x2C2B2B2A, 0x2A2C2C2C, 0x2C2C2C2B, 0x2C2C2C2C,
    0x2C9494FF, 0x4C4C2C2C, 0xCB94FFFF, 0x8D814C2C, 0x2B2B2BFF, 0x8D2B2B2B, 0xFEFEFE2B, 0x2BFEFEFE,
    0xC0C0C0C0, 0xC0C0C0C0, 0xC0C0C0C0, 0xC0C0C0C0, 0xC1C1C12A, 0xC1C1C1C1, 0xC2C22A4C, 0xC2C2C2C2,
    0xC22A8D8D, 0xC2C2C2C2, 0x2A8E8D8D, 0xC2C2C2C2, 0x2A928E8D, 0xC2C2C266, 0x9292928E, 0xC2C2662A,
    0xC0C0C0C0, 0xC0C0C0C0, 0xC0C0C0C0, 0xC0C0C0C0, 0xC1C1C1C1, 0xC2C1C1C1, 0xC2C2C2C2, 0xE4C2C2C2,
    0xC2C2C2C2, 0xEAC4C2C2, 0xC2C2C2C2, 0xEAE8C4C2, 0xC4C2C2C2, 0xDEDDEAE8, 0xC2C2C2C2, 0xDEDDE8E4,
    0xDDC7C0C0, 0xD9D7E0DE, 0xE0DDE4C1, 0xD9D9D9D7, 0xDEDDE8C4, 0xE3EFEFE3, 0xE0DEEBEA, 0xE3EFEFE3,
    0xEFF1F0EE, 0xE3EFEFEF, 0xE3E3E3E1, 0xEFEFE3E3, 0xE3E1E0DE, 0xF1EFEFE3, 0xEFD9D7E0, 0xEFEFEFEF,
    0xEFEFEFEF, 0xEFEFE3E3, 0xEFEFEFEF, 0xEFEFEFEF, 0xF3F1E3E3, 0xD9EFEFF1, 0xF3EFE1E1, 0xEFF1F1F3,
    0xF3F3E3E3, 0xF3F3F3F3, 0xF3F3E3E3, 0xF1F3F1F3, 0xF3F3EFEF, 0xEFEFEFF3, 0xF3F1EFEF, 0xD9EFEFEF,
    0xF3F1EFD9, 0xF3F3F4F4, 0xF3F1EFEF, 0xF3F3F3F3, 0xF3F1EFEF, 0xEFEFEFEF, 0xEFEFEFEF, 0xF1EFEFEF,
    0xEFEFEFEF, 0xF3F1EFEF, 0xEFEFEFEF, 0xEFEFEFEF, 0xEFEFEFEF, 0xEFEFEFEF, 0xEFEFD9D9, 0xEFEFEFEF,
    0xEEE3EFF0, 0xD9EFE3E1, 0xDEDEE3F3, 0xD9EFEFE1, 0xDDDEEFF3, 0xD9D9E2DE, 0xDEE3F1F3, 0xD9D9D7E0,
    0xE0E3EFF1, 0xD7D7D7E0, 0xE0E3EFF1, 0xDEE0E0E0, 0xDDE0EFEF, 0xD6D6D6DD, 0xE8DEEFEF, 0xC4C4C4E4,
    0xEFD9D9D9, 0xD9D9EFF1, 0xEFD9D9D9, 0xD9D9EFEF, 0xD9D9D9D9, 0xD9D9D9D9, 0xDEE0D8D9, 0xD8D7D7CD,
    0xC7D6DDE0, 0xDBD6C7C7, 0xDDDDDEDE, 0xC4C4E4D6, 0xDEDEDEDD, 0xC2C2C4D6, 0xE4E8E4C4, 0xC2C2C2C4,
    0xCDD7D9D9, 0xE4DDE0CD, 0xDEDEE2D9, 0xDEE0E0E0, 0xDDDEE0D9, 0xDEDEDDDD, 0xDDDEE0D7, 0xE0DEDDDD,
    0xDEDEDEDD, 0xE0E1E0DE, 0xDDDDE7E4, 0xDDDDEAEB, 0xEAE8C4C2, 0xC4E4E8EA, 0xE8C4C2C2, 0xE8EAEBEB,
    0xC2C0C0C1, 0xE8D6C7C4, 0xE4E7E8EA, 0xE4E4E4E4, 0xDDDEE0E0, 0xE4E7E7E8, 0xE8DEE3E2, 0xC2C4C4E4,
    0xE4DDE0E0, 0xC2C2C2C2, 0xC2C4E7D6, 0xC2C2C2C2, 0xC2C2C2C4, 0xC2C2C2C2, 0xC2C2C2E4, 0xC2C2C2C2,
    0xC7E7E8E8, 0xE7E4C7C7, 0xE4E4E4E4, 0xDDD6E4E4, 0xE4C4C4C4, 0xDEDDDDE8, 0xE7C4C2C2, 0xE0DEDEDD,
    0xDDE4C2C2, 0xDEDEDEDE, 0xDDE4C4C2, 0xDEDEDEDE, 0xE8E4C4C2, 0xDDDDDDE8, 0xC4C2C2C2, 0xDDD6E5E4,
    0xD6DDDDEA, 0xC4E4C7D6, 0xE0E0E0DE, 0xC4E4DDDE, 0xD9D9D9E3, 0xE4E7DEE3, 0xD9D9D9D7, 0xC4E4DDE0,
    0xDEE0CDCD, 0xC4C4E4DD, 0xDDDEDEDE, 0xE4C4E4E7, 0xE8DDDDDD, 0xE8E8E8E8, 0xDDDDDDDD, 0xDEDEDEDE,
    0xC1C1C1C2, 0xC7C4C2C1, 0xC0C0C0C2, 0xC7C4C2C0, 0xC4C4C4C4, 0xD6E4C4C4, 0xE4C4C4C4, 0xDDD6E4E4,
    0xE4C4C4C4, 0xE0DEDDD6, 0xDEEAE8E4, 0xE3E0E0E0, 0xEFE3EEEA, 0xE3E3E3D9, 0xE2E1E1EB, 0xD9D9D8D7,
    0xE0E0DED6, 0xC2C7DDDE, 0xD7E0DEDB, 0xC7DDE0D7, 0xE2E0DEDD, 0xDEE0E2D7, 0xE3E3E0DE, 0xE1EFEFEF,
    0xEFE3E3E1, 0xEFEFEFEF, 0xEFEFEFEF, 0xEFEFEFEF, 0xEFEFEFEF, 0xEFEFEFEF, 0xEFEFD9D9, 0xEFEFEFEF,
    0xC0C0C0C0, 0xC0C0C0C0, 0xC0C0C0C4, 0xC0C0C0C0, 0xC1C1C4D6, 0xC1C1C1C1, 0xC2C2E4DD, 0xC2C2C2C2,
    0xE4E8DEE1, 0xC2C2C2C4, 0xEADEE0EF, 0xE4E4E5E8, 0xE3EFEFEF, 0xDDDEDEE3, 0xEFEFEFEF, 0xD9D9EFEF,
    0xC0C0C0C0, 0x262525C0, 0xC0C0C0C0, 0xC9262525, 0xC2C2C1C1, 0xFFC92625, 0x25C4C2C2, 0xFFFFC926,
    0x25C4C4C2, 0xFFFFC926, 0x2625E8E4, 0x26C93D3D, 0x3D25E0DE, 0x26C93D3D, 0x3D25D9D9, 0x263D3D3D,
    0x3D262626, 0x3D3D3D3D, 0x3D3DC9C9, 0x3D3D3D3D, 0x3DC9FFFF, 0x413D3D3D, 0x2626FFFF, 0x41412626,
    0xFEFE2626, 0x2626FEFE, 0xFEFEFE26, 0x26FEFEFE, 0x27FEFEFE, 0xFEFE2727, 0xFEFEFEFE, 0xFEFE27FE,
    0xC125253D, 0xE4C4C4C2, 0x25254141, 0xE7E8E8E8, 0x25414141, 0xEAEAEBEB, 0x41414141, 0xEFEFF325,
    0x41414141, 0xD9EF8E25, 0x48414126, 0xD9822548, 0x48484826, 0xEF82255B, 0x5B484826, 0x8282255B,
    0xE4E4E4E7, 0xE4EAEAE8, 0xEAE8D6D6, 0xDDDEDEEB, 0xE3E0DDDD, 0xDEE0E3EF, 0xF1EFD9D8, 0xD7EFEFF1,
    0xEFEFD9D9, 0xD9EFEFF1, 0xEFEFD9D9, 0xD9EFEFEF, 0xEFEFD9EF, 0xD9EFEFEF, 0xD9EFEFEF, 0xE1E3D9D9,
    0xE4E4E4E4, 0xE0DDE7E7, 0xE0DEDDD6, 0xEFE3E3E3, 0xD9D7DEDE, 0xF1EFEFEF, 0xD9D9D7CD, 0xEFEFD9D9,
    0xEFD9D9D9, 0xEFEFD8D9, 0xD9D9D9D9, 0xEFEFD9D9, 0xE2EFEFEF, 0xEFEFEFE3, 0xE3E3E3E1, 0x28EFEFE3,
    0xEFEFF1EF, 0xEFEFF3F3, 0xF1EFEFEF, 0x282828F3, 0x28F1EFEF, 0x29292928, 0x2928EFEF, 0x29292929,
    0xAA2928EF, 0x29ACAAFF, 0xFFAA2928, 0xACACFFFF, 0xFFAA2928, 0x292929FF, 0xFFAC2929, 0xFEFEFE29,
    0xEFEFD9D9, 0xF3F1EFEF, 0xEF282828, 0xF1EFEFEF, 0x28322929, 0xEFEFD928, 0x5D373229, 0xD9D92862,
    0x625D3737, 0xD9286766, 0x6662625D, 0x28676767, 0x67292929, 0x28676767, 0x29FEFEFE, 0x67676767,
    0xEFF1F1F1, 0xD9D9D9D9, 0xEFEFEFEF, 0xD9D9D9D9, 0xEFEFEFEF, 0xEFEFEFEF, 0xEFEFD9D9, 0xD9D9EFEF,
    0xEFEFD9D9, 0xD9D9EFEF, 0xD9D9D8D9, 0xEFEFEFEF, 0xE0DEDE81, 0xEFEFD9D7, 0xDED67928, 0xEFEFD8E0,
    0xC2C2C2C2, 0xC2C4C4C4, 0xC2C2C2C2, 0xC4C4C2C2, 0xC2C2C2C2, 0xC2C2C2C2, 0xC2C2C2C2, 0xC2C2C2C2,
    0xE5E5E5E5, 0xC2C6E5E5, 0xDEDEDDDD, 0xE5E8EAEA, 0xE1E1E0CD, 0xE5E8EBE1, 0xE1E3D7D7, 0xE8EAEBDF,
    0xC2C2C2C2, 0xC2C2C2C2, 0xC2C2C2C2, 0xC2C2C2C2, 0xC2C2C2C2, 0xC2C2C2C2, 0xC2C2C2C2, 0xC2C2C2C2,
    0xC2C2C2C2, 0xC2C2C2C2, 0xC4C4C4C6, 0xC4C4C4C4, 0xC6C6C6C6, 0xC6C6C6C6, 0xE8E8E8E8, 0xC6C6C6E5,
    0xC2C2C2C2, 0xC2C2C2C2, 0xC2C2C2C2, 0xC2C2C2C2, 0xC2C2C2C2, 0xC2C2C2C2, 0xC2C2C2C2, 0xC2C2C2C2,
    0xC2C2C2C2, 0xC2C2C2C2, 0xC4C4C4C4, 0xC4C4C4C4, 0xC6C6C6C6, 0xC6C6C6C6, 0xC6C6C6C6, 0xC6C6C6C6,
    0xC2C2C2C2, 0xC2C2C2C2, 0xC2C2C2C2, 0xC2C2C2C2, 0xC2C2C2C2, 0xC2C2C2C2, 0xC2C2C2C2, 0xC2C2C2C2,
    0xC2C2C2C2, 0xC2C2C2C2, 0xC4C4C4C4, 0xC4C4C4C4, 0xC6C6C6C6, 0xEAE8C6C6, 0xC6C6C6C6, 0xDEEAE5C6,
    0xC2C2C2C2, 0xC4C2C2C2, 0xC2C2C2C2, 0xC4C2C2C2, 0xC2C2C2C2, 0xE5C2C2C2, 0xC2C2C2C2, 0xE5C4C2C2,
    0xC2C2C2C2, 0xC4C2C2C2, 0xC6C6C6C4, 0xC4C4C6C6, 0xDDDEDEDD, 0xC6E5EADD, 0xE3D7D7CD, 0xE5DDE0E3,
    0xC2C2E4E4, 0xC2C2C2C2, 0xC2C2E4E5, 0xC2C2C2C2, 0xC2C2C4E5, 0xC2C2C2C2, 0xC2C2C2C4, 0xC2C2C2C2,
    0xC2C2C2C2, 0xC2C2C2C2, 0xC4C4C4C4, 0xC4C4C4C4, 0xC6C6C6C6, 0xC6C6C6C6, 0xC6C6C6C6, 0xC6C6C6C6,
    0x2AC4C2C2, 0x2B2C2C2C, 0x2AC2C2C2, 0x2B2C2C2C, 0x2AC2C2C2, 0x2B4C2C2C, 0x2AC2C2C2, 0x2B814C2C,
    0x2AC2C2C2, 0x2B8D8D4C, 0xC4C4C4C4, 0x8D8D8D2A, 0xC6C6C6C6, 0x928E8D2A, 0xC6C6C6C6, 0x92922AC6,
    0x27FEFE2B, 0x2BFE27FE, 0x27FEFEFE, 0xFEFE27FE, 0x27FEFEFE, 0xFEFE2727, 0xFEFEFEFE, 0xFEFE27FE,
    0xFEFEFE2B, 0x2BFE27FE, 0xFEFEFE2B, 0x2BFEFEFE, 0x2B2B2B92, 0x932B2B2B, 0x92929292, 0x93939393,
    0x9292922B, 0xC2C2662A, 0x9292922B, 0xC278782A, 0x9392922B, 0xC278782A, 0x9393922B, 0xC278782A,
    0x9393932B, 0xC278782A, 0x2A939393, 0xC4787878, 0x2A939393, 0xC6797979, 0x7A2A9393, 0xC6797979,
    0xC2C2C2C2, 0xDEE8C4C2, 0xC2C2C2C2, 0xDDE4C2C2, 0xC2C2C2C2, 0xDDE8C4C2, 0xC2C2C2C2, 0xDEDDEAE5,
    0xE8C2C2C2, 0xE0E0E1DE, 0xE8C6C4C4, 0xE0E0E0DE, 0xE5C6C6C6, 0xDEDEDDD6, 0xE5E5C6C6, 0xDEDDE8E8,
    0xD9D9D8CD, 0xEFEFEFEF, 0xEFEFD9E0, 0xEFEFEFEF, 0xEFEFE3DE, 0xEFEFEFEF, 0xEFD9E0DE, 0xEFEFD9D9,
    0xD7D7E0E0, 0xEFD9D7D7, 0xD9E2E0E0, 0xEFD9D9D9, 0xEFE3E0DE, 0xE3EFEFEF, 0xEFE3E3E1, 0xE1E3EFEF,
    0xF1EFEFEF, 0xD8D9EFEF, 0xF3EFEFEF, 0xD8D9EFEF, 0xF3EFEFEF, 0xD9EFEFEF, 0xEFEFEFEF, 0xD9EFEFEF,
    0xEFEFEFEF, 0xD9EFEFEF, 0xEFEFEFEF, 0xD9EFEFEF, 0xEFE3E1E1, 0xD7D9EFEF, 0xD7E0EDEE, 0xD7D7D7D7,
    0xEFD9D8D7, 0xEFEFEFEF, 0xEFEFD8D7, 0xEFEFEFEF, 0xEFEFD9D7, 0xEFEFEFEF, 0xEFEFEFEF, 0xEFEFEFEF,
    0xEFEFEFEF, 0xE3EFEFEF, 0xEFEFEFEF, 0xE2EFEFEF, 0xEFEFEFEF, 0xD7EFEFEF, 0xEFEFD9D7, 0xD7EFEFEF,
    0xE8DEEFEF, 0xC2C2C2C4, 0xDDE0EFEF, 0xC2C2C2C4, 0xDDE0E3EF, 0xC2C2C2E5, 0xDDDEE0E3, 0xC2C2C4E8,
    0xDDDEE0E2, 0xC2C2C6E8, 0xDDDEE0E2, 0xC6C6E5E5, 0xDDDEE0E2, 0xE8EADDDD, 0xDDDEE0D7, 0xEADEDDDD,
    0xC2C2C2C2, 0xC2C2C2C2, 0xC2C2C2C2, 0xC2C2C2C2, 0xC2C2C2C2, 0xC2C2C2C2, 0xC2C2C2C2, 0xC2C2C2C2,
    0xC2C2C2C2, 0xC2C2C2C2, 0xC4C6C6C6, 0xC4C4C4C4, 0xC6C6C6E5, 0xC6C6C6C6, 0xC6C6E5E8, 0xC6C6C6C6,
    0xC4C2C2C2, 0xE8EAEAE8, 0xC2C2C2C2, 0xC4C2C2C2, 0xC2C2C2C2, 0xC2C2C2C2, 0xC2C2C2C2, 0xC2C2C2C2,
    0xC2C2C2C2, 0xC2C2C2C2, 0xC4C4C4C4, 0xC4C4C4C4, 0xC6C6C6C6, 0xC6C6C6C6, 0xC6C6C6C6, 0xC6C6C6C6,
    0xC2C2C2E5, 0xC2C2C2C2, 0xC2C2C2C4, 0xC2C2C2C2, 0xC2C2C2C2, 0xC2C2C2C2, 0xC2C2C2C2, 0xC2C2C2C2,
    0xC2C2C2C2, 0xC2C2C2C2, 0xC4C4C4C4, 0xC4C4C4C4, 0xC6C6C6C6, 0xC6C6C6C6, 0xC6C6C6C6, 0xC6C6C6C6,
    0xC2C2C2C2, 0xE4C4C2C2, 0xC2C2C2C2, 0xC2C2C2C2, 0xC2C2C2C2, 0xC2C2C2C2, 0xC2C2C2C2, 0xC2C2C2C2,
    0xC2C2C2C2, 0xC2C2C2C2, 0xC4C4C4C4, 0xC4C4C4C4, 0xC6C6C6C6, 0xC6C6C6C6, 0xC6C6C6C6, 0xC6C6C6C6,
    0xDDDDD6E8, 0xEAEAEADD, 0xDDDDE8C4, 0xC2C2E4E8, 0xDDD6E4C2, 0xC2C2C4E8, 0xE8E5C2C2, 0xE5E5E5E8,
    0xC6C2C2C2, 0xEAE8E8E5, 0xC4C4C4C4, 0xEAE8C6C4, 0xC6C6C6C6, 0xC6C6C6C6, 0xC6C6C6C6, 0xC6C6C6C6,
    0xDEDEEAEA, 0xD9D7D7CD, 0xE0DEEAE5, 0xD8D7D7CD, 0xDEEAE8C6, 0xD7D7E2E0, 0xDEEAE8E8, 0xD7D9E2E0,
    0xDEEAEAEA, 0xD7D9E0DE, 0xEAE8EAEA, 0xD7E2E0EA, 0xE5E5C6C6, 0xD9E0EAE8, 0xC6C6C6C6, 0xE1EBEAE5,
    0xEFEFD9D9, 0xEFEFEFEF, 0xEFD9D9D9, 0xEFEFEFEF, 0xD9D8D7D7, 0xEFD9D9EF, 0xD7D7D7D7, 0xD7D8D8D7,
    0xD7D7D7D7, 0xD7D7D7D7, 0xD7D7D7D7, 0xD7D8D7D7, 0xD9D7D7D9, 0xEFEFEFEF, 0xEFEFE3E3, 0xEFEFEFEF,
    0xEFEFEFEF, 0xD9D9EFEF, 0xEFEFEFEF, 0xEFD9EFEF, 0xEFEFEFEF, 0xEFEFEFEF, 0xEFD9D8D7, 0xEFEFEFEF,
    0xEFD7D7D7, 0xEFEFEFEF, 0xD9D9D8D7, 0xEFEFEFD9, 0xD9EFEFEF, 0xD9EFEFEF, 0xEFEFEFEF, 0xD7EFEFEF,
    0x3D25D7D9, 0x26263D3D, 0x3D25D8D9, 0x2641403D, 0x3D25D9EF, 0x26414141, 0x25EFEFEF, 0x26414141,
    0x25EFEFEF, 0x41414141, 0xEFEFEFEF, 0x41414125, 0xEFEFEFEF, 0x48412525, 0xEFEFD9D7, 0x482525EF,
    0x27FEFEFE, 0xFEFE2727, 0x27FEFEFE, 0xFEFEFEFE, 0x27FEFEFE, 0xFEFE2727, 0xFEFEFE26, 0x26FEFEFE,
    0xFEFE2626, 0x2626FEFE, 0x26264848, 0x5B5B2626, 0x5B5B5B48, 0x5B5B5B5B, 0x5B5B5B5B, 0x5B5B5B5B,
    0x5B5B2626, 0x8E82255B, 0x5B5B5B26, 0x8282255B, 0x5B5B5B26, 0x8181255B, 0x5B5B5B26, 0x78787A25,
    0x5B5B5B5B, 0x78787925, 0x255B5B5B, 0x79797A7A, 0x25255B5B, 0x7A7A7A7A, 0x8325255B, 0xE87A7A83,
    0xD8EFEFF3, 0xE0E0D7D7, 0xD8D9EFEF, 0xEFEFD7D7, 0xD7E0E0DE, 0xEFD9D8D7, 0xCDDEE8C4, 0xEFEFD9D7,
    0xD7DED6C4, 0xEFEFD9D7, 0xD7E0DDE5, 0xEFEFEFD7, 0xD7DEDDE8, 0xEFEFEFD9, 0xDEDDEAE8, 0xEFEFE2E0,
    0xEFE3E1ED, 0x28EFEFEF, 0xEFEFEFEF, 0x28EFEFEF, 0xEFEFEFEF, 0x28EFD9EF, 0xEFEFEFEF, 0x28EFD9D9,
    0xEFEFEFEF, 0x28EFE3E3, 0xEFEFEFEF, 0xEFEFE3E3, 0xEFEFEFEF, 0xEFEFEFEF, 0xEFD7D7D7, 0xEFEFEFEF,
    0x29322929, 0xFE27FE29, 0x29373229, 0xFE2727FE, 0x295D3737, 0xFE27FEFE, 0x2962625D, 0xFE27FEFE,
    0x29666662, 0x27272729, 0x67676728, 0xFEFEFE29, 0x67676728, 0x29292967, 0x676728EF, 0x6F6F6767,
    0x272727FE, 0x6F676729, 0xFEFE27FE, 0x6F6F6729, 0x272727FE, 0x736F6F29, 0x27FE27FE, 0x77737329,
    0x272727FE, 0x77777329, 0x29FEFEFE, 0x28777773, 0x77292929, 0x28777777, 0x77777373, 0x82287777,
    0xDED67928, 0xEFEFE2E0, 0xD7828128, 0xEFD9D8D7, 0xE2828328, 0xD9D7D7D7, 0xDE837A28, 0xD8D7D7E0,
    0xEA838328, 0xD8D7E0DE, 0xEA838282, 0xD9D9E0DD, 0xE3828282, 0xEFEFD7D7, 0xEF828282, 0xD9EFEFEF,
    0xE0E3D7D7, 0xEAEAEAEB, 0xE3EFEFD7, 0xE0E0E1E1, 0xEFEFEFEF, 0xD7D8EFEF, 0xEFEFEFEF, 0xD7EFEFEF,
    0xEFEFEFEF, 0xD7EFEFE3, 0xEFEFEFEF, 0xD7E3E3E3, 0xEFEFEFE3, 0xD7D7E2E3, 0xE3E2E2E2, 0xE2D7E3EF,
    0xEADEEBEB, 0xC8E5E8EA, 0xE0E3E3E3, 0xE8EADDDE, 0xE2EFD8D7, 0xDEE0E0E0, 0xEFE3D7D7, 0xEFE3E3EF,
    0xEFE3D7D7, 0xEFEFEFEF, 0xEFE2D7D7, 0xEFEFEFEF, 0xE3D7D7D7, 0xD7D7E3EF, 0xE3E3E3E3, 0xD7E2E3E3,
    0xC8C8C8C8, 0xC8C8C8C8, 0xC8C8C6E5, 0xC8C8C8C8, 0xE8E8EADE, 0xC8C8E5E8, 0xDEE1E3EF, 0xE8EADEDE,
    0xE2E3EFEF, 0xDEE0E2D7, 0xE3E3EFEF, 0xDEE0D7E2, 0xEFE3E2D7, 0xDEE0E2E3, 0xE3E2D7D7, 0xEAEADEEE,
    0xC8C8C8C8, 0xE0EAC6C8, 0xC8C8C8C8, 0xE0DDE8C8, 0xC8C8C8C8, 0xE0EAE5C8, 0xC8C8C8E5, 0xEBE8C8C8,
    0xC8C8E5E8, 0xE8E5C8C8, 0xC8C8E5EA, 0xE5C8C8C8, 0xC8C8E5EA, 0xC8C8C8C8, 0xC8C8C8E5, 0xC8C8C8C8,
    0xEFD7D7D7, 0xDDE0D7EF, 0xEFD7D7D7, 0xDEE0D7EF, 0xEFD8D7E3, 0xEADEE0E3, 0xE3E3E3E1, 0xE5E8DEE1,
    0xDEDEEDEA, 0xC8E5EADE, 0xE8E8E8E8, 0xC8C8E5E5, 0xC8C8C8C8, 0xC8C8C8C8, 0xC8C8C8C8, 0xC8C8C8C8,
    0xC6C6E5E8, 0xC8C8C8C6, 0xC8E5E8DD, 0xC8C8C8C8, 0xC8C8E5E8, 0xC8C8C8C8, 0xC8C8C8C8, 0xC8C8C8C8,
    0xC8C8C8C8, 0xC8C8C8C8, 0xC8C8C8C8, 0xC8C8C8C8, 0xC8C8C8C8, 0xC8C8C8C8, 0xE5C8C8C8, 0xC8C8C8E5,
    0xC8C8C8C8, 0x922AC8C8, 0xC8C8C8C8, 0x2AC8C8C8, 0xC8C8C8C8, 0x79C8C8C8, 0xC8C8C8C8, 0xC8C8C8C8,
    0xC8C8C8C8, 0xC8C8C8C8, 0xC8C8C8C8, 0xC8C8C8C8, 0xC8C8C8C8, 0xC8C8C8C8, 0xC8C8C8C8, 0xC8C8C8C8,
    0x93929292, 0x93939393, 0x9393922A, 0x2A939393, 0x2A2A2A79, 0x822A2A2A, 0x7A797979, 0x8183837A,
    0x7979C8C8, 0x7A797979, 0xC8C8C8C8, 0x79797979, 0xC8C8C8C8, 0xC8C8C8C8, 0xC8C8C8C8, 0xC8C8C8C8,
    0x7A7A2A93, 0xE8E87A7A, 0x8281822A, 0xE0E08282, 0x82828282, 0xE2E3E382, 0x82818181, 0xE3EFEFE3,
    0xEA837A7A, 0xE0E3E1ED, 0xE8E8E5E5, 0xEAEBEAE8, 0xC8C8C8C8, 0xEAEAE8E5, 0xC8C8C8C8, 0xE9E8E5C8,
    0xE8E8EAEA, 0xE1DED6E8, 0xDDDEE0E0, 0xE1DEDDE8, 0xDEE0E3E3, 0xDEDEDDDD, 0xCDE2E3E3, 0xEDDEDECD,
    0xCDE0E1E1, 0xEAEADECD, 0xDEDDEAEA, 0xE8E8DDDE, 0xDDDDEAEA, 0xE8E8E8DD, 0xE8EAECEC, 0xE5E5E5E8,
    0xE3EFEFE3, 0xEEE3E3E3, 0xE1E3E3E3, 0xEAEDE1E1, 0xDFE1EEEE, 0xEAEBEDED, 0xEEEEEEED, 0xDEDEEEEE,
    0xEEEEEDEC, 0xDEDEEDEE, 0xEDEDEDEC, 0xDDEAECED, 0xE8E8E8E8, 0xEAE8E8E8, 0xC8C8E5E5, 0xE8E8E5C8,
    0xCDDEEDED, 0xD7D7D7CD, 0xDEEAEAEA, 0xD7D7D7E0, 0xDEDDEAEA, 0xD7D7D7CD, 0xD7D7E0E0, 0xD7D7D7D7,
    0xD7CDE0DE, 0xD7D7D7D7, 0xCDDEDEDE, 0xD7D7D7D7, 0xCDDEDEDD, 0xD7D7D7D7, 0xCDDEDEDD, 0xD7D7D7D7,
    0xEFEFD7D7, 0xD7EFEFEF, 0xEFEFD7D7, 0xD7EFEFEF, 0xEFD7D7D7, 0xD7EFEFEF, 0xD7D7D7D7, 0xEFE3D7D7,
    0xD7D7D7D7, 0xEFE3D7D7, 0xD7D7D7D7, 0xE3E3D7D7, 0xD7E2D7D7, 0xE3E3E2D7, 0xE0E0E0E0, 0xE1E2CDCD,
    0xDECBCDD7, 0xDEE0DEDE, 0xE0CDD7D7, 0xE0DEDEDE, 0xD7D7D7D7, 0xE0DEE0E1, 0xEFE3EFEF, 0xDEDEDEE3,
    0xE3EFEFEF, 0xE8E8EADF, 0xEADEE1E1, 0xC8E5E8E8, 0xE8EAEDE1, 0xC8C8C8E5, 0xE8ECECDF, 0xC8C8C8E5,
    0xE5E5E8EA, 0xC6E5E8E8, 0xEDDFE1E1, 0xE5EAEDED, 0xE3E3E3E3, 0xEAEDEEE3, 0xE3E3E0E0, 0xE8ECEDE1,
    0xDEDEDDEA, 0xE8EAEAEB, 0xE8E8E5E5, 0xE5E8E8E8, 0xC8C8C8C8, 0xC8C8C8C8, 0xC8C8C8C8, 0xC8C8C8C8,
    0xC8C8C8C8, 0xC8C8C8C8, 0xC8C8C8C8, 0xC8C8C8C8, 0xC8C8C8C6, 0xC8C8C8C8, 0xC8C8C8E5, 0xC8C8C8C8,
    0xC8C8C8C8, 0xC8C8C8C8, 0xC8C8C8C8, 0xC8C8C8C8, 0xC8C8C8C8, 0xC8C8C8C8, 0xC8C8C8C8, 0xC8C8C8C8,
    0xC8C8C8C8, 0xC8C8C8C8, 0xC8C8C8C8, 0xC8C8C8C8, 0xC8C8C8C8, 0xC8C8C8C8, 0xC8C8C8C8, 0xC8C8C8C8,
    0xC8C8C8C8, 0xC8C8C8C8, 0xC8C8C8C8, 0xC8C8C8C8, 0xC8C8C8C8, 0xC8C8C8C8, 0xC8C8C8C8, 0xC8C8C8C8,
    0xC8C8C8C8, 0xC8C8C8C8, 0xC8C8C8C8, 0xC8C8C8C8, 0xC8C8C8C8, 0xC8C8C8C8, 0xC8C8C8C8, 0xC8C8C8C8,
    0xC8C8C8C8, 0xC8C8C8C8, 0xC8C8C8C8, 0xC8C8C8C8, 0xC8C8C8C8, 0xC8C8C8C8, 0xC8C8C8C8, 0xC8C8C8C8,
    0xC8C8C8C8, 0xC8C8C8C8, 0xC8C8C8C8, 0xC8C8C8C8, 0xC8C8C8C8, 0xC8C8C8C8, 0xC8C8C8C8, 0xC8C8C8C8,
    0xC8C8C8C8, 0xC8C8C8C8, 0xC8C8C8C8, 0xC8C8C8C8, 0xC8C8C8C8, 0xC8C8C8C8, 0xC8C8C8C8, 0xC8C8C8C8,
    0xC8C8C8C8, 0xDFEBE8E5, 0xE5C8C8C8, 0xEBEAEAE8, 0xE5C8C8C8, 0xDEEAEAE8, 0xE5C8C8C8, 0xE0DEEAE8,
    0xE5C8C8C8, 0xDEDDEAE8, 0xE5C8C8C8, 0xEAEAEAE8, 0xE8E8E5C8, 0xE8E8E8E8, 0xE5E5C8C8, 0xE8E5E5E5,
    0xEFEFE3E1, 0xEFEFEFEF, 0xEFEFEFE1, 0xEFEFEFEF, 0xEFEFEFE0, 0xEFEFEFEF, 0xEFEFE3E2, 0xEFEFEFEF,
    0xEFE2E2E0, 0xEFEFEFEF, 0xE0E0DEDE, 0xE1E0E0E0, 0xEAEAEAEA, 0xEADDDDDD, 0xEAEAE8E8, 0xE8EADDEA,
    0xEFEFEFEF, 0xD7EFEFEF, 0xEFEFEFEF, 0xD8EFEFEF, 0xE3EFEFEF, 0xD7E3EFE3, 0xD7EFEFEF, 0xD7D7D7D7,
    0xD7E3EFEF, 0xD7D7D7D7, 0xE0DEDEED, 0xE0E0E2E0, 0xE8E8E8E8, 0xDEEAE8E8, 0xC8C8E5E5, 0xEAE5C8C8,
    0xEFEFD7D7, 0x2582EFEF, 0xEFEFD7D7, 0x82EFEFEF, 0xE3E3D7D7, 0xEFEFEFEF, 0xD7D7D7D7, 0xEFEFEFD7,
    0xD7D7D7D7, 0xD7E3E3D7, 0xD7D7D7CD, 0xE3D7D7D7, 0xD7D7D7E0, 0xE3D7D7D7, 0xD7D7D7DE, 0xD7D7D7D7,
    0x5B5B5B25, 0x255B5B5B, 0x25252582, 0x79252525, 0x7A838282, 0x79797979, 0x838282E3, 0x7979797A,
    0x83DED7D7, 0x79797979, 0xE8EBE3E3, 0xC8C8C8E5, 0xE1E3E3E3, 0xC8E5E8EB, 0xEFE2D7D7, 0xE8EAE0E3,
    0x83838325, 0xE8838383, 0x7A7A7979, 0xDEDE837A, 0x7A797979, 0xDEEAEA7A, 0x7A797979, 0xE5E8E8E8,
    0xE5C87979, 0xE8E8E8E8, 0xEAE8C8C8, 0xEAEAEAEA, 0xEAE8E5E5, 0xEAEADDEA, 0xDEDDEAE8, 0xE5E8DDDD,
    0xE5E5E8E8, 0xE0DEE8E5, 0xC6E5EADE, 0xDEEAE8E5, 0xE5E5EAEA, 0xDEEAE8E5, 0xE5E5E5E5, 0xE3DFEAE5,
    0xE8E8E5E5, 0xEFE1EBEA, 0xEAEAEAEA, 0xE1E1DEEB, 0xE8E8E8E8, 0xEAE8E8E8, 0xC8C8C8E5, 0xC8C8C8C8,
    0xEFD7D7D7, 0xEFEFEFEF, 0xD7D7D7E0, 0xEFEFEFEF, 0xD7D7E2E0, 0xE3E3EFD7, 0xD7D7EFEF, 0xD7D7E3D7,
    0xD7D7EFEF, 0xD7D7E3D7, 0xE0E0E3E3, 0xD7D7E0E0, 0xEAEAEAEA, 0xEAEAEAEA, 0xE5C8C8C8, 0xC8E5E5E5,
    0x6728EFEF, 0x736F6F67, 0x28EFEFEF, 0x77737328, 0x82EFEFEF, 0x28282882, 0xD7D7E3E3, 0x83828282,
    0xD7D7E3D7, 0x8381E0CD, 0xDEE2D7D7, 0xEAEAEADD, 0xE5E8EADD, 0xE5E5C8C8, 0xC8C8C8C8, 0xC8C8C8C8,
    0x77777773, 0x82822877, 0x28777777, 0x82828228, 0x82282828, 0x82828282, 0x83838383, 0x82828283,
    0x7A7A8383, 0xDD7A7A7A, 0x797A7A83, 0xC8C8C8C8, 0xC8C8C8E5, 0xC8C8C8C8, 0xC8C8C8C8, 0xC8C8C8C8,
    0xEFEF8282, 0xE0E3EFEF, 0xEFEF8282, 0xDDE0E3EF, 0xEFEFD782, 0xE8EAE1EF, 0xE0E2D7D7, 0xC8E5EAE0,
    0xE8E8D6DD, 0xC8C8E5E8, 0xC8C8C8C8, 0xC8C8C8C8, 0xC8C8C8C8, 0xC8C8C8C8, 0xC8C8C8C8, 0xC8C8C8C8,
    0xE3D7D7D7, 0xE2D7E3EF, 0xE3D7D7D7, 0xE3E3E3E3, 0xE3D7D7D7, 0xEFEFEFE3, 0xE3D7D7D7, 0xE3EFEFE3,
    0xE3D7D7D7, 0xE3EFEFE3, 0xE3D7D7D7, 0xE3EFEFE3, 0xE3D7D7D7, 0xD7EFEFE3, 0xE3D7D7D7, 0xD7E2E3E3,
    0xE3E3E3E3, 0xD7E2E3E3, 0xE3E3E3E3, 0xD7E2E3EF, 0xEFE3E3EF, 0xD7E2EFEF, 0xEFE3E3E3, 0xCDE2EFEF,
    0xEFE3E3E2, 0xE0E3EFEF, 0xEFEFE3D7, 0xE0E3EFEF, 0xE3E2D7D7, 0xD7E2E3E3, 0xCDD7D7D7, 0xD7E2E0E0,
    0xEDDEDECD, 0xE5E8ECED, 0xECDDDEE0, 0xE6E5E9EC, 0xE9EADEE0, 0xE6E6E6E9, 0xEDDEDEE0, 0xE9ECECEC,
    0xE1E0E0E0, 0xECEDDEDF, 0xE1E0E0E0, 0xECEDDFE1, 0xE2E2D7D7, 0xEDE1E0E3, 0xE2E3E2D7, 0xEDE1E2E2,
    0xE6E6E6E6, 0xE6E6E6E6, 0xE6E6E6E6, 0xE6E6E6E6, 0xE6E6E6E6, 0xE6E6E6E6, 0xE6E6E6E9, 0xE6E6E6E6,
    0xE6E6E6E9, 0xE6E6E6E6, 0xE6E6E6E9, 0xE6E6E6E6, 0xE6E6E9EC, 0xE6E6E6E6, 0xE6E6E6EC, 0xE6E6E6E6,
    0xE6E6E6E6, 0xE6E6E6E6, 0xE6E6E6E6, 0xE6E6E6E6, 0xE6E6E6E6, 0xE6E6E6E6, 0xE6E6E6E6, 0xE6E6E6E6,
    0xE9E6E6E6, 0xE6E6E6E9, 0xE6E6E6E6, 0xE6E6E6E6, 0xE6E6E6E6, 0xE9E6E6E6, 0xE6E6E6E6, 0xECE9E6E6,
    0xE6E6E6E6, 0xE6E6E6E6, 0xE6E6E6E6, 0xE6E6E6E6, 0xE6E6E6E6, 0xE6E6E6E6, 0xE6E6E6E6, 0xE6E6E6E6,
    0xE6E6E6E6, 0xE6E6E6E6, 0xE6E6E6E6, 0xE6E6E6E6, 0xE6E9ECEC, 0xE6E6E6E6, 0xE6ECDEDE, 0xE6E6E6E6,
    0xE6E6E6E6, 0xE6E6E6E6, 0xE6E6E6E6, 0xE6E6E6E6, 0xE6E6E6E6, 0xE6E6E6E6, 0xE6E6E6E6, 0xE6E6E6E6,
    0xE6E6E6E6, 0xE6E6E6E6, 0xE6E6E6E6, 0xE6E6E6E6, 0xE6E6E6E6, 0xE6E6E6E6, 0xE6E6E6E6, 0xE6E6E6E6,
    0xE6E6E6E6, 0xE6E6E6E6, 0xE6E6E6E6, 0xE6E6E6E6, 0xE6E6E6E6, 0xE6E6E6E6, 0xE6E6E6E6, 0xE6E6E6E6,
    0xE6E6E6E6, 0xE6E6E6E6, 0xE6E6E6E6, 0xE6E6E6E6, 0xE6E6E6E6, 0xE6E6E6E6, 0xE6E6E6E6, 0xE6E6E6E6,
    0xE6E6E6E6, 0xE9E6E6E6, 0xE6E6E6E6, 0xE6E6E6E6, 0xE6E6E6E6, 0xE6E6E6E6, 0xE6E6E6E6, 0xECE9E6E6,
    0xE6E6E6E6, 0xEDECE9E6, 0xE6E6E6E6, 0xDEDEECE9, 0xE6E6E6E6, 0xECECE9E6, 0xE6E6E6E6, 0xE9E9E6E6,
    0xE8E8ECE9, 0xE6E6E6E5, 0xE6E9E9E9, 0xE6E6E6E6, 0xE6E6E6E6, 0xE6E6E6E6, 0xE9E9ECEC, 0xE6E6E6E9,
    0xECEDEDED, 0xE6E6E6E9, 0xEDE1E0E1, 0xE6E6E6EC, 0xDFDEDEDF, 0xE6E6E6EC, 0xECECE9E9, 0xE6E6E9EC,
    0xE6E6E6E6, 0xEAE8E6E6, 0xE6E6E6E6, 0xE8E6E6E6, 0xE6E6E6E6, 0xE6E6E6E6, 0xE6E6E6E6, 0xE6E6E6E6,
    0xE6E6E6E6, 0xE6E6E6E6, 0xE6E6E6E6, 0xE6E6E6E6, 0xE6E6E6E6, 0xE6E6E6E6, 0xE6E6E6E6, 0xE6E6E6E6,
    0xD7CDCBDE, 0xDDDECDD7, 0xD7CDE0DE, 0xE8DEE0D7, 0xDEDEDDEA, 0xE5EADEDE, 0xE9E9E6E6, 0xE6E6E9E9,
    0xE6E6E6E6, 0xE6E6E6E6, 0xE6E6E6E6, 0xE6E6E6E6, 0xE6E6E6E6, 0xE6E6E6E6, 0xE6E6E6E6, 0xE6E6E6E6,
    0xE5E5E8EA, 0xEAEAE8E5, 0xE6E6E6E6, 0xE9E6E6E6, 0xE6E6E6E6, 0xE6E6E6E6, 0xE6E6E6E6, 0xE6E6E6E6,
    0xE6E6E6E6, 0xE6E6E6E6, 0xE9E9E9E6, 0xE6E6E6E9, 0xDEDFEDE9, 0xE9ECECDF, 0xD7E3E1EC, 0xECDFE0D7,
    0xEDE1E1DF, 0xE6E6E9EC, 0xECEDEBEC, 0xE6E6E6E9, 0xE6E5E6E6, 0xE6E6E6E6, 0xE6E9E6E6, 0xE6E6E6E6,
    0xE6E9E6E6, 0xE6E6E6E6, 0xE6E6E6E6, 0xE9E6E6E6, 0xE6E6E6E6, 0xECE9E6E6, 0xE6E6E6E9, 0xECE9E6E6,
    0xE6E6E6E6, 0xE6E6E6E6, 0xE6E6E6E6, 0xE6E6E6E6, 0xE6E6E6E6, 0xE6E6E6E6, 0xE6E6E6E6, 0xE6E6E6E6,
    0xECE9E6E6, 0xE6E9EAEA, 0xDDECE9E9, 0xECDEDEDE, 0xEDECECEC, 0xEDE1E0DF, 0xEDECECEC, 0xEDEDEDED,
    0xE6E6E6E6, 0xE6E6E6E6, 0xE6E6E6E6, 0xE6E6E6E6, 0xE6E6E6E6, 0xE6E6E6E6, 0xE6E6E6E6, 0xE6E6E6E6,
    0xE6E6E6E6, 0xE6E6E6E6, 0xE6E6E6E6, 0xE6E6E6E6, 0xE6E6E6EC, 0xE6E6E6E6, 0xE6E6E9EC, 0xE6E6E6E6,
    0xE6E6E6E6, 0xE6E6E6E6, 0xE6E6E6E6, 0xE6E6E6E6, 0xE6E6E6E6, 0xE6E6E6E6, 0xE6E6E6E6, 0xE6E6E6E6,
    0xE6E6E6E6, 0xE6E6E6E6, 0xE6E6E6E6, 0xE6E6E6E6, 0xE6E6E6E6, 0xE6E6E6E6, 0xE6E6E6E6, 0xE6E6E6E6,
    0xE6E6E6E6, 0xE6E6E6E6, 0xE6E6E6E6, 0xE6E6E6E6, 0xE6E6E6E6, 0xE6E6E6E6, 0xE6E6E6E6, 0xE6E6E6E6,
    0xE6E6E6E6, 0xE6E6E6E6, 0xE6E6E6E6, 0xE6E6E6E6, 0xE6E6E6E6, 0xE6E6E6E6, 0xE6E6E6E6, 0xE6E6E6E6,
    0xE6E6E6E6, 0xE6E6E6E6, 0xE6E6E6E6, 0xE6E6E6E6, 0xE6E6E6E6, 0xE6E6E6E6, 0xECE9E6E6, 0xDEEDEDEC,
    0xEDECE6E6, 0xD7E2E3E1, 0xEDE9E6E6, 0xD7E2E3E1, 0xE9E6E6E6, 0xE2E3E1ED, 0xE9E6E6E6, 0xE3E1DFEC,
    0xE6E6E6E6, 0xE5E6E6E6, 0xE6E6E6E6, 0xE5E6E6E6, 0xECECE9E6, 0xE9E9E9E9, 0xDEDEDEDE, 0xEADEDEDE,
    0xE0D7D7D7, 0xDEE0E0E0, 0xD7D7D7D7, 0xDEE0E2D7, 0xD7D7D7E2, 0xDFE1E3D7, 0xE3E3E3EF, 0xEDEEE3EF,
    0xEAEAE8E8, 0xE8EADDDD, 0xEAEAE8E8, 0xEADDDDDD, 0xE9E8E8E9, 0xE9E9E9E9, 0xE6E6E6E9, 0xE6E6E6E6,
    0xE6E6E6E9, 0xE6E6E6E6, 0xE6E6E6EC, 0xE6E6E6E6, 0xE6E6E9EC, 0xE6E6E6E6, 0xE6E9E9EC, 0xE6E6E6E6,
    0xE6E6E6E5, 0xE5E6E6E6, 0xE6E6E6E9, 0xE6E6E6E6, 0xE6E6E6E9, 0xE6E6E6E6, 0xE6E6E6E6, 0xE6E6E6E6,
    0xE6E6E6E6, 0xE6E6E6E6, 0xE6E6E6E6, 0xE6E6E6E6, 0xE6E6E6E6, 0xE6E6E6E6, 0xE6E6E6E6, 0xE9E9E6E6,
    0xD7D7D7DD, 0xD7E0E2D7, 0xD7E2DEE8, 0xCDE0E0E2, 0xE0DEECE6, 0xD7E0E0E0, 0xE1EDECE6, 0xEFE3E2E3,
    0xDFECECE9, 0xEFE3E2E1, 0xE9E9E6E6, 0xEFE3E0EC, 0xE6E6E6E6, 0xE3E1EDE9, 0xE6E6E6E9, 0xE2DEECE9,
    0xE3D7D7D7, 0xCDD7E2EF, 0xE3E2D7D7, 0xD7D7E3EF, 0xE3E2E2D7, 0xD7D7E2E2, 0xE2E2E2EF, 0xD7D7D7D7,
    0xE2D7E2EF, 0xD7D7D7D7, 0xD7D7E2EF, 0xD7D7D7D7, 0xD7D7D7E3, 0xD7D7D7D7, 0xD7D7E2E3, 0xE2D7D7D7,
    0xCDCDCDCD, 0xE5E8DDDE, 0xDECDD7D7, 0xE6E8EADE, 0xDEE0D7D7, 0xE9ECECED, 0xEDE0D7D7, 0xEDEDEDED,
    0xEEE0D7D7, 0xE3E3EEEE, 0xEFE2D7D7, 0xE3E2E2EF, 0xE3E2D7D7, 0xE3E2D7E3, 0xD7D7D7D7, 0xEFE3E3E2,
    0xE6E6E6E6, 0xE6E6E6E6, 0xE6E6E6E6, 0xE6E6E6E6, 0xE6E9E9E9, 0xE6E6E6E6, 0xE9ECECED, 0xE6E6E6E9,
    0xEDDFE0E1, 0xECECECEC, 0xE1E3E3E3, 0xE0E1E1E1, 0xE2E3E3E3, 0xD7D7E2D7, 0xD7E2E3EF, 0xD7D7D7D7,
    0xE6E6E6E6, 0xE6E6E6E6, 0xE6E6E6E6, 0xE6E6E6E6, 0xE6E6E6E6, 0xE6E6E6E6, 0xE6E6E6E6, 0xE6E6E6E6,
    0xE6E6E9EC, 0xE6E6E6E6, 0xE6E9ECDE, 0xE6E6E6E6, 0xECDFE0D7, 0xE6E6E6E9, 0xE0D7D7D7, 0xE6E9ECDF,
    0xE6E6E6E6, 0xE6E6E6E6, 0xE6E6E6E6, 0xE6E6E6E6, 0xE6E6E6E6, 0xE6E6E6E6, 0xE6E6E6E6, 0xE6E6E6E6,
    0xE6E6E6E6, 0xE6E6E6E6, 0xE6E6E6E6, 0xE6E6E6E6, 0xE6E6E6E6, 0xE6E6E6E6, 0xE6E6E6E6, 0xE6E6E6E6,
    0xE6E6E6E6, 0xE6E6E6E6, 0xE6E6E6E6, 0xE6E6E6E6, 0xE6E6E6E6, 0xE6E6E6E6, 0xE6E6E6E6, 0xE6E6E6E6,
    0xE6E6E6E6, 0xE6E6E6E6, 0xE6E6E6E6, 0xE6E6E6E6, 0xE6E6E6E6, 0xE6E6E6E6, 0xE6E6E6E6, 0xE6E6E6E6,
    0xE6E6E6E6, 0xE6E6E6E6, 0xE6E6E6E6, 0xE6E6E6E6, 0xE6E6E6E6, 0xE6E6E6E6, 0xE6E6E6E6, 0xE6E6E6E6,
    0xE6E6E6E6, 0xE6E6E6E6, 0xE6E6E6E6, 0xE6E6E6E6, 0xE6E6E6E6, 0xE6E6E6E6, 0xE6E6E6E6, 0xE6E6E6E6,
};
static const uint16_t board0_pal[256] = {
    0x0000, 0x0000, 0x0000, 0x0000, 0x0000, 0x0000, 0x0000, 0x0000,
    0x0000, 0x0000, 0x0000, 0x0000, 0x0000, 0x0000, 0x0000, 0x0000,
    0x0000, 0x0000, 0x0000, 0x0000, 0x0000, 0x0000, 0x0000, 0x0000,
    0x0000, 0x0000, 0x0000, 0x0000, 0x0000, 0x0000, 0x0000, 0x0000,
    0x0421, 0x0822, 0x0C42, 0x1062, 0x0C43, 0x0C63, 0x1063, 0x1463,
    0x1483, 0x1064, 0x1464, 0x1485, 0x1883, 0x1884, 0x18A4, 0x1CA4,
    0x20C4, 0x20C5, 0x24C5, 0x24E5, 0x24C6, 0x24E6, 0x28E6, 0x2906,
    0x2907, 0x2D06, 0x2D07, 0x3127, 0x3527, 0x3548, 0x2929, 0x3528,
    0x2D4A, 0x2D6A, 0x358B, 0x358C, 0x39AC, 0x171E, 0x3948, 0x3968,
    0x3969, 0x3D69, 0x4189, 0x3D6A, 0x418A, 0x45AA, 0x458A, 0x49AA,
    0x49AB, 0x39AD, 0x41CE, 0x49CB, 0x4DCB, 0x460F, 0x4610, 0x5A94,
    0x5ED5, 0x66F6, 0x6F38, 0x6B39, 0x7FBC, 0x7FDD, 0x0000, 0x0000,
    0x0000, 0x0000, 0x0000, 0x0000, 0x0000, 0x0000, 0x0000, 0x0000,
    0x0000, 0x0000, 0x0000, 0x0000, 0x0000, 0x0000, 0x0000, 0x0000,
    0x0000, 0x0000, 0x0000, 0x0000, 0x0000, 0x0000, 0x0000, 0x0000,
    0x0000, 0x0000, 0x0000, 0x0000, 0x0000, 0x0000, 0x0000, 0x0000,
    0x0000, 0x0000, 0x0000, 0x0000, 0x0000, 0x0000, 0x0000, 0x0000,
    0x0000, 0x0000, 0x0000, 0x0000, 0x0000, 0x0000, 0x0000, 0x0000,
    0x0000, 0x0000, 0x0000, 0x0000, 0x0000, 0x0000, 0x0000, 0x0000,
    0x0000, 0x0000, 0x0000, 0x0000, 0x0000, 0x0000, 0x0000, 0x0000,
    0x0000, 0x0000, 0x0000, 0x0000, 0x0000, 0x0000, 0x0000, 0x0000,
    0x0000, 0x0000, 0x0000, 0x0000, 0x0000, 0x0000, 0x0000, 0x0000,
    0x0000, 0x0000, 0x0000, 0x0000, 0x0000, 0x0000, 0x0000, 0x0000,
    0x0000, 0x0000, 0x0000, 0x0000, 0x0000, 0x0000, 0x0000, 0x0000,
    0x0000, 0x0000, 0x0000, 0x0000, 0x0000, 0x0000, 0x0000, 0x0000,
    0x0000, 0x0000, 0x0000, 0x0000, 0x0000, 0x0000, 0x0000, 0x0000,
    0x0000, 0x0000, 0x0000, 0x0000, 0x0000, 0x0000, 0x0000, 0x0000,
    0x0000, 0x0000, 0x0000, 0x0000, 0x0000, 0x0000, 0x0000, 0x0000,
    0x0000, 0x0000, 0x0000, 0x0000, 0x0000, 0x0000, 0x0000, 0x0000,
    0x0000, 0x0000, 0x0000, 0x0000, 0x0000, 0x0000, 0x0000, 0x0000,
    0x0000, 0x0000, 0x0000, 0x0000, 0x0000, 0x0000, 0x0000, 0x0000,
    0x0000, 0x0000, 0x0000, 0x0000, 0x0000, 0x0000, 0x0000, 0x0000,
};
static const uint32_t board0_tiles[9600] = {
    0x3D3D3D3D, 0x3D3D3D3D, 0x3535353D, 0x36373635, 0x3635353D, 0x36363635, 0x3635353D, 0x36363636,
    0x4B36353D, 0x3636363A, 0x3A36363D, 0x35363628, 0x3636363D, 0x35363636, 0x3636363D, 0x35353636,
    0x3D3D3D3D, 0x3D3D3D3D, 0x36363536, 0x36363736, 0x36363536, 0x36363636, 0x36353636, 0x36363636,
    0x36353636, 0x36363636, 0x36353636, 0x36363636, 0x36353636, 0x36363636, 0x36353636, 0x36363636,
    0x3D3D3D3D, 0x3D3D3D3D, 0x35353535, 0x36363636, 0x35353535, 0x36363636, 0x35353536, 0x36363636,
    0x35353536, 0x36363636, 0x35353636, 0x36363636, 0x36363636, 0x36363636, 0x36363636, 0x37363636,
    0x3D3D3D3D, 0x3D3D3D3D, 0x36363636, 0x35363636, 0x36363636, 0x36363636, 0x36363636, 0x36363636,
    0x36363636, 0x36363636, 0x36363636, 0x36363636, 0x36363636, 0x36363636, 0x36363636, 0x35353636,
    0x3D3D3D3D, 0x263D3D3D, 0x36363535, 0x2636383A, 0x36363535, 0x26363738, 0x36363535, 0x26363638,
    0x4B363535, 0x2636363A, 0x3A353535, 0x26363628, 0x36353535, 0x26363636, 0x36353535, 0x26363636,
    0x5050505B, 0x50505050, 0x5050505B, 0x50505050, 0x42424242, 0x42424242, 0x5C5C5C5C, 0x5C5C5C5C,
    0x5A5A5A5A, 0x5A5A5A5A, 0x57575757, 0x57575757, 0x55555555, 0x55555555, 0x41414141, 0x41414141,
    0x50505050, 0x50505050, 0x5D3E5050, 0x50505050, 0x5D3E4242, 0x42424242, 0x5D3E5C5C, 0x5C5C5C5C,
    0x5D3E5A5A, 0x5A5A5A5A, 0x5D3E5757, 0x57575757, 0x5D3E5555, 0x55555555, 0x5D3E4141, 0x41414141,
    0x50505050, 0x50505050, 0x50505050, 0x50505050, 0x42424242, 0x42424242, 0x5C5C5C5C, 0x5C5C5C5C,
    0x5A5A5A5A, 0x5A5A5A5A, 0x57575757, 0x57575757, 0x55555555, 0x55555555, 0x41414141, 0x41414141,
    0x50505050, 0x50505050, 0x50505050, 0x50505050, 0x42424242, 0x42424242, 0x5C5C5C5C, 0x5C5C5C5C,
    0x5A5A5A5A, 0x5A5A5A5A, 0x57575757, 0x57575757, 0x55555555, 0x55555555, 0x41414141, 0x41414141,
    0x53505050, 0x53535353, 0x53505050, 0x53535353, 0x42424242, 0x42424242, 0x5C5C5C5C, 0x5C5C5C5C,
    0x5A5A5A5A, 0x5A5A5A5A, 0x57575757, 0x57575757, 0x55555555, 0x55555555, 0x41414141, 0x41414141,
    0x53535353, 0x53535353, 0x53535D3E, 0x53535353, 0x42425D3E, 0x42424242, 0x5C5C5D3E, 0x5C5C5C5C,
    0x5A5A5D3E, 0x5A5A5A5A, 0x57575D3E, 0x57575757, 0x55555D3E, 0x55555555, 0x41415D3E, 0x41414141,
    0x53535454, 0x53535353, 0x53535353, 0x53535353, 0x42424242, 0x42424242, 0x5C5C5C5C, 0x5C5C5C5C,
    0x5A5A5A5A, 0x5A5A5A5A, 0x57575757, 0x57575757, 0x55555555, 0x55555555, 0x41414141, 0x41414141,
    0x53535353, 0x53535353, 0x53535353, 0x53535353, 0x42424242, 0x42424242, 0x5C5C5C5C, 0x5C5C5C5C,
    0x5A5A5A5A, 0x5A5A5A5A, 0x57575757, 0x57575757, 0x55555555, 0x55555555, 0x41414141, 0x41414141,
    0x53535353, 0x50505353, 0x53535353, 0x5D3E5053, 0x42424242, 0x5D3E4242, 0x5C5C5C5C, 0x5D3E5C5C,
    0x5A5A5A5A, 0x5D3E5A5A, 0x57575757, 0x5D3E5757, 0x55555555, 0x5D3E5555, 0x41414141, 0x5D3E4141,
    0x50505050, 0x50505050, 0x50505050, 0x50505050, 0x42424242, 0x42424242, 0x5C5C5C5C, 0x5C5C5C5C,
    0x5A5A5A5A, 0x5A5A5A5A, 0x57575757, 0x57575757, 0x585C5C55, 0x58585858, 0x585C5C41, 0x58585858,
    0x50505050, 0x50505050, 0x50505050, 0x50505050, 0x42424242, 0x42424242, 0x5C5C5C5C, 0x5C5C5C5C,
    0x5A5A5A5A, 0x5A5A5A5A, 0x57575757, 0x57575757, 0x58585858, 0x55444458, 0x58585858, 0x41444458,
    0x50505050, 0x53535353, 0x50505050, 0x53535350, 0x42424242, 0x42424242, 0x5C5C5C5C, 0x5C5C5C5C,
    0x5A5A5A5A, 0x5A5A5A5A, 0x57575757, 0x57575757, 0x55555555, 0x55555555, 0x41414141, 0x41414141,
    0x53535353, 0x53535353, 0x53535353, 0x53535D3E, 0x42424242, 0x42425D3E, 0x5C5C5C5C, 0x5C5C5D3E,
    0x5A5A5A5A, 0x5A5A5D3E, 0x57575757, 0x57575D3E, 0x55555555, 0x55555D3E, 0x41414141, 0x41415D3E,
    0x53535353, 0x50505050, 0x50535353, 0x50505050, 0x42424242, 0x42424242, 0x5C5C5C5C, 0x5C5C5C5C,
    0x5A5A5A5A, 0x5A5A5A5A, 0x57575757, 0x57575757, 0x55555555, 0x55555555, 0x41414141, 0x41414141,
    0x50505050, 0x50505050, 0x50505050, 0x50505050, 0x42424242, 0x42424242, 0x5C5C5C5C, 0x5C5C5C5C,
    0x5A5A5A5A, 0x5A5A5A5A, 0x57575757, 0x57575757, 0x55555555, 0x55555555, 0x41414141, 0x41414141,
    0x50505050, 0x50505050, 0x50505050, 0x50505050, 0x42424242, 0x42424242, 0x5C5C5C5C, 0x5C5C5C5C,
    0x5A5A5A5A, 0x5A5A5A5A, 0x57575757, 0x57575757, 0x55555555, 0x55555555, 0x41414141, 0x41414141,
    0x50505050, 0x50505050, 0x5D3E5050, 0x50505050, 0x5D3E4242, 0x42424242, 0x5D3E5C5C, 0x5C5C5C5C,
    0x5D3E5A5A, 0x5A5A5A5A, 0x5D3E5757, 0x57575757, 0x5D3E5555, 0x55555555, 0x5D3E4141, 0x41414141,
    0x50505050, 0x50505050, 0x50505050, 0x50505050, 0x42424242, 0x42424242, 0x5C5C5C5C, 0x5C5C5C5C,
    0x5A5A5A5A, 0x5A5A5A5A, 0x57575757, 0x57575757, 0x55555555, 0x55555555, 0x41414141, 0x41414141,
    0x53535350, 0x50505353, 0x50505050, 0x50505050, 0x42424242, 0x42424242, 0x5C5C5C5C, 0x5C5C5C5C,
    0x5A5A5A5A, 0x5A5A5A5A, 0x57575757, 0x57575757, 0x55555555, 0x55555555, 0x41414141, 0x41414141,
    0x50505050, 0x5B505050, 0x50505050, 0x5B505050, 0x42424242, 0x42424242, 0x5C5C5C5C, 0x5C5C5C5C,
    0x5A5A5A5A, 0x5A5A5A5A, 0x57575757, 0x57575757, 0x55555555, 0x55555555, 0x41414141, 0x41414141,
    0x3D3D3D26, 0x3D3D3D3D, 0x36363626, 0x36363636, 0x36363626, 0x36363636, 0x36363626, 0x36363636,
    0x4B363626, 0x3636363A, 0x3A363526, 0x36363628, 0x36363526, 0x36363636, 0x36363526, 0x36363636,
    0x3D3D3D3D, 0x3D3D3D3D, 0x36353636, 0x36363636, 0x36363636, 0x36363636, 0x36363636, 0x36363636,
    0x36363636, 0x36353636, 0x36363636, 0x36353536, 0x36363636, 0x36353536, 0x36363636, 0x35353536,
    0x3D3D3D3D, 0x3D3D3D3D, 0x36363636, 0x35353636, 0x36363636, 0x35363636, 0x36363636, 0x35363636,
    0x36363636, 0x35363635, 0x36363636, 0x36363635, 0x36363636, 0x36363636, 0x36363536, 0x36363636,
    0x3D3D3D3D, 0x3D3D3D3D, 0x36363535, 0x36363636, 0x36363535, 0x36363636, 0x36363636, 0x36363636,
    0x36363636, 0x36363535, 0x36363636, 0x36363535, 0x36363636, 0x36363535, 0x36363636, 0x36363535,
    0x3D3D3D3D, 0x2D3D3D3D, 0x35353636, 0x2D363636, 0x35353636, 0x2D363636, 0x35353636, 0x2D363636,
    0x4B353636, 0x2D36363A, 0x3A353636, 0x2D363628, 0x35363636, 0x2D363636, 0x35363636, 0x2D363636,
    0x3636363D, 0x35353636, 0x3636363D, 0x35353636, 0x3636363D, 0x35353636, 0x3636363D, 0x35363636,
    0x3636363D, 0x36363536, 0x3636363D, 0x36363636, 0x3636353D, 0x36363636, 0x3636353D, 0x36363636,
    0x35353636, 0x36363536, 0x35353636, 0x36363536, 0x35353636, 0x36363536, 0x35353636, 0x36363636,
    0x35353636, 0x36363635, 0x35353636, 0x36363635, 0x35353636, 0x36363635, 0x35353535, 0x36363635,
    0x36363636, 0x37363636, 0x36363636, 0x38363636, 0x36363636, 0x37363636, 0x36363636, 0x36363636,
    0x36363636, 0x36363636, 0x36363636, 0x36363636, 0x36363636, 0x36363636, 0x36363636, 0x36363636,
    0x36363638, 0x35353636, 0x36363638, 0x35353636, 0x36363637, 0x35353636, 0x36363636, 0x36363636,
    0x36363636, 0x36363636, 0x36363636, 0x36363636, 0x36363636, 0x36363636, 0x36363636, 0x36363636,
    0x36363535, 0x26363636, 0x36363535, 0x26363636, 0x36363535, 0x26363636, 0x35363535, 0x26363636,
    0x35363535, 0x26363635, 0x35363536, 0x26363635, 0x35363536, 0x26363635, 0x35353536, 0x26363635,
    0x5050505B, 0x50505050, 0x5050505B, 0x50505050, 0x5050505B, 0x50505050, 0x3050505B, 0x50505030,
    0x3050505B, 0x50505037, 0x5050505B, 0x50505050, 0x5050505B, 0x50505050, 0x5050505B, 0x50505050,
    0x5D3E5050, 0x50505050, 0x50505050, 0x50505050, 0x50505050, 0x50505050, 0x30505050, 0x50505030,
    0x30505050, 0x50505037, 0x50505050, 0x50505050, 0x50505050, 0x50505050, 0x50505050, 0x50505050,
    0x50505050, 0x50505050, 0x50505050, 0x50505050, 0x50505050, 0x50505050, 0x31505050, 0x50505031,
    0x31505050, 0x50505039, 0x50505050, 0x50505050, 0x50505050, 0x50505050, 0x50505050, 0x50505050,
    0x50505050, 0x50505050, 0x50505050, 0x50505050, 0x50505050, 0x50505050, 0x31505050, 0x50505031,
    0x31505050, 0x50505039, 0x50505050, 0x50505050, 0x50505050, 0x50505050, 0x50505050, 0x50505050,
    0x50505050, 0x53535350, 0x50505050, 0x53535050, 0x50505050, 0x50505050, 0x31505050, 0x50505031,
    0x31505050, 0x50505039, 0x50505050, 0x50505050, 0x50505050, 0x50505050, 0x50505050, 0x50505050,
    0x53535D3E, 0x50535353, 0x50535353, 0x50505050, 0x50505050, 0x50505050, 0x31505050, 0x50505031,
    0x31505050, 0x50505039, 0x50505050, 0x50505050, 0x50505050, 0x50505050, 0x50505050, 0x50505050,
    0x50505050, 0x50505050, 0x50505050, 0x50505050, 0x50505050, 0x50505050, 0x31505050, 0x50505031,
    0x31505050, 0x50505039, 0x50505050, 0x50505050, 0x50505050, 0x50505050, 0x50505050, 0x50505050,
    0x50505050, 0x50505050, 0x50505050, 0x50505050, 0x50505050, 0x50505050, 0x31505050, 0x50505031,
    0x31505050, 0x50505037, 0x50505050, 0x50505050, 0x50505050, 0x50505050, 0x4F4F5050, 0x504F4F4F,
    0x50505050, 0x5D3E5050, 0x50505050, 0x50505050, 0x50505050, 0x50505050, 0x31505050, 0x50505031,
    0x31505050, 0x50505039, 0x50505050, 0x50505050, 0x50505050, 0x50505050, 0x50505050, 0x50505050,
    0x585C5C50, 0x58585858, 0x585C5C50, 0x58585858, 0x585C5C50, 0x58585858, 0x5C5C5050, 0x58585858,
    0x5C5C5050, 0x58585858, 0x26595050, 0x26262626, 0x50505050, 0x50505050, 0x50505050, 0x50505050,
    0x58585858, 0x50444458, 0x58585858, 0x50444458, 0x58585858, 0x50444458, 0x58585858, 0x50504444,
    0x58585858, 0x50504444, 0x26262626, 0x50504026, 0x50505050, 0x50505050, 0x50505050, 0x50505050,
    0x50505050, 0x53535050, 0x50505050, 0x53535050, 0x50505050, 0x53505050, 0x31505050, 0x50505031,
    0x31505050, 0x50505039, 0x50505050, 0x50505050, 0x50505050, 0x50505050, 0x50505050, 0x50505050,
    0x53535353, 0x53535D3E, 0x53535353, 0x53535353, 0x53535353, 0x50535353, 0x31535353, 0x50505331,
    0x31535350, 0x50505039, 0x50505050, 0x50505050, 0x50505050, 0x50505050, 0x50505050, 0x50505050,
    0x50505050, 0x50505050, 0x50505050, 0x50505050, 0x50505050, 0x50505050, 0x31505050, 0x50505031,
    0x31505050, 0x50505039, 0x50505050, 0x50505050, 0x50505050, 0x50505050, 0x50505050, 0x50505050,
    0x50505050, 0x50505050, 0x50505050, 0x50505050, 0x50505050, 0x50505050, 0x31505050, 0x50505031,
    0x31505050, 0x50505039, 0x50505050, 0x50505050, 0x50505050, 0x50505050, 0x50505050, 0x50505050,
    0x50505050, 0x50505050, 0x50505050, 0x50505050, 0x50505050, 0x50505050, 0x31505050, 0x50505031,
    0x31505050, 0x50505039, 0x50505050, 0x50505050, 0x50505050, 0x50505050, 0x50505050, 0x50505050,
    0x5D3E5050, 0x50505050, 0x50505050, 0x50505050, 0x50505050, 0x50505050, 0x31505050, 0x50505031,
    0x31505050, 0x50505039, 0x50505050, 0x50505050, 0x50505050, 0x50505050, 0x50505050, 0x50505050,
    0x50505050, 0x50505050, 0x50505050, 0x50505050, 0x50505050, 0x50505050, 0x31505050, 0x50505031,
    0x31505050, 0x50505037, 0x50505050, 0x50505050, 0x50505050, 0x50505050, 0x50505050, 0x50505050,
    0x50505050, 0x50505050, 0x50505050, 0x50505050, 0x50505050, 0x50505050, 0x30505050, 0x50505030,
    0x30505050, 0x50505037, 0x50505050, 0x50505050, 0x50505050, 0x50505050, 0x50505050, 0x50505050,
    0x50505050, 0x5B505050, 0x50505050, 0x5B505050, 0x50505050, 0x5B505050, 0x31505050, 0x5B505031,
    0x31505050, 0x5B505039, 0x50505050, 0x5B505050, 0x50505050, 0x5B505050, 0x50505050, 0x5B505050,
    0x36363526, 0x36363635, 0x36363526, 0x36363635, 0x36363526, 0x36363635, 0x36363526, 0x36363635,
    0x36363526, 0x35363635, 0x36363526, 0x35363635, 0x36363526, 0x35363636, 0x36363526, 0x35363636,
    0x36363636, 0x35353536, 0x36363636, 0x35353536, 0x36363636, 0x35353536, 0x36363636, 0x35353636,
    0x36363636, 0x35363636, 0x36363635, 0x36363636, 0x36363635, 0x36363636, 0x36363635, 0x36363636,
    0x36353536, 0x36363636, 0x36353536, 0x36363636, 0x36353536, 0x36363636, 0x36363535, 0x36363636,
    0x36363535, 0x36363636, 0x36363535, 0x36363635, 0x36363636, 0x36373635, 0x36363636, 0x36373635,
    0x36363636, 0x36353536, 0x36363636, 0x36353536, 0x36363636, 0x36353536, 0x36363636, 0x35353636,
    0x36363636, 0x35353636, 0x36363636, 0x35353636, 0x36363636, 0x35353636, 0x36363536, 0x35353636,
    0x35363636, 0x2D363636, 0x35363636, 0x2D363636, 0x35363636, 0x2D363636, 0x35353536, 0x2D363635,
    0x35353535, 0x2D363535, 0x35353535, 0x2D363535, 0x35353535, 0x2D363635, 0x35353535, 0x2D363636,
    0x3636353D, 0x36363636, 0x3636353D, 0x35363636, 0x3636353D, 0x35363636, 0x3636353D, 0x36363636,
    0x3636353D, 0x36363636, 0x3636363D, 0x36363636, 0x3636363D, 0x36363636, 0x3636363D, 0x36363636,
    0x35353535, 0x36363635, 0x35353535, 0x36363635, 0x35353535, 0x36363635, 0x35353535, 0x36363635,
    0x35353636, 0x36363636, 0x36363636, 0x36363636, 0x36363636, 0x35363636, 0x36363636, 0x35353636,
    0x36363636, 0x36363A38, 0x36363636, 0x36383A3A, 0x36363636, 0x36383A3A, 0x36363636, 0x36373A3A,
    0x36363636, 0x36363838, 0x37363636, 0x36363637, 0x37363636, 0x36363636, 0x36363636, 0x36363636,
    0x36363636, 0x36373636, 0x36363636, 0x36383635, 0x36363536, 0x36383635, 0x36363536, 0x36383635,
    0x36363536, 0x36383636, 0x36353536, 0x37383636, 0x36353536, 0x38373636, 0x36363636, 0x38363636,
    0x35353536, 0x26363535, 0x35353535, 0x26363535, 0x35353535, 0x26363535, 0x35353536, 0x26363535,
    0x35353636, 0x26363635, 0x36353636, 0x26363636, 0x36353636, 0x26363636, 0x36363636, 0x26363636,
    0x5050505B, 0x50505050, 0x5050505B, 0x50505050, 0x5050505B, 0x4F4F4F50, 0x304F4F5B, 0x4F4F4F30,
    0x304F4F5B, 0x4D4D4D37, 0x4D4D4D5B, 0x4D4D4D4D, 0x4D4D4D5B, 0x4D4D4D4D, 0x4D4D4D5B, 0x4D4D4D4D,
    0x50505050, 0x50505050, 0x50505050, 0x50505050, 0x504F4F4F, 0x50505050, 0x304F4F4F, 0x50505030,
    0x304D4D4D, 0x50505037, 0x4D4D4D4D, 0x50504F4F, 0x4D4D4D4D, 0x504F4F4D, 0x4D4D4D4D, 0x4F4F4F4D,
    0x50505050, 0x50505050, 0x50505050, 0x50505050, 0x50505050, 0x50505050, 0x30505050, 0x50505030,
    0x30505050, 0x50505037, 0x50505050, 0x50505050, 0x50505050, 0x50505050, 0x50505050, 0x4F505050,
    0x50505050, 0x50505050, 0x50505050, 0x50505050, 0x50505050, 0x50505050, 0x30505050, 0x50505030,
    0x30505050, 0x4F4F4F37, 0x4F4F5050, 0x4F4D4D4F, 0x4D4F4F50, 0x4D4D4D4D, 0x4D4D4F4F, 0x4D4D4D4D,
    0x50505050, 0x50505050, 0x50505050, 0x50505050, 0x50505050, 0x50505050, 0x30505050, 0x50505031,
    0x30505050, 0x50505037, 0x5050504F, 0x50505050, 0x50504F4F, 0x50505050, 0x50504F4D, 0x50505050,
    0x50505050, 0x50505050, 0x50505050, 0x50505050, 0x50505050, 0x50505050, 0x30505050, 0x4F505030,
    0x30505050, 0x4D4F5037, 0x50505050, 0x4D4D4F50, 0x50505050, 0x4D4D4F50, 0x50505050, 0x4D4D4F4F,
    0x50505050, 0x4F4F4F50, 0x4F4F5050, 0x4D4D4D4F, 0x4D4D4F4F, 0x4D4D4D4D, 0x304D4D4D, 0x4D4D4D30,
    0x304D4D4D, 0x4D4D4D37, 0x4D4D4D4D, 0x4D4D4D4D, 0x4D4D4D4D, 0x4D4D4D4D, 0x4D4D4D4D, 0x4D4D4D4D,
    0x4D4D4D4D, 0x4D4D4D4D, 0x4D4D4D4D, 0x4D4D4D4D, 0x4D4D4D4D, 0x4D4D4D4D, 0x304D4D4D, 0x4D4D4D2F,
    0x2F4D4D4D, 0x4D4D4D36, 0x4D4D4D4D, 0x4D4D4D4D, 0x4D4D4D4D, 0x4D4D4D4D, 0x4D4D4D4D, 0x4D4D4D4D,
    0x4F4F4D4D, 0x5050504F, 0x4D4D4D4D, 0x504F4D4D, 0x4D4D4D4D, 0x4F4D4D4D, 0x304D4D4D, 0x4D4D4D30,
    0x304D4D4D, 0x4D4D4D37, 0x4D4D4D4D, 0x4D4D4D4D, 0x4D4D4D4D, 0x4D4D4D4D, 0x4D4D4D4D, 0x4D4D4D4D,
    0x50505050, 0x50505050, 0x50505050, 0x50505050, 0x50505050, 0x50505050, 0x3050504F, 0x50505030,
    0x30504F4D, 0x50505037, 0x50504F4D, 0x50505050, 0x504F4D4D, 0x50505050, 0x4F4D4D4D, 0x50505050,
    0x50505050, 0x50505050, 0x50505050, 0x50505050, 0x50505050, 0x50505050, 0x30505050, 0x50505030,
    0x30505050, 0x50505037, 0x50505050, 0x50505050, 0x50505050, 0x4F4F5050, 0x4F505050, 0x4F4F4F4F,
    0x50505050, 0x50505050, 0x50505050, 0x50505050, 0x50505050, 0x50505050, 0x30505050, 0x50505030,
    0x30505050, 0x50505037, 0x50505050, 0x50505050, 0x5050504F, 0x50505050, 0x504F4F4F, 0x50505050,
    0x50505050, 0x50505050, 0x50505050, 0x50505050, 0x50505050, 0x50505050, 0x31505050, 0x50505031,
    0x31505050, 0x50505037, 0x50505050, 0x50505050, 0x50505050, 0x50505050, 0x50505050, 0x50505050,
    0x50505050, 0x50505050, 0x50505050, 0x50505050, 0x50505050, 0x50505050, 0x30505050, 0x50505030,
    0x30505050, 0x50505037, 0x50505050, 0x50505050, 0x50505050, 0x50505050, 0x50505050, 0x504F4F50,
    0x50505050, 0x50505050, 0x50505050, 0x50505050, 0x50505050, 0x50505050, 0x30505050, 0x50505030,
    0x30505050, 0x50505037, 0x50505050, 0x50505050, 0x50505050, 0x50505050, 0x50505050, 0x50505050,
    0x50505050, 0x50505050, 0x50505050, 0x50505050, 0x50505050, 0x50505050, 0x31505050, 0x50505031,
    0x31505050, 0x50505037, 0x50505050, 0x50505050, 0x50505050, 0x50505050, 0x50505050, 0x50505050,
    0x50505050, 0x50505050, 0x50505050, 0x50505050, 0x50505050, 0x50505050, 0x31505050, 0x50505031,
    0x31505050, 0x50505037, 0x50505050, 0x50505050, 0x50505050, 0x50505050, 0x50505050, 0x4F505050,
    0x50505050, 0x50505050, 0x50505050, 0x50505050, 0x50505050, 0x50505050, 0x30505050, 0x50505030,
    0x30505050, 0x50505037, 0x50505050, 0x50505050, 0x4F4F4F4F, 0x5050504F, 0x4D4D4D4F, 0x4F4F4F4D,
    0x50505050, 0x50505050, 0x50505050, 0x50505050, 0x50505050, 0x50505050, 0x30505050, 0x4F505030,
    0x30505050, 0x4F4F5037, 0x50505050, 0x4D4F4F50, 0x50505050, 0x4D4D4F4F, 0x4F4F4F4F, 0x4D4D4D4D,
    0x50505050, 0x5B505050, 0x4F4F5050, 0x5B4F4F4F, 0x4D4F4F50, 0x5B4D4D4D, 0x304D4D4F, 0x5B4D4D30,
    0x304D4D4D, 0x5B4D4D37, 0x4D4D4D4D, 0x5B4D4D4D, 0x4D4D4D4D, 0x5B4D4D4D, 0x4D4D4D4D, 0x5B4D4D4D,
    0x36363526, 0x35363636, 0x36363526, 0x35363636, 0x36363526, 0x35363636, 0x36363526, 0x35363636,
    0x36363526, 0x35353636, 0x36363526, 0x35353636, 0x36363526, 0x36353636, 0x36363526, 0x36363636,
    0x36363635, 0x36363636, 0x36363635, 0x36363636, 0x36363635, 0x36363636, 0x36363635, 0x36363636,
    0x36363635, 0x36363636, 0x36363635, 0x36363636, 0x36363636, 0x36363636, 0x36363636, 0x36363636,
    0x35363636, 0x36383635, 0x35363636, 0x36383635, 0x35353636, 0x36383635, 0x35363636, 0x36383636,
    0x35363636, 0x36383636, 0x36363636, 0x36383636, 0x36363636, 0x36383636, 0x36363636, 0x36383636,
    0x36363536, 0x35353636, 0x36363535, 0x35353636, 0x36363535, 0x35353636, 0x36363535, 0x35363636,
    0x36353535, 0x35363636, 0x36353435, 0x36363636, 0x36353435, 0x36363636, 0x36353435, 0x36363636,
    0x35353535, 0x2D363636, 0x35353535, 0x2D363636, 0x35353535, 0x2D363636, 0x35353535, 0x2D363636,
    0x35353535, 0x2D363636, 0x35353535, 0x2D363636, 0x36353535, 0x2D363636, 0x36353535, 0x2D363636,
    0x3636363D, 0x36363636, 0x3535363D, 0x36363635, 0x3535363D, 0x36363635, 0x3535363D, 0x36363635,
    0x3535363D, 0x36363635, 0x3536363D, 0x36363635, 0x3536363D, 0x36363635, 0x3536363D, 0x36353635,
    0x36363636, 0x35353636, 0x36363636, 0x35363636, 0x36363636, 0x35363636, 0x36363636, 0x35363636,
    0x36363636, 0x35363636, 0x36363636, 0x35363636, 0x36363636, 0x36363635, 0x36363636, 0x36363635,
    0x36363636, 0x36363636, 0x36363635, 0x36363636, 0x36363535, 0x36363636, 0x36363535, 0x36363636,
    0x36363635, 0x36363636, 0x36363635, 0x36363636, 0x36363636, 0x36363636, 0x36363636, 0x35363636,
    0x36363636, 0x36363636, 0x36363636, 0x36363636, 0x36363636, 0x36363637, 0x36363636, 0x36363637,
    0x36363636, 0x36363736, 0x36363636, 0x36373736, 0x36363635, 0x36383836, 0x36363535, 0x37383836,
    0x36363637, 0x26363636, 0x36363837, 0x26363636, 0x36383837, 0x26363636, 0x36383A37, 0x26363636,
    0x36383A37, 0x26363636, 0x36383837, 0x26363636, 0x36373737, 0x26363636, 0x36363636, 0x26363636,
    0x4D4D4D5B, 0x4D4D4D4D, 0x4D4D4D5B, 0x4D4D4D4D, 0x4D4D4D5B, 0x4D4D4D4D, 0x304D4D5B, 0x4D4D4D30,
    0x304D4D5B, 0x4D4D4D37, 0x4D4D4D5B, 0x4D4D4D4D, 0x4D4D4D5B, 0x4D4D4D4D, 0x4D4D4D5B, 0x4D4D4D4D,
    0x4D4D4D4D, 0x4F4F4D4D, 0x4D4D4D4D, 0x4F4F4D4D, 0x4D4D4D4D, 0x4D4D4D4D, 0x304D4D4D, 0x4D4D4D30,
    0x304D4D4D, 0x4D4D4D37, 0x4D4D4D4D, 0x4D4D4D4D, 0x4D4D4D4D, 0x4D4D4D4D, 0x4D4D4D4D, 0x4D4D4D4D,
    0x5050504F, 0x4F4F5050, 0x4F4F4F4F, 0x4D4F4F4F, 0x4F4F4F4F, 0x4D4D4F4F, 0x304D4D4D, 0x4D4D4D30,
    0x304D4D4D, 0x4D4D4D37, 0x4D4D4D4D, 0x4D4D4D4D, 0x4D4D4D4D, 0x4D4D4D4D, 0x4D4D4D4D, 0x4D4D4D4D,
    0x4D4D4D4F, 0x4D4D4D4D, 0x4D4D4D4D, 0x4D4D4D4D, 0x4D4D4D4D, 0x4D4D4D4D, 0x304D4D4D, 0x4D4D4D30,
    0x304D4D4D, 0x4D4D4D37, 0x4D4D4D4D, 0x4D4D4D4D, 0x4D4D4D4D, 0x4D4D4D4D, 0x4D4D4D4D, 0x4D4D4D4D,
    0x504F4D4D, 0x50505050, 0x4F4F4D4D, 0x50505050, 0x4F4D4D4D, 0x50505050, 0x304D4D4D, 0x50505030,
    0x304D4D4D, 0x50504F37, 0x4D4D4D4D, 0x4F4F4F4D, 0x4D4D4D4D, 0x4F4F4D4D, 0x4D4D4D4D, 0x4D4D4D4D,
    0x50505050, 0x4D4D4D4F, 0x4F505050, 0x4D4D4D4F, 0x4F505050, 0x4D4D4D4D, 0x304F5050, 0x4D4D4D30,
    0x304F4F50, 0x4D4D4D37, 0x4D4D4F4F, 0x4D4D4D4D, 0x4D4D4D4F, 0x4D4D4D4D, 0x4D4D4D4D, 0x4D4D4D4D,
    0x4D4D4D4D, 0x4D4D4D4D, 0x4D4D4D4D, 0x4D4D4D4D, 0x4D4D4D4D, 0x4D4D4D4D, 0x304D4D4D, 0x4D4D4D30,
    0x304D4D4D, 0x4D4D4D36, 0x4D4D4D4D, 0x4D4D4D4D, 0x4D4D4D4D, 0x4D4D4D4D, 0x4D4D4D4D, 0x4D4D4D4D,
    0x4D4D4D4D, 0x4D4D4D4D, 0x4D4D4D4D, 0x4D4D4D4D, 0x4D4D4D4D, 0x4D4D4D4D, 0x2F4D4D4D, 0x4D4D4D2F,
    0x2F4D4D4D, 0x4D4D4D36, 0x4D4D4D4D, 0x4D4D4D4D, 0x4D4D4D4D, 0x4D4D4D4D, 0x4D4D4D4D, 0x4D4D4D4D,
    0x4D4D4D4D, 0x4D4D4D4D, 0x4D4D4D4D, 0x4D4D4D4D, 0x4D4D4D4D, 0x4D4D4D4D, 0x2F4D4D4D, 0x4D4D4D2F,
    0x2F4D4D4D, 0x4D4D4D36, 0x4D4D4D4D, 0x4D4D4D4D, 0x4D4D4D4D, 0x4D4D4D4D, 0x4D4D4D4D, 0x4D4D4D4D,
    0x4D4D4D4D, 0x4F4F4F4D, 0x4D4D4D4D, 0x4D4D4D4D, 0x4D4D4D4D, 0x4D4D4D4D, 0x304D4D4D, 0x4D4D4D30,
    0x2F4D4D4D, 0x4D4D4D36, 0x4D4D4D4D, 0x4D4D4D4D, 0x4D4D4D4D, 0x4D4D4D4D, 0x4D4D4D4D, 0x4D4D4D4D,
    0x4D4F4F4F, 0x4D4D4D4D, 0x4D4D4D4D, 0x4D4D4D4D, 0x4D4D4D4D, 0x4D4D4D4D, 0x304D4D4D, 0x4D4D4D30,
    0x2F4D4D4D, 0x4D4D4D36, 0x4D4D4D4D, 0x4D4D4D4D, 0x4D4D4D4D, 0x4D4D4D4D, 0x4D4D4D4D, 0x4D4D4D4D,
    0x4F4F4D4D, 0x5050504F, 0x4D4D4D4D, 0x4F4F4F4D, 0x4D4D4D4D, 0x4F4D4D4D, 0x304D4D4D, 0x4D4D4D30,
    0x304D4D4D, 0x4D4D4D37, 0x4D4D4D4D, 0x4D4D4D4D, 0x4D4D4D4D, 0x4D4D4D4D, 0x4D4D4D4D, 0x4D4D4D4D,
    0x50505050, 0x50505050, 0x50505050, 0x50505050, 0x4F4F4F4F, 0x4F4F4F4F, 0x304F4D4D, 0x4D4D4F30,
    0x304D4D4D, 0x4D4D4D37, 0x4D4D4D4D, 0x4D4D4D4D, 0x4D4D4D4D, 0x4D4D4D4D, 0x4D4D4D4D, 0x4D4D4D4D,
    0x4F4F5050, 0x4F4F4F4F, 0x4D4F4F4F, 0x4D4D4D4D, 0x4D4D4D4F, 0x4D4D4D4D, 0x304D4D4D, 0x4D4D4D30,
    0x304D4D4D, 0x4D4D4D37, 0x4D4D4D4D, 0x4D4D4D4D, 0x4D4D4D4D, 0x4D4D4D4D, 0x4D4D4D4D, 0x4D4D4D4D,
    0x5050504F, 0x50505050, 0x504F4F4F, 0x50505050, 0x4F4F4F4D, 0x50505050, 0x304D4D4D, 0x4F4F4F30,
    0x304D4D4D, 0x4D4F4F37, 0x4D4D4D4D, 0x4D4D4D4D, 0x4D4D4D4D, 0x4D4D4D4D, 0x4D4D4D4D, 0x4D4D4D4D,
    0x50505050, 0x50505050, 0x50505050, 0x50505050, 0x50505050, 0x50505050, 0x304F4F4F, 0x4F4F4F30,
    0x304D4D4D, 0x4D4D4D37, 0x4D4D4D4D, 0x4D4D4D4D, 0x4D4D4D4D, 0x4D4D4D4D, 0x4D4D4D4D, 0x4D4D4D4D,
    0x50505050, 0x4D4D4F50, 0x4F505050, 0x4D4D4D4F, 0x4D4F5050, 0x4D4D4D4D, 0x304D4D4F, 0x4D4D4D30,
    0x304D4D4D, 0x4D4D4D37, 0x4D4D4D4D, 0x4D4D4D4D, 0x4D4D4D4D, 0x4D4D4D4D, 0x4D4D4D4D, 0x4D4D4D4D,
    0x4D4D4D4D, 0x4D4D4D4D, 0x4D4D4D4D, 0x4D4D4D4D, 0x4D4D4D4D, 0x4D4D4D4D, 0x2F4D4D4D, 0x4D4D4D2F,
    0x2F4D4D4D, 0x4D4D4D36, 0x4D4D4D4D, 0x4D4D4D4D, 0x4D4D4D4D, 0x4D4D4D4D, 0x4D4D4D4D, 0x4D4D4D4D,
    0x4D4D4D4D, 0x4D4D4D4D, 0x4D4D4D4D, 0x4D4D4D4D, 0x4D4D4D4D, 0x4D4D4D4D, 0x304D4D4D, 0x4D4D4D30,
    0x304D4D4D, 0x4D4D4D37, 0x4D4D4D4D, 0x4D4D4D4D, 0x4D4D4D4D, 0x4D4D4D4D, 0x4D4D4D4D, 0x4D4D4D4D,
    0x4D4D4D4D, 0x5B4D4D4D, 0x4D4D4D4D, 0x5B4D4D4D, 0x4D4D4D4D, 0x5B4D4D4D, 0x2F4D4D4D, 0x5B4D4D2F,
    0x2F4D4D4D, 0x5B4D4D36, 0x4D4D4D4D, 0x5B4D4D4D, 0x4D4D4D4D, 0x5B4D4D4D, 0x4D4D4D4D, 0x5B4D4D4D,
    0x36363526, 0x36363636, 0x36353526, 0x36363636, 0x36353526, 0x35363637, 0x36353526, 0x35363638,
    0x36353526, 0x35363636, 0x36353526, 0x36363636, 0x36353526, 0x36363636, 0x36353526, 0x36363636,
    0x36363636, 0x36363636, 0x36363636, 0x36363636, 0x36363636, 0x36363636, 0x36363636, 0x36363636,
    0x36363636, 0x36363636, 0x36363636, 0x36363636, 0x36363636, 0x36363636, 0x36353536, 0x36363636,
    0x36363636, 0x36373636, 0x36363636, 0x36363636, 0x36363636, 0x36363636, 0x36363636, 0x36363636,
    0x36363636, 0x36363636, 0x36363636, 0x36363636, 0x36363636, 0x36363636, 0x36363636, 0x35363636,
    0x36353535, 0x36363636, 0x36353535, 0x36363636, 0x36353535, 0x36363636, 0x35353535, 0x36363636,
    0x36353535, 0x36363636, 0x36353535, 0x36363636, 0x36353535, 0x36363636, 0x36363535, 0x36363636,
    0x36363636, 0x2D373636, 0x36363636, 0x2D373636, 0x36363636, 0x2D373636, 0x36363636, 0x2D383636,
    0x36363636, 0x2D373636, 0x36363636, 0x2D363636, 0x36363636, 0x2D363636, 0x36363636, 0x2D363636,
    0x3536363D, 0x36353536, 0x3636363D, 0x35353536, 0x3636363D, 0x35353536, 0x3636363D, 0x34343536,
    0x4B36363D, 0x3234353A, 0x3A36363D, 0x34343528, 0x3636363D, 0x35353536, 0x2D2D2D2D, 0x2D2D2D2D,
    0x36363636, 0x36363635, 0x36363636, 0x36363635, 0x35353535, 0x36363635, 0x35353534, 0x36363636,
    0x35353534, 0x36363636, 0x35353535, 0x36363636, 0x35353535, 0x35363636, 0x2D2D2D2D, 0x2D2D2D2D,
    0x36363636, 0x35363636, 0x36363636, 0x35363636, 0x36363636, 0x35363636, 0x35363636, 0x35363636,
    0x35363636, 0x35363636, 0x36363636, 0x35363636, 0x36363636, 0x35363636, 0x2D2D2D2D, 0x2D2D2D2D,
    0x36363535, 0x36383836, 0x36363535, 0x36363636, 0x36363535, 0x37363636, 0x36363535, 0x37363636,
    0x36363535, 0x36363636, 0x36363535, 0x36363636, 0x36363535, 0x36363636, 0x2D2D2D2D, 0x2D2D2D2D,
    0x36363636, 0x26363636, 0x36363636, 0x26363636, 0x36363636, 0x26363636, 0x36363636, 0x26363635,
    0x4B363636, 0x2636363A, 0x3A363636, 0x26363628, 0x36363636, 0x26363636, 0x2D2D2D2D, 0x262D2D2D,
    0x4D4D4D5B, 0x4D4D4D4D, 0x4D4D4D5B, 0x4D4D4D4D, 0x4D4D4D5B, 0x4D4D4D4D, 0x2F4D4D5B, 0x4D4D4D2F,
    0x2F4D4D5B, 0x4D4D4D36, 0x4D4D4D5B, 0x4D4D4D4D, 0x4D4D4D5B, 0x4D4D4D4D, 0x4D4D4D5B, 0x4D4D4D4D,
    0x4D4D4D4D, 0x4D4D4D4D, 0x4D4D4D4D, 0x4D4D4D4D, 0x4D4D4D4D, 0x4D4D4D4D, 0x2F4D4D4D, 0x4D4D4D2F,
    0x2F4D4D4D, 0x4D4D4D36, 0x4D4D4D4D, 0x4D4D4D4D, 0x4D4D4D4D, 0x4D4D4D4D, 0x4D4D4D4D, 0x4D4D4D4D,
    0x4D4D4D4D, 0x4D4D4D4D, 0x4D4D4D4D, 0x4D4D4D4D, 0x4D4D4D4D, 0x4D4D4D4D, 0x2F4D4D4D, 0x4E4E4D2F,
    0x2F4D4D4D, 0x4E4E4E36, 0x4D4D4D4D, 0x4D4E4E4E, 0x4C4D4D4D, 0x4D4D4E4C, 0x4C4D4D4D, 0x4D4D4D4C,
    0x4D4D4D4D, 0x4D4D4D4D, 0x4D4D4D4D, 0x4D4D4D4D, 0x4D4D4D4D, 0x4D4D4D4D, 0x2F4A4C4C, 0x4D4D462E,
    0x2E4A4C4C, 0x4D3D4631, 0x4D4D4D4D, 0x3B3D3D4D, 0x4D4D4D4D, 0x3B3B4D4D, 0x4D4D4D4D, 0x3A4D4D4D,
    0x4D4D4D4D, 0x4D4D4D4D, 0x4D4D4D4D, 0x4D4D4D4D, 0x4D4D4D4D, 0x4D4D4D4D, 0x2F4D4D4D, 0x4D4D4D30,
    0x2F4D4D4D, 0x4D4D4D37, 0x4D4D4D4D, 0x4D4D4D4D, 0x4D4D4D3B, 0x4D4D4D4D, 0x4D4D4D3A, 0x4D4D4D4D,
    0x4D4D4D4D, 0x4D4D4D4D, 0x4D4D4D4D, 0x4D4D4D4D, 0x4D4D4D4D, 0x4D4D4D4D, 0x304D4D4D, 0x4D4D4D30,
    0x304D4D4D, 0x4D4D4D37, 0x4D4D4D4D, 0x4D4D4D4D, 0x4D4D4D4D, 0x4D4D4D4D, 0x4D4D4D4D, 0x4D4D4D4D,
    0x4D4D4D4D, 0x4D4D4D4D, 0x4D4D4D4D, 0x4D4D4D4D, 0x4D4D4D4D, 0x4D4D4D4D, 0x2F4D4D4D, 0x4D4D4D2F,
    0x2F4D4D4D, 0x4D4D4D36, 0x4D4D4D4D, 0x4D4D4D4D, 0x4D4D4D4D, 0x4C4D4D4D, 0x4D4D4D4D, 0x4A4D4D4D,
    0x4D4D4D4D, 0x4D4D4D4D, 0x4D4D4D4D, 0x4D4D4D4D, 0x4D4D4D4D, 0x4D4D4D4D, 0x2F4C4D4D, 0x49494A2F,
    0x2F4C4C4D, 0x49494A36, 0x4E4C4C4C, 0x4D4E4E4E, 0x4E4E4C4C, 0x4E4E4E4E, 0x4E4E4E4A, 0x4E4E4E4E,
    0x4D4D4D4D, 0x4D4D4D4D, 0x4D4D4D4D, 0x4D4D4D4D, 0x4D4D4D4D, 0x4D4D4D4D, 0x2F4D4648, 0x4D4D4D2F,
    0x2F3D4647, 0x4D4D4D36, 0x3B3F3D4D, 0x4D4D4D4D, 0x3B3B4E4E, 0x4D4D4D3A, 0x3A4E4E4E, 0x4D4D4D39,
    0x4D4D4D4D, 0x4D4D4D4D, 0x4D4D4D4D, 0x4D4D4D4D, 0x4D4D4D4D, 0x4D4D4D4D, 0x2F4D4D4D, 0x4D4D4D2F,
    0x2F4D4D4D, 0x4D4D4D36, 0x4D4D4D4D, 0x4D4D4D4D, 0x4D4D4D4D, 0x4D4D4D4D, 0x4D4D4D4D, 0x4D4D4D4D,
    0x4D4D4D4D, 0x4D4D4D4D, 0x4D4D4D4D, 0x4D4D4D4D, 0x4D4D4D4D, 0x4D4D4D4D, 0x2F4D4D4D, 0x4D4D4D2F,
    0x2F4D4D4D, 0x4D4D4D36, 0x4D4D4D4D, 0x4D4D4D4D, 0x4D4D4D4D, 0x4D4D4D4D, 0x4D4D4D4D, 0x4D4E4E4D,
    0x4D4D4D4D, 0x4D4D4D4D, 0x4D4D4D4D, 0x4D4D4D4D, 0x4D4D4D4D, 0x4D4D4D4D, 0x2F4D4D4D, 0x4E4E4D2F,
    0x2F4D4D4D, 0x4E4E4E36, 0x4D4D4D4D, 0x4D4D4E4E, 0x4C4D4D4D, 0x4D4D4E4C, 0x4A4D4D4D, 0x4D4D4D4C,
    0x4D4D4D4D, 0x4D4D4D4D, 0x4D4D4D4D, 0x4D4D4D4D, 0x4D4D4D4D, 0x4D4D4D4D, 0x2F4A4C4C, 0x4D4D482E,
    0x2F4A4C4E, 0x4D3D4632, 0x4D4D4D4D, 0x3C3D464D, 0x4D4D4D4D, 0x3B3C4D4D, 0x4D4D4D4D, 0x3B4D4D4D,
    0x4D4D4D4D, 0x4D4D4D4D, 0x4D4D4D4D, 0x4D4D4D4D, 0x4D4D4D4D, 0x4D4D4D4D, 0x2F4D4D4D, 0x4D4D4D2F,
    0x2F4D4D4D, 0x4D4D4D36, 0x4D4D4D4D, 0x4D4D4D4D, 0x4D4D4D3B, 0x4D4D4D4D, 0x4D4D4D3A, 0x4D4D4D4D,
    0x4D4D4D4D, 0x4D4D4D4D, 0x4D4D4D4D, 0x4D4D4D4D, 0x4D4D4D4D, 0x4D4D4D4D, 0x2F4D4D4D, 0x4D4D4D2F,
    0x2F4D4D4D, 0x4D4D4D36, 0x4D4D4D4D, 0x4D4D4D4D, 0x4D4D4D4D, 0x4E4E4D4D, 0x4D4D4D4D, 0x4E4E4E4E,
    0x4D4D4D4D, 0x4D4D4D4D, 0x4D4D4D4D, 0x4D4D4D4D, 0x4D4D4D4D, 0x4D4D4D4D, 0x2F4D4D4D, 0x4D4D4D2F,
    0x2F4D4D4D, 0x4D4D4D36, 0x4D4D4D4D, 0x4D4D4D4D, 0x4E4E4E4E, 0x4C4E4E4E, 0x4E4E4E4E, 0x4A4E4E4E,
    0x4D4D4D4D, 0x4D4D4D4D, 0x4D4D4D4D, 0x4D4D4D4D, 0x4D4D4D4D, 0x4D4D4D4D, 0x2F4C4D4D, 0x49494A2F,
    0x2F4C4C4D, 0x49494C36, 0x4D4E4C4C, 0x4E4E4D4D, 0x4E4E4C4C, 0x4E4E4E4E, 0x4E4E4E4A, 0x4E4E4E4E,
    0x4D4D4D4D, 0x4D4D4D4D, 0x4D4D4D4D, 0x4D4D4D4D, 0x4D4D4D4D, 0x4D4D4D4D, 0x2F4D4648, 0x4D4D4D2F,
    0x2F3D4647, 0x4D4D4D36, 0x3B3F3D4E, 0x4D4D4D4D, 0x3B3B4E4E, 0x4E4E4E3A, 0x3A4E4E4E, 0x4E4E4E39,
    0x4D4D4D4D, 0x4D4D4D4D, 0x4D4D4D4D, 0x4D4D4D4D, 0x4D4D4D4D, 0x4D4D4D4D, 0x2F4D4D4D, 0x4D4D4D2F,
    0x2F4D4D4D, 0x4D4D4D36, 0x4D4D4D4D, 0x4D4D4D4D, 0x4D4D4D4D, 0x4D4D4D4D, 0x4D4E4E4E, 0x4E4E4D4D,
    0x4D4D4D4D, 0x5B4D4D4D, 0x4D4D4D4D, 0x5B4D4D4D, 0x4D4D4D4D, 0x5B4D4D4D, 0x2F4D4D4D, 0x5B4D4D2F,
    0x2F4D4D4D, 0x5B4D4D36, 0x4E4D4D4D, 0x5B4E4E4E, 0x4E4E4E4E, 0x5B4E4E4E, 0x4E4E4E4E, 0x5B4E4E4E,
    0x36353526, 0x36363636, 0x36363626, 0x36363636, 0x36363626, 0x36363636, 0x36363626, 0x36363636,
    0x4B363626, 0x3636363A, 0x3A363626, 0x36363628, 0x36363626, 0x36363636, 0x2D2D2D26, 0x2D2D2D2D,
    0x36353636, 0x36363636, 0x36363636, 0x36363636, 0x36363636, 0x36363736, 0x36363636, 0x36363736,
    0x36363636, 0x36363736, 0x36363636, 0x36363736, 0x36363636, 0x36363636, 0x2D2D2D2D, 0x2D2D2D2D,
    0x35363636, 0x35363636, 0x35363636, 0x35363636, 0x35363636, 0x35353535, 0x35353636, 0x35353535,
    0x35363636, 0x35353535, 0x35363636, 0x35353535, 0x36363636, 0x36353536, 0x2D2D2D2D, 0x2D2D2D2D,
    0x36363635, 0x36363636, 0x36363636, 0x36363635, 0x36363636, 0x36363635, 0x35363636, 0x36363635,
    0x35363636, 0x36363635, 0x35363636, 0x36363535, 0x35363636, 0x36363535, 0x2D2D2D2D, 0x2D2D2D2D,
    0x36363636, 0x2D363535, 0x36363636, 0x2D363535, 0x36363636, 0x2D353535, 0x35363636, 0x2D353435,
    0x4B363636, 0x2D35343A, 0x3A363636, 0x2D353528, 0x35353636, 0x2D353535, 0x2D2D2D2D, 0x2D2D2D2D,
    0x3D3D3D3D, 0x3D3D3D3D, 0x3636363D, 0x36363636, 0x3636363D, 0x36363636, 0x3636363D, 0x36363636,
    0x4B36363D, 0x3636363A, 0x3A36363D, 0x36363628, 0x3636363D, 0x36363636, 0x3636363D, 0x36363636,
    0x3D3D3D3D, 0x3D3D3D3D, 0x35353636, 0x35353635, 0x35363636, 0x35353535, 0x35363636, 0x35353535,
    0x36363636, 0x34353535, 0x36363636, 0x34353535, 0x35363636, 0x35353535, 0x35363636, 0x35353635,
    0x3D3D3D3D, 0x3D3D3D3D, 0x36363635, 0x35363636, 0x36363635, 0x35353536, 0x36363636, 0x35353536,
    0x36363636, 0x35353535, 0x36363636, 0x35353535, 0x36363635, 0x35353536, 0x36363635, 0x35353536,
    0x3D3D3D3D, 0x3D3D3D3D, 0x36363535, 0x36363635, 0x35353535, 0x36363635, 0x35353535, 0x36363635,
    0x34353535, 0x36363635, 0x34353535, 0x36363635, 0x35353535, 0x36363635, 0x35353635, 0x36363636,
    0x3D3D3D3D, 0x263D3D3D, 0x36363535, 0x26363636, 0x36363535, 0x26363636, 0x36363636, 0x26363636,
    0x4B363636, 0x2636363A, 0x3A363636, 0x26363628, 0x36363535, 0x26363636, 0x36363535, 0x26363636,
    0x4D4D4D5B, 0x4D4D4D4D, 0x4D4D4D5B, 0x4D4D4D4D, 0x4D4D4D5B, 0x4D4D4D4D, 0x2F4D4D5B, 0x4D4D4D2F,
    0x2F4D4D5B, 0x4D4D4D36, 0x4D4D4D5B, 0x4D4D4D4D, 0x4D4D4D5B, 0x4D4D4D4D, 0x4D4D4D5B, 0x4D4D4D4D,
    0x4D4D4D4D, 0x4D4D4D4D, 0x4D4D4D4D, 0x4D4D4D4D, 0x4D4D4D4D, 0x4D4D4D4D, 0x2F4D4D4D, 0x4D4D4D2F,
    0x2F4D4D4D, 0x4D4D4D36, 0x4D4D4D4D, 0x4D4D4D4D, 0x4D4D4D4D, 0x4D4D4D4D, 0x4D4D4D4D, 0x4E4D4D4D,
    0x4A4D4D4D, 0x4D4D4D4A, 0x494D4D4D, 0x4D4D4D49, 0x484D4D4D, 0x4D4D4D49, 0x2C4D4D4D, 0x4D4D4D2C,
    0x2C4E4D4D, 0x4E4E4E30, 0x3F4E4E4E, 0x4E4E3B3B, 0x4E4E4E4E, 0x4E393A3B, 0x4E4E4E4E, 0x3639394E,
    0x4D4D4D4D, 0x394D4D4D, 0x4D4D4D4D, 0x364D4D4D, 0x4D4D4D4D, 0x334D4D4D, 0x2F4D4D4D, 0x324D4D2F,
    0x2F4D4D4D, 0x314D4D36, 0x4E4E4E4E, 0x31314D4D, 0x4E4E4E4E, 0x3131314E, 0x31313335, 0x4E313131,
    0x4D4D4D37, 0x4D4D4D4D, 0x4D4D4D36, 0x4D4D4D4D, 0x4D4D4D33, 0x4D4D4D4D, 0x2F4D4D32, 0x4D4D4D2F,
    0x2F4D4D31, 0x4D4D4D36, 0x4D4D4D31, 0x4D4D4D4D, 0x4D4D4D4D, 0x4D4D4D4D, 0x4E4E4E4E, 0x4D4D4D4E,
    0x4D4D4D4D, 0x4D4D4D4D, 0x4D4D4D4D, 0x4D4D4D4D, 0x4D4D4D4D, 0x4D4D4D4D, 0x2F4D4D4D, 0x4D4D4D2F,
    0x2F4D4D4D, 0x4D4D4D36, 0x4D4D4D4D, 0x4D4D4D4D, 0x4D4D4D4D, 0x4E4E4D4D, 0x4E4E4E4D, 0x4E4E4E4E,
    0x4D4D4D4D, 0x494D4D4D, 0x4D4D4D4D, 0x494E4D4D, 0x4D4D4D4D, 0x484E4D4D, 0x2F4D4D4D, 0x464E4E2F,
    0x2F4D4D4D, 0x3D4E4E36, 0x4E4E4D4D, 0x3C4E4E4E, 0x4E4E4E4E, 0x4E4E4E4E, 0x4E4E4E4E, 0x4E4E4E4E,
    0x4E4E4E4A, 0x4E4E4E4E, 0x4E4E4E49, 0x4E4E4E4E, 0x4E4E4E48, 0x4E4E4E4E, 0x2F4E4E46, 0x4E4E4E2F,
    0x2F4E4E3D, 0x4E4E4E36, 0x4E4E3B3B, 0x4E4E4E4E, 0x4E393A3B, 0x4E4E4E4E, 0x3637394E, 0x31313233,
    0x394E4E4E, 0x4E4E4E37, 0x364E4E4E, 0x4E4E4E36, 0x334E4E4E, 0x4E4E4E33, 0x234E4E4E, 0x4E4E4E23,
    0x224E4E4E, 0x4E4E4E27, 0x31314E4E, 0x4E4E4E31, 0x3131314E, 0x4E4E4E4E, 0x4E303131, 0x4E4E4E4E,
    0x4D4D4D4D, 0x4D4D4D4D, 0x4D4D4E4E, 0x4D4D4D4D, 0x4D4E4E4E, 0x4D4D4D4D, 0x2F4E4E4E, 0x4D4D4D2F,
    0x2F4E4E4E, 0x4E4E4E36, 0x4E4E4E4E, 0x4E4E4E4E, 0x4E4E4E4E, 0x4E4E4E4E, 0x4E4E4E4E, 0x4E4E4E4E,
    0x4E4D4D4D, 0x4E4E4E4E, 0x4E4E4D4D, 0x4E4E4E4E, 0x4E4E4E4D, 0x4E4E4E4E, 0x2F4E4E4E, 0x4E4E4E2F,
    0x2F4E4E4E, 0x4E4E4E36, 0x4E4E4E4E, 0x4E4E4E4E, 0x4E4E4E4E, 0x4E4E4E4E, 0x4E4E4E4E, 0x4E4E4E4E,
    0x4A4D4D4E, 0x4D4D4D4A, 0x494D4D4E, 0x4D4D4D49, 0x484D4E4E, 0x4D4D4D49, 0x2C4D4E4E, 0x4D4D4D2C,
    0x2C4E4E4E, 0x4D4D4D30, 0x3F4E4E4E, 0x4D4D3B3B, 0x4E4E4E4E, 0x4E3A3A3B, 0x4E4E4E4E, 0x3639394E,
    0x4D4D4D4D, 0x394D4D4D, 0x4D4D4D4D, 0x364D4D4D, 0x4D4D4D4D, 0x354D4D4D, 0x2F4D4D4D, 0x334D4D2F,
    0x2F4D4D4D, 0x314D4D36, 0x4D4D4D4D, 0x31314D4D, 0x4D4D4D4E, 0x3131314D, 0x31313335, 0x4E303131,
    0x4D4D4D39, 0x4D4D4D4D, 0x4D4D4D36, 0x4D4D4D4D, 0x4D4D4D35, 0x4D4D4D4D, 0x2F4D4D33, 0x4E4D4D2F,
    0x2F4D4D31, 0x4E4E4E36, 0x4E4E4D31, 0x4E4E4E4E, 0x4E4E4E4E, 0x4E4E4E4E, 0x4E4E4E4E, 0x4E4E4E4E,
    0x4E4D4D4D, 0x4E4E4E4E, 0x4E4E4D4D, 0x4E4E4E4E, 0x4E4E4E4D, 0x4E4E4E4E, 0x2F4E4E4E, 0x4E4E4E2F,
    0x2F4E4E4E, 0x4E4E4E36, 0x4E4E4E4E, 0x4E4E4E4E, 0x4E4E4E4E, 0x4E4E4E4E, 0x4E4E4E4E, 0x4E4E4E4E,
    0x4E4E4E4E, 0x494E4E4E, 0x4E4E4E4E, 0x494E4E4E, 0x4E4E4E4E, 0x474E4E4E, 0x2F4E4E4E, 0x464E4E2F,
    0x2F4E4E4E, 0x3D4E4E36, 0x4E4E4E4E, 0x3B4C4C4E, 0x4E4E4E4E, 0x4C4C4C4C, 0x4C4E4E4E, 0x4C4C4C4C,
    0x4E4E4E49, 0x4E4E4E4E, 0x4E4E4E49, 0x4E4E4E4E, 0x4E4E4E48, 0x4E4E4E4E, 0x2F4E4E46, 0x4E4E4E2F,
    0x2F4E4E3F, 0x4E4E4E36, 0x4C4C3B3B, 0x4E4E4E4C, 0x4C393A3B, 0x4C4C4C4C, 0x3637394C, 0x31313233,
    0x394E4E4E, 0x4E4E4E37, 0x364E4E4E, 0x4E4E4E36, 0x334E4E4E, 0x4E4E4E33, 0x234E4E4E, 0x4E4E4E23,
    0x224E4E4E, 0x4E4E4E27, 0x31314E4E, 0x4E4E4E31, 0x3030304C, 0x4E4E4E4E, 0x4C303031, 0x4E4E4E4C,
    0x4E4E4E4E, 0x4E4E4E4E, 0x4E4E4E4E, 0x4E4E4E4E, 0x4E4E4E4E, 0x4E4E4E4E, 0x2F4E4E4E, 0x4E4E4E2F,
    0x2F4E4E4E, 0x4E4E4E36, 0x4E4E4E4E, 0x4E4E4E4E, 0x4E4E4E4E, 0x4E4E4E4E, 0x4E4E4E4E, 0x4E4E4E4E,
    0x4E4E4E4E, 0x5B4E4E4E, 0x4E4E4E4E, 0x5B4E4E4E, 0x4E4E4E4E, 0x5B4E4E4E, 0x2F4E4E4E, 0x5B4E4E2F,
    0x2F4E4E4E, 0x5B4E4E36, 0x4E4E4E4E, 0x5B4E4E4E, 0x4E4E4E4E, 0x5B4E4E4E, 0x4E4E4E4E, 0x5B4E4E4E,
    0x3D3D3D26, 0x3D3D3D3D, 0x36353626, 0x36363636, 0x36353526, 0x36353636, 0x36353526, 0x35353636,
    0x4B353226, 0x3535363A, 0x3A353226, 0x35353628, 0x36353426, 0x35353636, 0x36353526, 0x35363636,
    0x3D3D3D3D, 0x3D3D3D3D, 0x36363635, 0x36363636, 0x36363535, 0x36363636, 0x36363535, 0x35363636,
    0x36353535, 0x35363636, 0x36353535, 0x35363636, 0x36353535, 0x35363636, 0x35353535, 0x35363635,
    0x3D3D3D3D, 0x3D3D3D3D, 0x36363636, 0x36363636, 0x36363535, 0x36363636, 0x37363535, 0x36363636,
    0x38363535, 0x36363636, 0x38363535, 0x36363636, 0x36363535, 0x36363636, 0x36363535, 0x36363636,
    0x3D3D3D3D, 0x3D3D3D3D, 0x36353636, 0x36363536, 0x36363636, 0x36363636, 0x36363636, 0x36363636,
    0x36363535, 0x36363636, 0x36363535, 0x36363636, 0x36363636, 0x36363636, 0x36363636, 0x36363636,
    0x3D3D3D3D, 0x2D3D3D3D, 0x35353536, 0x2D353636, 0x35353536, 0x2D363636, 0x35353536, 0x2D363636,
    0x4B353536, 0x2D36363A, 0x3A353536, 0x2D363628, 0x35353536, 0x2D363636, 0x35353536, 0x2D363636,
    0x3636363D, 0x36363636, 0x3636363D, 0x36363636, 0x3636363D, 0x36363636, 0x3536363D, 0x36363636,
    0x3536363D, 0x36363635, 0x3535363D, 0x36363635, 0x3535363D, 0x36363635, 0x3535363D, 0x36363635,
    0x35353636, 0x35353635, 0x35353636, 0x35363635, 0x35353636, 0x36363636, 0x36353636, 0x36363636,
    0x36363635, 0x36363636, 0x36363635, 0x36363636, 0x36363635, 0x36363636, 0x36363636, 0x36363636,
    0x36363635, 0x35353536, 0x36363635, 0x35353636, 0x36363635, 0x35353636, 0x36363636, 0x35363636,
    0x36363636, 0x35363636, 0x36363636, 0x35363636, 0x36363636, 0x35363636, 0x36363636, 0x35363636,
    0x35353635, 0x36363636, 0x35353635, 0x36363636, 0x35353635, 0x36363636, 0x35353535, 0x36363636,
    0x35353535, 0x36363636, 0x35353535, 0x36373636, 0x35353535, 0x36373636, 0x35353535, 0x36373636,
    0x36363535, 0x26363636, 0x36363535, 0x26363636, 0x36363535, 0x26363636, 0x36353535, 0x26363636,
    0x36353535, 0x26363636, 0x36353535, 0x26363636, 0x36353535, 0x26363636, 0x36353536, 0x26363636,
    0x4D4D4D5B, 0x4D4D4D4D, 0x4D4D4D5B, 0x4D4D4D4D, 0x4D4D4D5B, 0x4D4D4D4D, 0x2F4D4D5B, 0x4D4D4D2F,
    0x2F4D4D5B, 0x4D4D4D36, 0x4D4D4D5B, 0x4E4D4D4D, 0x4E4D4D5B, 0x4E4E4E4E, 0x4E4E4E5B, 0x4E4E4E4E,
    0x4D4D4D4D, 0x4E4D4D4D, 0x4D4D4D4D, 0x4E4E4D4D, 0x4D4D4D4D, 0x4E4E4D4D, 0x2F4D4D4D, 0x4E4E4E2F,
    0x2F4D4D4D, 0x4E4E4E36, 0x4E4E4E4E, 0x4E4E4E4E, 0x4E4E4E4E, 0x4E4E4E4E, 0x4E4E4E4E, 0x4E4E4E4E,
    0x4E4E4E4E, 0x36364E4E, 0x4E4E4E4E, 0x4E4E4E4E, 0x4E4E4E4E, 0x4E4E4E4E, 0x2F4E4E4E, 0x4E4E4E2F,
    0x2F4E4E4E, 0x4E4E4E36, 0x4E4E4E4E, 0x4E4E4E4E, 0x4E4E4E4E, 0x4E4E4E4E, 0x4E4E4E4E, 0x4E4E4E4E,
    0x31313233, 0x4E4E3131, 0x4E4E4E4E, 0x4E4E4E4E, 0x4E4E4E4E, 0x4E4E4E4E, 0x2F4E4E4E, 0x4E4E4E2F,
    0x2F4E4E4E, 0x4E4E4E36, 0x4E4E4E4E, 0x4E4E4E4E, 0x4E4E4E4E, 0x4C4E4E4E, 0x4E4E4E4E, 0x4C4C4C4E,
    0x4E4E4E4E, 0x4E4E4E4E, 0x4E4E4E4E, 0x4E4E4E4E, 0x4E4E4E4E, 0x4E4E4E4E, 0x2F4E4E4E, 0x4E4E4E2F,
    0x2F4E4E4E, 0x4E4E4E36, 0x4E4E4E4E, 0x4C4E4E4E, 0x4C4C4C4C, 0x4C4C4C4C, 0x4C4C4C4C, 0x4C4A4C4C,
    0x4E4E4E4E, 0x4E4E4E4E, 0x4E4E4E4E, 0x4E4E4E4E, 0x4E4E4E4E, 0x4E4E4E4E, 0x2F4E4E4E, 0x4E4E4E2F,
    0x2F4E4E4E, 0x4C4C4C36, 0x494A4A4C, 0x46464949, 0x494A4C4C, 0x3D464849, 0x4C4C4C4C, 0x3D4C4C4C,
    0x4E4E4E4E, 0x4E4E4E4E, 0x4E4E4E4E, 0x4E4E4E4E, 0x4E4E4E4E, 0x4E4E4E4E, 0x2F4E4E4E, 0x4E4E4E2F,
    0x2F4E4E4E, 0x4E4E4E36, 0x4C4C4C4C, 0x4E4E4E4E, 0x4C4C4C3F, 0x4E4E4E4C, 0x4C4C3B3B, 0x4E4E4E4C,
    0x36364E4E, 0x31313233, 0x4E4E4E4E, 0x4E4E4E4E, 0x4E4E4E4E, 0x4E4E4E4E, 0x2F4E4E4E, 0x4E4E4E2F,
    0x2F4E4E4E, 0x4E4E4E36, 0x4E4E4E4E, 0x4E4E4E4E, 0x4E4E4E4E, 0x4E4E4E4E, 0x4E4E4E4E, 0x4E4E4E4E,
    0x4E4E3131, 0x4E4E4E4E, 0x4E4E4E4E, 0x4E4E4E4E, 0x4E4E4E4E, 0x4E4E4E4E, 0x2F4E4E4E, 0x4E4E4E2F,
    0x2F4E4E4E, 0x4E4E4E36, 0x4E4E4E4E, 0x4E4E4E4E, 0x4E4E4E4E, 0x4E4E4E4E, 0x4E4E4E4E, 0x4C4C4C4C,
    0x4E4E4E4E, 0x4E4E4E4E, 0x4E4E4E4E, 0x4E4E4E4E, 0x4E4E4E4E, 0x4E4E4E4E, 0x2F4E4E4E, 0x4E4E4E2F,
    0x2F4E4E4E, 0x4E4E4E36, 0x4E4E4E4E, 0x4A4A4C4C, 0x4C4E4E4E, 0x4A4A4C4C, 0x4C4C4C4C, 0x4C4C4E4C,
    0x4E4E4E4E, 0x4E4E4E4E, 0x4E4E4E4E, 0x4E4E4E4E, 0x4E4E4E4E, 0x4E4E4E4E, 0x2F4E4E4E, 0x4E4E4E2F,
    0x2F4E4E4E, 0x4C4C4C36, 0x46464949, 0x4C4C4C4C, 0x3D464949, 0x4C4C4C3F, 0x3D4C4C4C, 0x4C4C3B3B,
    0x4E4E4E4E, 0x36364E4E, 0x4E4E4E4E, 0x4E4E4E4E, 0x4E4E4E4E, 0x4E4E4E4E, 0x2F4E4E4E, 0x4E4E4E2F,
    0x2F4E4E4C, 0x4C4C4E36, 0x4C4C4C4C, 0x4C4C4C4C, 0x4C4C4C4C, 0x4C4C4C4C, 0x4C4C4C4C, 0x4C4C4C4C,
    0x31313233, 0x4E4E3031, 0x4E4E4E4E, 0x4E4E4E4E, 0x4E4E4E4E, 0x4E4E4E4E, 0x2F4E4E4E, 0x4C4E4E2F,
    0x2F4C4C4C, 0x4C4C4C36, 0x4C4C4C4C, 0x4C4C4C4C, 0x4C4C4C4C, 0x4C4C4C4C, 0x4C4C4C4C, 0x4C4C4C4C,
    0x4E4E4E4E, 0x4E4E4E4E, 0x4E4E4E4E, 0x4C4C4C4C, 0x4C4C4E4E, 0x4C4C4C4C, 0x2F4C4C4C, 0x4C4C4C2F,
    0x2F4C4C4C, 0x4C4C4C36, 0x4C4C4C4C, 0x4C4C4C4C, 0x4C4C4C4C, 0x4C4C4C4C, 0x4C4C4C4C, 0x4C4A4C4C,
    0x4E4E4E4E, 0x4E4E4E4E, 0x4E4E4E4E, 0x4E4E4E4E, 0x4E4E4E4C, 0x4E4E4E4E, 0x2F4E4E4C, 0x4E4E4E2F,
    0x2F4E4E4C, 0x4E4E4E36, 0x494A4A4C, 0x46464949, 0x4A4A4C4C, 0x3D464949, 0x4E4E4C4C, 0x3D4E4E4E,
    0x4C4E4E4E, 0x4C4C4C4C, 0x4C4E4E4E, 0x4C4C4C4C, 0x4C4C4E4E, 0x4C4C4C4C, 0x2F4C4E4E, 0x4C4C4C2F,
    0x2F4C4E4E, 0x4C4C4C36, 0x4C4C4E4E, 0x4C4C4C4C, 0x4C4C4C3D, 0x4C4C4C4C, 0x4C4C3B3B, 0x4C4C4C4C,
    0x35364C4C, 0x31313233, 0x4C4C4C4C, 0x4C4C4C4C, 0x4C4C4C4C, 0x4C4C4C4C, 0x2F4C4C4C, 0x4C4C4C2F,
    0x2F4C4C4C, 0x4C4C4C36, 0x4C4C4C4C, 0x4C4C4C4C, 0x4C4C4C4C, 0x4C4C4C4C, 0x4C4C4C4C, 0x4C4C4C4C,
    0x4C4C3030, 0x4E4E4C4C, 0x4C4C4C4C, 0x4E4C4C4C, 0x4C4C4C4C, 0x4E4C4C4C, 0x2F4C4C4C, 0x4C4C4C2F,
    0x2F4C4C4C, 0x4C4C4C36, 0x4C4C4C4C, 0x4C4C4C4C, 0x4C4C4C4C, 0x4C4C4C4C, 0x4C4C4C4C, 0x4C4C4C4C,
    0x4E4E4E4E, 0x4E4E4E4E, 0x4E4E4E4E, 0x4E4E4E4E, 0x4E4E4E4E, 0x4E4E4E4E, 0x2F4E4E4E, 0x4E4E4E2F,
    0x2F4E4C4C, 0x4E4E4E36, 0x4C4C4C4C, 0x4E4E4E4E, 0x4C4C4C4C, 0x4E4E4C4C, 0x4C4C4C4C, 0x4C4C4C4C,
    0x4E4E4E4E, 0x5B4E4E4E, 0x4E4E4E4E, 0x5B4E4E4E, 0x4E4E4E4E, 0x5B4E4E4E, 0x2F4E4E4E, 0x5B4E4E2F,
    0x2F4E4E4E, 0x5B4E4E36, 0x4E4E4E4E, 0x5B4E4E4E, 0x4E4E4E4E, 0x5B4E4E4E, 0x4E4E4E4E, 0x5B4E4E4E,
    0x36353526, 0x35363636, 0x36353526, 0x35363636, 0x36363626, 0x35363636, 0x36363626, 0x36363636,
    0x36363626, 0x36363636, 0x36363626, 0x36363636, 0x36363626, 0x36363636, 0x36363626, 0x35363636,
    0x35353535, 0x36363535, 0x35353535, 0x36363635, 0x35353535, 0x36363636, 0x36353535, 0x36363636,
    0x36353636, 0x36363636, 0x36353636, 0x36363636, 0x36353636, 0x36363636, 0x36363636, 0x36363636,
    0x36363536, 0x36363636, 0x36363636, 0x36363636, 0x36363636, 0x36363636, 0x36363636, 0x36363636,
    0x36363636, 0x36363636, 0x36363636, 0x36363636, 0x36363636, 0x36363636, 0x36363636, 0x36363636,
    0x36353636, 0x36363636, 0x36353636, 0x36363636, 0x36363636, 0x35363636, 0x36363636, 0x35353636,
    0x36363636, 0x35353536, 0x36363636, 0x35353536, 0x36363636, 0x35353536, 0x36363636, 0x35353636,
    0x35353535, 0x2D363636, 0x35353535, 0x2D363636, 0x35353535, 0x2D363636, 0x35353535, 0x2D363636,
    0x35353535, 0x2D363636, 0x35353635, 0x2D363636, 0x35353635, 0x2D363636, 0x35353635, 0x2D363636,
    0x3635353D, 0x36363636, 0x3635353D, 0x36363636, 0x3636353D, 0x36363636, 0x3636353D, 0x36363636,
    0x3636353D, 0x36363636, 0x3836353D, 0x36363838, 0x3836353D, 0x36363A3A, 0x3836353D, 0x36363A3A,
    0x36353636, 0x36363636, 0x36353636, 0x36363636, 0x36353636, 0x36363636, 0x36353636, 0x36363636,
    0x36353636, 0x36363636, 0x36353536, 0x36363536, 0x36363536, 0x36363536, 0x35363636, 0x36363536,
    0x36363636, 0x36363636, 0x36363636, 0x36363636, 0x36363636, 0x35363636, 0x36363636, 0x35363636,
    0x36363636, 0x35363636, 0x36363636, 0x35363636, 0x36363636, 0x35363636, 0x36363636, 0x35363636,
    0x35353535, 0x36363636, 0x36363635, 0x37363636, 0x36363635, 0x37363636, 0x36363635, 0x36363636,
    0x36363635, 0x36363636, 0x36363635, 0x36363636, 0x36363635, 0x36363636, 0x36363635, 0x36363636,
    0x36353536, 0x26363636, 0x36353536, 0x26363636, 0x36353536, 0x26363636, 0x36353536, 0x26363636,
    0x36353536, 0x26363636, 0x36353536, 0x26363636, 0x36353536, 0x26363636, 0x36363536, 0x26363636,
    0x4E4E4E5B, 0x4E4E4E4E, 0x4E4E4E5B, 0x4E4E4E4E, 0x4E4E4E5B, 0x4C4E4E4E, 0x2F4E4E5B, 0x4C4C4E2F,
    0x2F4E4E5B, 0x4C4C4C36, 0x4E4E4E5B, 0x4C4C4C4C, 0x4E4E4E5B, 0x4C4C4C4C, 0x4C4C4E5B, 0x4C4C4C4C,
    0x4E4E4E4E, 0x4E4E4E4E, 0x4C4C4E4E, 0x4E4E4E4E, 0x4C4C4C4C, 0x4E4C4C4C, 0x2F4C4C4C, 0x4C4C4C2F,
    0x2F4C4C4C, 0x4C4C4C36, 0x4C4C4C4C, 0x4C4C4C4C, 0x4C4C4C4C, 0x4C4C4C4C, 0x4C4C4C4C, 0x4C4C4C4C,
    0x4E4E4E4E, 0x4E4E4E4E, 0x4E4E4E4E, 0x4E4E4E4E, 0x4E4E4E4E, 0x4E4E4E4E, 0x2F4E4E4C, 0x4C4E4E2F,
    0x2F4C4C4C, 0x4C4C4C36, 0x4C4C4C4C, 0x4C4C4C4C, 0x4C4C4C4C, 0x4C4C4C4C, 0x4C4C4C4C, 0x4C4C4C4C,
    0x4E4E4E4E, 0x4C4C4C4C, 0x4C4C4E4E, 0x4C4C4C4C, 0x4C4C4C4E, 0x4C4C4C4C, 0x2F4C4C4C, 0x4C4C4C2F,
    0x2F4C4C4C, 0x4C4C4C36, 0x4C4C4C4C, 0x4C4C4C4C, 0x4C4C4C4C, 0x4C4C4C4C, 0x4C4C4C4C, 0x4C4C4C4C,
    0x4C4C4C4C, 0x4A4A4A4C, 0x4C4C4C4C, 0x4C49494C, 0x4C4C4C4C, 0x4C49494C, 0x2F4C4C4C, 0x4C49482F,
    0x2F4C4C4C, 0x4C464636, 0x4C4C4C4C, 0x4C3D3D4C, 0x4C4C4C4C, 0x4C3C3F4C, 0x4C4C4C4C, 0x3B3B3B4C,
    0x4C4C4C4C, 0x4C4C4C4C, 0x4C4C4C4C, 0x4C4C4C4C, 0x4C4C4C4C, 0x4C4C4C4C, 0x2F4C4C4C, 0x4C4C4C2F,
    0x2F4C4C4C, 0x4C4C4C35, 0x4C4C4C4C, 0x4C4C4C4C, 0x4C4C4C4C, 0x4C4C4C4C, 0x4C4C4C4C, 0x4C4C4C4C,
    0x4C3A3A3B, 0x4E4E4C4C, 0x4C37394C, 0x4E4E4C4C, 0x4C36364C, 0x4E4E4C4C, 0x2F35354C, 0x4E4E4C2F,
    0x2F33334C, 0x4E4C4C36, 0x4C31314C, 0x4E4C4C4C, 0x4C31314C, 0x4C4C4C4C, 0x4C313030, 0x4C4C4C4C,
    0x4E4E4E4E, 0x4E4E4E4E, 0x4E4E4E4E, 0x4E4E4E4E, 0x4E4E4E4E, 0x4E4E4E4E, 0x2F4E4E4E, 0x4E4E4E2F,
    0x2F4E4E4E, 0x4E4E4E36, 0x4E4E4E4E, 0x4E4E4E4E, 0x4E4E4E4E, 0x4E4E4E4E, 0x4E4E4E4C, 0x4C4E4E4E,
    0x4C4C4E4E, 0x4C4C4C4C, 0x4C4C4E4E, 0x4C4C4C4C, 0x4C4C4C4E, 0x4C4C4C4C, 0x2F4C4C4E, 0x4C4C4C2F,
    0x2F4C4C4E, 0x4C4C4C36, 0x4C4C4C4C, 0x4C4C4C4C, 0x4C4C4C4C, 0x4C4C4C4C, 0x4C4C4C4C, 0x4C4C4C4C,
    0x4C4A4A4C, 0x4C4C4C4C, 0x4C4A494C, 0x4C4C4C4C, 0x4C49494C, 0x4C4C4C4C, 0x2F49484C, 0x4C4C4C2F,
    0x2F46464C, 0x4C4C4C36, 0x4C3D3D4C, 0x4C4C4C4C, 0x4C3C3F4C, 0x4C4C4C4C, 0x3B3B3B4C, 0x4C4C4C4C,
    0x4C4C4C4C, 0x4C393A3B, 0x4C4C4C4C, 0x4C37394C, 0x4C4C4C4C, 0x4C36364C, 0x2F4C4C4C, 0x4C33352F,
    0x2F4C4C4C, 0x4C323335, 0x4C4C4C4C, 0x4C31314C, 0x4C4C4C4C, 0x4C31314C, 0x4C4C4C4C, 0x4C313030,
    0x4C4C4C4C, 0x4C4C4C4C, 0x4C4C4C4C, 0x4C4C4C4C, 0x4C4C4C4C, 0x4C4C4C4C, 0x2F4C4C4C, 0x4C4C4C2F,
    0x2F4C4C4C, 0x4C4C4C35, 0x4C4C4C4C, 0x4C4C4C4C, 0x4C4C4C4C, 0x4C4C4C4C, 0x4C4C4C4C, 0x4C4C4C4C,
    0x4C4C4C4C, 0x4C4C4C4C, 0x4C4C4C4C, 0x4C4C4C4C, 0x4C4C4C4C, 0x4C4C4C4C, 0x2F4C4C4C, 0x4C4C4C2F,
    0x2F4C4C4C, 0x4C4C4C36, 0x4C4C4C4C, 0x4C4C4C4C, 0x4C4C4C4C, 0x4C4C4C4C, 0x4C4C4C4C, 0x4C4C4C4C,
    0x4C4C4C4C, 0x4C4A4A4C, 0x4C4C4C4C, 0x4C49494C, 0x4C4C4C4C, 0x4C49494C, 0x2F4C4C4C, 0x4C49482F,
    0x2F4C4C4C, 0x4C464636, 0x4C4C4C4C, 0x4C3D3D4C, 0x4C4C4C4C, 0x4C3C3F4C, 0x4C4C4C4C, 0x3B3B3B4C,
    0x4E4C4C4C, 0x4E4E4E4E, 0x4C4C4C4C, 0x4E4E4E4E, 0x4C4C4C4C, 0x4E4E4E4E, 0x2F4C4C4C, 0x4C4C4C2F,
    0x2F4C4C4C, 0x4C4C4C36, 0x4C4C4C4C, 0x4C4C4C4C, 0x4C4C4C4C, 0x4C4C4C4C, 0x4C4C4C4C, 0x4C4C4C4C,
    0x4C3A3B3B, 0x4C4C4C4C, 0x4C39394C, 0x4C4C4C4C, 0x4C36374C, 0x4C4C4C4C, 0x2F35364C, 0x4C4C4C2F,
    0x2F33334C, 0x4C4C4C36, 0x4C31314C, 0x4C4C4C4C, 0x4C31314C, 0x4C4C4C4C, 0x4C313131, 0x4C4C4C4C,
    0x4C4C4C4C, 0x4C4C4C4C, 0x4C4C4C4C, 0x4C4C4C4C, 0x4C4C4C4C, 0x4C4C4C4C, 0x2F4C4C4C, 0x4C4C4C2F,
    0x2F4C4C4C, 0x4C4C4C35, 0x4C4C4C4C, 0x4C4C4C4C, 0x4C4C4C4C, 0x4C4C4C4C, 0x4C4C4C4C, 0x4C4C4C4C,
    0x4C4C4C4C, 0x4C4C4C4C, 0x4C4C4C4C, 0x4C4C4C4C, 0x4C4C4C4C, 0x4C4C4C4C, 0x2F4C4C4C, 0x4C4C4C2F,
    0x2F4C4C4C, 0x4C4C4C35, 0x4C4C4C4C, 0x4C4C4C4C, 0x4C4C4C4C, 0x4C4C4C4C, 0x4C4C4C4C, 0x4C4C4C4C,
    0x4C4C4C4C, 0x4C4C4C4C, 0x4C4C4C4C, 0x4C4C4C4C, 0x4C4C4C4C, 0x4C4C4C4C, 0x2F4C4C4C, 0x4C4C4C2F,
    0x2F4C4C4C, 0x4C4C4C35, 0x4C4C4C4C, 0x4C4C4C4C, 0x4C4C4C4C, 0x4C4C4C4C, 0x4C4C4C4C, 0x4C4C4C4C,
    0x4E4E4E4E, 0x5B4E4E4E, 0x4E4E4E4C, 0x5B4E4E4E, 0x4E4E4E4C, 0x5B4E4E4E, 0x2F4E4E4C, 0x5B4E4E2F,
    0x2F4E4C4C, 0x5B4E4E36, 0x4E4E4C4C, 0x5B4E4E4E, 0x4E4E4C4C, 0x5B4E4E4E, 0x4E4C4C4C, 0x5B4E4E4E,
    0x36363626, 0x35363636, 0x36363626, 0x35363635, 0x36363626, 0x35363635, 0x36363626, 0x35363535,
    0x36363626, 0x36353535, 0x36363626, 0x36353535, 0x35363526, 0x36353535, 0x35363526, 0x36353535,
    0x36363636, 0x36363636, 0x36363636, 0x36363636, 0x36363636, 0x36363636, 0x36363636, 0x36363636,
    0x36363636, 0x36363636, 0x36353636, 0x36363636, 0x36353636, 0x36363636, 0x36353636, 0x36363636,
    0x36363636, 0x36363636, 0x36363636, 0x36363636, 0x36363636, 0x36363636, 0x36363636, 0x36363636,
    0x36363636, 0x36363636, 0x36363636, 0x36363636, 0x36353536, 0x36363636, 0x36353536, 0x36363636,
    0x36363636, 0x35353636, 0x36363636, 0x35363636, 0x36363636, 0x35363636, 0x36363636, 0x35363636,
    0x36363636, 0x35363636, 0x36363636, 0x35363636, 0x36363636, 0x35353636, 0x36363636, 0x35353636,
    0x35353535, 0x2D363636, 0x36353535, 0x2D363636, 0x36363635, 0x2D363636, 0x36353535, 0x2D363636,
    0x36353535, 0x2D363636, 0x36353535, 0x2D363636, 0x36353535, 0x2D363636, 0x36353535, 0x2D363636,
    0x3836353D, 0x36383838, 0x3836353D, 0x36383636, 0x3836363D, 0x36383636, 0x3836363D, 0x36363636,
    0x3736363D, 0x36363636, 0x3636363D, 0x36363636, 0x3636363D, 0x36353636, 0x3636363D, 0x36353636,
    0x35363636, 0x36363635, 0x35363636, 0x36363635, 0x35363636, 0x36363635, 0x35363636, 0x36363635,
    0x35363636, 0x36363635, 0x36363636, 0x36363635, 0x36363636, 0x36363635, 0x36363636, 0x36363635,
    0x36363636, 0x35363636, 0x36363636, 0x35363636, 0x36363636, 0x35363636, 0x36363636, 0x35363636,
    0x36363636, 0x36363636, 0x36363636, 0x36363636, 0x36363636, 0x36363636, 0x36353536, 0x36363636,
    0x36363635, 0x36363636, 0x36363635, 0x36363636, 0x36363635, 0x36363636, 0x36363635, 0x36363636,
    0x36363635, 0x36363636, 0x36363635, 0x36363636, 0x35363635, 0x36363636, 0x35363636, 0x36363635,
    0x36363536, 0x26363636, 0x35363636, 0x26363635, 0x35363636, 0x26363635, 0x35363636, 0x26353635,
    0x35363636, 0x26353635, 0x35353636, 0x26353535, 0x35353636, 0x26353535, 0x35353636, 0x26353535,
    0x4C4C4C5B, 0x4C4C4C4C, 0x4C4C4C5B, 0x4C4C4C4C, 0x4C4C4C5B, 0x4C4C4C4C, 0x2F4C4C5B, 0x4C4C4C2F,
    0x2F4C4C5B, 0x4C4C4C36, 0x4C4C4C5B, 0x4C4C4C4C, 0x4C4C4C5B, 0x4C4C4C4C, 0x4C4C4C5B, 0x4C4C4C4C,
    0x4C4C4C4C, 0x4C4C4C4C, 0x4C4C4C4C, 0x4C4C4C4C, 0x4C4C4C4C, 0x4C4C4C4C, 0x2F4C4C4C, 0x4C4C4C2F,
    0x2F4C4C4C, 0x4C4C4C35, 0x4C4C4C4C, 0x4C4C4C4C, 0x4C4C4C4C, 0x4C4C4C4C, 0x4C4C4C4C, 0x4C4C4C4C,
    0x4C4C4C4C, 0x4C4C4C4C, 0x4C4C4C4C, 0x4C4C4C4C, 0x4C4C4C4C, 0x4C4C4C4C, 0x2F4C4C4C, 0x4C4C4C2F,
    0x2F4C4C4C, 0x4C4C4C36, 0x4C4C4C4C, 0x4C4C4C4C, 0x4C4C4C4C, 0x4C4C4C4C, 0x4C4C4C4C, 0x4A4A4C4C,
    0x4C4C4C4C, 0x4C4C4C4C, 0x4C4C4C4C, 0x4C4C4C4C, 0x4C4C4C4C, 0x4C4C4C4C, 0x2F4C4C4C, 0x4C4C4C2F,
    0x2F4C4C4C, 0x4A4C4C35, 0x4C4C4C4C, 0x4A4A4A4C, 0x4C4C4C4C, 0x4A4A4A4A, 0x46494949, 0x4A4A3D46,
    0x4C4C4C4C, 0x393A4C4C, 0x4C4C4C4C, 0x374C4C4C, 0x4C4C4C4C, 0x4C4C4C4C, 0x2F4C4C4C, 0x4C4C4C2F,
    0x2F4A4A4A, 0x4A4A4A33, 0x4A4A4A4A, 0x4A4A4A4A, 0x4A4A4A4A, 0x4A4A4A4A, 0x4A4A4A4A, 0x4A4A4A4A,
    0x4C4C4C37, 0x2F4C4C4C, 0x32333636, 0x2F303131, 0x31323336, 0x2F303131, 0x2F4C4C4C, 0x4C4C4C2F,
    0x2F4C4A4A, 0x4C4C4C35, 0x4C4A4A4A, 0x4C4C4C4C, 0x4C4A4A4A, 0x4C4C4C4C, 0x4A4A4A4A, 0x4C4C4C4C,
    0x4C4C302F, 0x4C4C4C4C, 0x4C4C4C2F, 0x4C4C4C4C, 0x4C4C4C4C, 0x4C4C4C4C, 0x2F4C4C4C, 0x4C4C4C2F,
    0x2F4C4C4C, 0x4C4C4C36, 0x4C4C4C4C, 0x4C4C4C4C, 0x4C4C4C4C, 0x4C4C4C4C, 0x4C4C4C4C, 0x4C4C4C4C,
    0x4C4C4C4C, 0x4C4C4C4C, 0x4C4C4C4C, 0x4C4C4C4C, 0x4C4C4C4C, 0x4C4C4C4C, 0x2F4C4C4C, 0x4C4C4C2F,
    0x2F4C4C4C, 0x4C4C4C36, 0x4C4C4C4C, 0x4C4C4C4C, 0x4C4C4C4C, 0x4C4C4C4C, 0x4A4A4C4C, 0x48494949,
    0x4C4C4C4C, 0x4C4C4C4C, 0x4C4C4C4C, 0x4C4C4C4C, 0x4C4C4C4C, 0x4C4C4C4C, 0x2F4C4C4C, 0x4C4C4C2F,
    0x2F4C4C4C, 0x4C4C4C36, 0x4C4C4C4C, 0x4C4C4C4C, 0x4C4C4C4C, 0x4C4C4C4C, 0x4C4C3D46, 0x4C4C4C4C,
    0x3A3A4C4C, 0x4C4C4C39, 0x394C4C4C, 0x32333637, 0x4C4C4C4C, 0x32333536, 0x2F4C4C4C, 0x4C4C4C2F,
    0x2F4C4C4C, 0x4C4C4C36, 0x4C4C4C4C, 0x4C4C4C4C, 0x4C4C4C4C, 0x4C4C4C4C, 0x4C4C4C4C, 0x4C4C4C4C,
    0x2F4C4C4C, 0x4C4C2F2F, 0x2F303131, 0x4C4C4C2F, 0x2F303131, 0x4C4C4C4C, 0x2F4C4C4C, 0x4C4C4C2F,
    0x2F4C4C4C, 0x4C4C4C35, 0x4C4C4C4C, 0x4C4C4C4C, 0x4C4C4C4C, 0x4C4C4C4C, 0x4C4C4C4C, 0x4C4C4C4C,
    0x4C4C4C4C, 0x4C4C4C4C, 0x4C4C4C4C, 0x4C4C4C4C, 0x4C4C4C4C, 0x4C4C4C4C, 0x2F4C4C4C, 0x4C4C4C2F,
    0x2F4C4C4C, 0x4C4C4C35, 0x4C4C4C4C, 0x4C4C4C4C, 0x4C4C4C4C, 0x4C4C4C4C, 0x4C4C4C4C, 0x494A4C4C,
    0x4C4C4C4C, 0x4C4C4C4C, 0x4C4C4C4C, 0x4C4C4C4C, 0x4C4C4C4C, 0x4C4C4C4C, 0x2F4C4C4C, 0x4C4C4C2F,
    0x2F4C4C4C, 0x4C4C4C35, 0x4C4C4C4C, 0x4C4C4C4C, 0x4C4C4C4C, 0x4C4C4C4C, 0x46494949, 0x4C4C3D46,
    0x4C4C4C4C, 0x3A3A4C4C, 0x4C4C4C4C, 0x394C4C4C, 0x4C4C4C4C, 0x4C4C4C4C, 0x2F4C4C4C, 0x4C4C4C2F,
    0x2F4C4C4C, 0x4C4C4C35, 0x4C4C4C4C, 0x4C4C4C4C, 0x4C4C4C4C, 0x4C4C4C4C, 0x4C4C4C4C, 0x4C4C4C4C,
    0x4C4C4C39, 0x304C4C4C, 0x32333636, 0x30303131, 0x32333536, 0x2F303131, 0x2F4C4C4C, 0x4C4C4C2F,
    0x2F4C4C4C, 0x4C4C4C36, 0x4C4C4C4C, 0x4C4C4C4C, 0x4C4C4C4C, 0x4C4C4C4C, 0x4C4C4C4C, 0x4C4C4C4C,
    0x4C4C3030, 0x4C4C4C4C, 0x4C4C4C2F, 0x4C4C4C4C, 0x4C4C4C4C, 0x4C4C4C4C, 0x2F4C4C4C, 0x4C4C4C2F,
    0x2F4C4C4C, 0x4C4C4C35, 0x4C4C4C4C, 0x4C4C4C4C, 0x4C4C4C4C, 0x4A4C4C4C, 0x4C4C4C4C, 0x4A4C4C4C,
    0x4C4C4C4C, 0x4C4C4C4C, 0x4C4C4C4C, 0x4C4C4C4C, 0x4C4C4C4C, 0x4C4C4C4C, 0x2F4C4C4C, 0x4C4C4C2F,
    0x2F4A4A4A, 0x4C4C4C35, 0x4A4A4A4A, 0x4C4C4A4A, 0x4A4A4A4A, 0x4A4A4A4A, 0x49494A4A, 0x46484949,
    0x4C4C4C4C, 0x4C4C4C4C, 0x4C4C4C4C, 0x4C4C4C4C, 0x4C4C4C4C, 0x4C4C4C4C, 0x2F4C4C4C, 0x4C4C4C2F,
    0x2F4C4C4C, 0x4C4C4C35, 0x4C4C4C4C, 0x4C4A4A4A, 0x4A4A4A4A, 0x4A4A4A4A, 0x4A4A3D46, 0x4A4A4A4A,
    0x4C4C4C4C, 0x4C4C4C4C, 0x4C4C4C4C, 0x4C4C4C4C, 0x4C4C4C4C, 0x4C4C4C4C, 0x2F4C4C4C, 0x4C4C4C2F,
    0x2F4C4C4C, 0x4C4C4C35, 0x4C4C4C4C, 0x4C4C4C4C, 0x4C4C4C4A, 0x4C4C4C4C, 0x4C4A4A4A, 0x4C4C4C4C,
    0x4C4C4C4C, 0x5B4E4E4E, 0x4C4C4C4C, 0x5B4E4E4C, 0x4C4C4C4C, 0x5B4C4C4C, 0x2F4C4C4C, 0x5B4C4C2F,
    0x2F4C4C4C, 0x5B4C4C36, 0x4C4C4C4C, 0x5B4C4C4C, 0x4C4C4C4C, 0x5B4C4C4C, 0x4C4C4C4C, 0x5B4C4C4C,
    0x35353526, 0x36353535, 0x35353526, 0x36363536, 0x35353526, 0x36363636, 0x36353526, 0x36363636,
    0x36353626, 0x36363636, 0x36363626, 0x36363638, 0x36363626, 0x3636363A, 0x36363626, 0x3636363A,
    0x36353536, 0x36363636, 0x36363535, 0x36363636, 0x36363635, 0x36363636, 0x36363636, 0x36363636,
    0x36363636, 0x36363636, 0x36363636, 0x36363636, 0x36363636, 0x36363636, 0x36363636, 0x36363636,
    0x36353536, 0x36363636, 0x36353536, 0x36363636, 0x36363536, 0x36363636, 0x36363536, 0x36353636,
    0x36363536, 0x36353536, 0x36363536, 0x35353536, 0x36363536, 0x35343536, 0x36363535, 0x35323536,
    0x36363636, 0x35353636, 0x36363636, 0x35353636, 0x36363636, 0x35353636, 0x36363636, 0x35353636,
    0x36363636, 0x35363636, 0x36363736, 0x36363636, 0x36373A36, 0x36363636, 0x36383A36, 0x36363636,
    0x36363636, 0x2D363636, 0x36363636, 0x2D363636, 0x36363636, 0x2D363636, 0x36363636, 0x2D363636,
    0x36363636, 0x2D363636, 0x36363636, 0x2D363636, 0x36363636, 0x2D363636, 0x37363636, 0x2D363636,
    0x3636363D, 0x36353636, 0x3636363D, 0x35353636, 0x3736363D, 0x35353636, 0x3636363D, 0x35363636,
    0x4B36363D, 0x3536363A, 0x3A36363D, 0x36363628, 0x3636363D, 0x36363636, 0x2D2D2D2D, 0x2D2D2D2D,
    0x36363636, 0x36363635, 0x36363636, 0x36363635, 0x36363636, 0x36363535, 0x36363636, 0x36363535,
    0x36363636, 0x36353535, 0x36363636, 0x35353535, 0x36363636, 0x35353536, 0x2D2D2D2D, 0x2D2D2D2D,
    0x36353536, 0x36363736, 0x35353536, 0x36363836, 0x35353536, 0x36373A36, 0x35353536, 0x36373A36,
    0x35353536, 0x36363A36, 0x35353536, 0x36363836, 0x36353535, 0x35363636, 0x2D2D2D2D, 0x2D2D2D2D,
    0x35363636, 0x36363635, 0x35363636, 0x36363636, 0x35363636, 0x36363636, 0x35363636, 0x36363636,
    0x35363635, 0x36363636, 0x35363635, 0x36363636, 0x36353535, 0x36363636, 0x2D2D2D2D, 0x2D2D2D2D,
    0x35353636, 0x26353534, 0x35353636, 0x26353534, 0x35353536, 0x26363535, 0x35353536, 0x26363535,
    0x4B353536, 0x2636353A, 0x3A353536, 0x26363628, 0x36353636, 0x26363636, 0x2D2D2D2D, 0x262D2D2D,
    0x4C4C4C5B, 0x4A4A4A4A, 0x4A4A4A5B, 0x4A4A4A4A, 0x4A4A4A5B, 0x4A4A4A4A, 0x2F4A4A5B, 0x4A4A4A2F,
    0x2F4A4A5B, 0x4A4A4A33, 0x4A49495B, 0x4A4A4A4A, 0x4949495B, 0x4A494949, 0x4949495B, 0x49494949,
    0x4A4A4A4A, 0x4C4C4C4C, 0x4A4A4A4A, 0x4C4C4C4A, 0x4A4A4A4A, 0x4C4A4A4A, 0x2F4A4A4A, 0x4A4A4A2F,
    0x2F4A4A4A, 0x4A4A4A33, 0x4A4A4A4A, 0x4A4A4A4A, 0x4A4A4A4A, 0x4A4A4A4A, 0x4A4A4A4A, 0x4A4A4A4A,
    0x4C4C4C4C, 0x4A4A4A4C, 0x4C4C4C4C, 0x4C4A4A4A, 0x494C4C4C, 0x4C4C4A49, 0x2E4C4C4C, 0x4C4C4C2F,
    0x2E4C4C4A, 0x4A4C4C32, 0x464A4A4A, 0x4A4A4A47, 0x464A4A4A, 0x4A4A4A46, 0x3D4A4A4A, 0x4A4A4A3D,
    0x46494949, 0x4A3B3F3D, 0x4A4A4C4C, 0x3A3B3B4A, 0x4A4A4C4C, 0x3A3A4A4A, 0x2F4A4A4C, 0x374A4A2F,
    0x2F4A4A4A, 0x364A4A33, 0x4A4A4A4A, 0x334A4A4A, 0x4A4A4A4A, 0x324A4A4A, 0x4A4A4A4A, 0x314A4A4A,
    0x4A4A4A4A, 0x4A4A4A4A, 0x4A4A4A4A, 0x4A4A4A4A, 0x4A4A4A39, 0x4A4A4A4A, 0x2F4A4A36, 0x4A4A4A2F,
    0x2F4A4A36, 0x4A4A4A33, 0x4A4A4A33, 0x4A4A4A4A, 0x4A4A4A32, 0x4A4A4A4A, 0x4A4A4A31, 0x4A4A4A4A,
    0x4A4A4A4A, 0x4C4C4C4A, 0x4A4A4A4A, 0x4C4A4A4A, 0x4A4A4A4A, 0x4A4A4A4A, 0x2F4A4A4A, 0x4A4A4A2F,
    0x2F4A4A4A, 0x4A4A4A33, 0x4A4A4A4A, 0x4A4A4A4A, 0x4A4A4A4A, 0x4A4A4A4A, 0x4A4A4A4A, 0x4A4A4A4A,
    0x4C4C4C4C, 0x4C4C4C4C, 0x4C4C4C4C, 0x4C4C4C4C, 0x4C4C4C4A, 0x494C4C4C, 0x2F4A4A4A, 0x494C4C2F,
    0x2F4A4A4A, 0x494A4A33, 0x4A4A4A4A, 0x464A4A4A, 0x4A4A4A4A, 0x464A4A4A, 0x4A4A4A4A, 0x3D4A4A4A,
    0x4A4A4A4C, 0x47494949, 0x4C4A4A49, 0x4C4C4C4C, 0x4C4C4A49, 0x4C4C4C4C, 0x2F4C4C49, 0x4C4C4C2F,
    0x2F4C4C49, 0x4A4C4C35, 0x4C4A4A47, 0x4A4A4A4A, 0x4A4A4A46, 0x4A4A4A4A, 0x4A4A4A3D, 0x4A4A4A4A,
    0x4C3C3D46, 0x4C4C4C4C, 0x3B3B3F4C, 0x4C4C4C4C, 0x3A3B4C4C, 0x4C4C4C39, 0x274C4C4C, 0x4C4C4C23,
    0x234A4A4A, 0x4C4A4A2C, 0x334A4A4A, 0x4A4A4A33, 0x324A4A4A, 0x4A4A4A32, 0x314A4A4A, 0x4A4A4A31,
    0x4C4C4C4C, 0x4C4C4C4C, 0x4C4C4C4C, 0x4C4C4C4C, 0x4C4C4C4C, 0x4C4C4C4C, 0x2F4C4C4C, 0x4C4C4C2F,
    0x2F4C4C4C, 0x4C4C4C35, 0x4A4A4A4A, 0x4C4C4C4C, 0x4A4A4A4A, 0x4A4A4A4A, 0x4A4A4A4A, 0x4A4A4A4A,
    0x4C4C4C4C, 0x4C4C4C4C, 0x4C4C4C4C, 0x4C4C4C4C, 0x4C4C4C4C, 0x4C4C4C4C, 0x2F4C4C4C, 0x4C4C4C2F,
    0x2F4C4C4C, 0x4C4C4C35, 0x4C4C4C4C, 0x4C4C4C4C, 0x4C4C4C4A, 0x4C4C4C4C, 0x4C4C4A4A, 0x4C4C4C4C,
    0x4C4C4C4C, 0x4A4A4A4C, 0x4C4C4C4C, 0x4C4A4A49, 0x494C4C4C, 0x4C4C4A49, 0x2E4C4C4C, 0x4C4C4C2F,
    0x2E4C4C4C, 0x4C4C4C32, 0x474C4C4C, 0x4C4C4C48, 0x464C4C4C, 0x4C4C4C46, 0x3D4C4C4C, 0x4C4C4C3D,
    0x46494949, 0x4C3B3D46, 0x4C4C4C4C, 0x3B3B3C4C, 0x4C4C4C4C, 0x3A3B4C4C, 0x2F4C4C4C, 0x394C4C2F,
    0x2F4C4C4C, 0x364A4C35, 0x4C4C4C4C, 0x334A4A4A, 0x4A4C4C4C, 0x324A4A4A, 0x4A4A4A4A, 0x314A4A4A,
    0x4C4C4C4C, 0x4C4C4C4C, 0x4A4A4C4C, 0x4C4C4C4C, 0x4A4A4A39, 0x4C4C4C4A, 0x2F4A4A37, 0x4C4C4A2F,
    0x2F4A4A36, 0x4C4A4A33, 0x4A4A4A33, 0x4C4A4A4A, 0x4A4A4A32, 0x4A4A4A4A, 0x4A4A4A31, 0x4A4A4A4A,
    0x4C4C4C4C, 0x4C4C4C4C, 0x4C4C4C4C, 0x4C4C4C4C, 0x4C4C4C4C, 0x4C4C4C4C, 0x2F4C4C4C, 0x4C4C4C2F,
    0x2F4C4C4C, 0x4C4C4C36, 0x4C4C4C4C, 0x4C4C4C4C, 0x4C4C4C4C, 0x4C4C4C4C, 0x4C4C4C4C, 0x4C4C4C4C,
    0x4C4C4C4C, 0x4A4A4C4C, 0x4C4C4C4C, 0x4A4A4C4C, 0x4C4C4C4C, 0x494A4C4C, 0x2F4C4C4C, 0x494A4A2F,
    0x2F4C4C4C, 0x484A4A35, 0x4C4C4C4C, 0x464A4A4C, 0x4C4C4C4C, 0x3D4A4A4A, 0x4C4C4C4C, 0x3D4A4A4A,
    0x4949494A, 0x46484949, 0x4A494949, 0x4A4A4A4A, 0x4A4A4949, 0x4A4A4A4A, 0x2F4A4A49, 0x4A4A4A2F,
    0x2F4A4A49, 0x4A4A4A33, 0x4A4A4A46, 0x4A4A4A4A, 0x4A4A4A3D, 0x4A4A4A4A, 0x4A4A4A3F, 0x4A4A4A4A,
    0x4A3B3F3D, 0x4A4A4A4A, 0x3A3B3B4A, 0x4A4A4A4A, 0x393A4A4A, 0x4A4A4A39, 0x234A4A4A, 0x4A4A4A23,
    0x234A4A4A, 0x4A4A4A2C, 0x334A4A4A, 0x4A4A4A33, 0x324A4A4A, 0x4A4A4A32, 0x314A4A4A, 0x49494A31,
    0x4A4A4A4A, 0x4C4C4C4C, 0x4A4A4A4A, 0x4C4C4A4A, 0x4A4A4A4A, 0x4C4C4A4A, 0x2F4A4A4A, 0x4C4A4A2F,
    0x2F4A4A4A, 0x4A4A4A33, 0x4A4A4A4A, 0x4A4A4A4A, 0x4A4A4A4A, 0x4A4A4A4A, 0x4A4A4949, 0x4A4A4A4A,
    0x4C4C4C4C, 0x5B4C4C4C, 0x4C4C4C4C, 0x5B4C4C4C, 0x4C4C4C4C, 0x5B4C4C4C, 0x2F4C4C4C, 0x5B4C4C2F,
    0x2F4C4C4C, 0x5B4C4C36, 0x4C4C4C4C, 0x5B4C4C4C, 0x4C4C4C4A, 0x5B4C4C4C, 0x4C4C4C4A, 0x5B4C4C4C,
    0x36363626, 0x3636363A, 0x36363626, 0x3636363A, 0x36363626, 0x36363636, 0x36363626, 0x36363636,
    0x4B363626, 0x3636363A, 0x3A363626, 0x36363628, 0x36363626, 0x36363636, 0x2D2D2D26, 0x2D2D2D2D,
    0x36363636, 0x35353636, 0x36373636, 0x35353536, 0x36373636, 0x35363536, 0x36373636, 0x35363536,
    0x36363636, 0x35363636, 0x36363636, 0x35363636, 0x36363636, 0x36363636, 0x2D2D2D2D, 0x2D2D2D2D,
    0x36363535, 0x35323536, 0x36363535, 0x35343536, 0x36363535, 0x35353536, 0x36363535, 0x35353636,
    0x36363635, 0x35353636, 0x36363635, 0x36363636, 0x36363635, 0x36363636, 0x2D2D2D2D, 0x2D2D2D2D,
    0x36373A36, 0x36363636, 0x36363A36, 0x36363636, 0x36363836, 0x36363636, 0x36363636, 0x36363636,
    0x36363636, 0x36363636, 0x36363636, 0x36363636, 0x36363636, 0x36363636, 0x2D2D2D2D, 0x2D2D2D2D,
    0x36363636, 0x2D363636, 0x36363636, 0x2D363636, 0x36363636, 0x2D363636, 0x36363636, 0x2D353636,
    0x4B363636, 0x2D35363A, 0x3A363636, 0x2D353628, 0x36363636, 0x2D353536, 0x2D2D2D2D, 0x2D2D2D2D,
    0x3D3D3D3D, 0x3D3D3D3D, 0x3636363D, 0x36363636, 0x3536363D, 0x36363636, 0x3536363D, 0x36363636,
    0x4B36363D, 0x3635363A, 0x3A36363D, 0x36353628, 0x3636363D, 0x36363636, 0x3636363D, 0x36363636,
    0x3D3D3D3D, 0x3D3D3D3D, 0x36363636, 0x35353536, 0x36363636, 0x35353535, 0x36363636, 0x35353535,
    0x36363636, 0x35353535, 0x36363636, 0x35353535, 0x36363636, 0x35353536, 0x36363636, 0x35353636,
    0x3D3D3D3D, 0x3D3D3D3D, 0x36353535, 0x35363636, 0x36353535, 0x35363636, 0x36353535, 0x35363636,
    0x36353535, 0x36363636, 0x36353535, 0x36363636, 0x35353535, 0x36363635, 0x35353535, 0x35363535,
    0x3D3D3D3D, 0x3D3D3D3D, 0x36353534, 0x36363636, 0x36353535, 0x36363636, 0x36353535, 0x36363636,
    0x35353535, 0x36363635, 0x35353535, 0x36363635, 0x35353535, 0x36363635, 0x35353535, 0x36363635,
    0x3D3D3D3D, 0x263D3D3D, 0x36363636, 0x26363636, 0x36363536, 0x26363636, 0x36363536, 0x26373636,
    0x4B363636, 0x2638363A, 0x3A363636, 0x26383628, 0x36363636, 0x263A3636, 0x36363636, 0x263A3836,
    0x4949495B, 0x49494949, 0x4949495B, 0x49494949, 0x4949495B, 0x49494949, 0x2F49495B, 0x4949492F,
    0x2F49495B, 0x49494933, 0x4949495B, 0x49494949, 0x4949495B, 0x49494949, 0x4949495B, 0x49494949,
    0x4A4A4A49, 0x4A4A4A4A, 0x4A4A4949, 0x4A4A4A4A, 0x4A4A4949, 0x4A4A4A4A, 0x2F4A4949, 0x4A4A4A2F,
    0x2F4A4949, 0x4A4A4A33, 0x4A4A4A49, 0x4A4A4A4A, 0x4A4A4A49, 0x4A4A4A4A, 0x4A4A4A4A, 0x4A4A4A4A,
    0x3B4A4A4A, 0x4A4A4A3B, 0x3B4A4A4A, 0x4A4A3A3B, 0x4A4A4A4A, 0x4A37393A, 0x2F4A4A4A, 0x3536372F,
    0x2F4A4A4A, 0x33364A33, 0x4A4A4A4A, 0x4A4A4A4A, 0x4A4A4A4A, 0x4A4A4A4A, 0x4A4A4A4A, 0x4A4A4A4A,
    0x4A4A4A4A, 0x314A4A4A, 0x4A4A4A4A, 0x2F2F4A4A, 0x4A4A4A4A, 0x2F2F2F4A, 0x22313133, 0x4A2F2F22,
    0x22313132, 0x4A4A2F23, 0x4A4A4A4A, 0x4A4A4A4A, 0x4A4A4A4A, 0x4A4A4A4A, 0x4A4A4A4A, 0x4A4A4A4A,
    0x4A4A4A31, 0x4A4A4A4A, 0x4A4A4A2F, 0x4A4A4A4A, 0x4A4A4A4A, 0x494A4A4A, 0x2F4A4A4A, 0x4949492F,
    0x2F4A4A4A, 0x49494933, 0x49494A4A, 0x49494949, 0x4949494A, 0x49494949, 0x49494949, 0x49494949,
    0x4A4A4A4A, 0x4A4A4A4A, 0x4A4A4A4A, 0x4A4A4A4A, 0x49494949, 0x49494949, 0x2F494949, 0x4949492F,
    0x2F494949, 0x49494933, 0x49494949, 0x49494949, 0x49494949, 0x49494949, 0x49494949, 0x49494949,
    0x4A4A4A4A, 0x3B4A4A4A, 0x4A4A4A4A, 0x3B4A4A4A, 0x4A4A4A4A, 0x4A4A4A4A, 0x2F494949, 0x4A4A4A2F,
    0x2F494949, 0x4A4A4A33, 0x49494949, 0x4A4A4A49, 0x49494949, 0x4A4A4949, 0x49494949, 0x4A4A4949,
    0x4A4A4A3B, 0x4A4A4A4A, 0x4A4A3A3B, 0x4A4A4A4A, 0x4A37393A, 0x4A4A4A4A, 0x2336374A, 0x30313123,
    0x23364A4A, 0x30313128, 0x4A4A4A4A, 0x4A4A4A4A, 0x4A4A4A4A, 0x4A4A4A4A, 0x4A4A4A4A, 0x4A4A4A4A,
    0x314A4A4A, 0x4A4A4A31, 0x2F2F4A4A, 0x4A4A4A30, 0x2F2F2F4A, 0x4A4A4A4A, 0x2F2F2F2F, 0x4A4A4A2F,
    0x2F4A2F2F, 0x4A4A4A33, 0x4A4A4A4A, 0x4A4A4A4A, 0x4A4A4A4A, 0x4A4A4A4A, 0x4A4A4A4A, 0x4A4A4A4A,
    0x4A4A4A4A, 0x4A4A4A4A, 0x4A4A4A4A, 0x4A4A4A4A, 0x4A4A4A4A, 0x4A4A4A4A, 0x2F4A4A4A, 0x4A4A4A2F,
    0x2F4A4A4A, 0x4A4A4A33, 0x4A4A4A4A, 0x4A4A4A4A, 0x4A4A4A4A, 0x4A4A4A4A, 0x4A4A4A4A, 0x4A4A4A4A,
    0x4C4C4A4A, 0x4C4C4C4C, 0x4A4A4A4A, 0x4C4C4C4C, 0x4A4A4A4A, 0x4A4A4A4A, 0x2F4A4A4A, 0x4A4A4A2F,
    0x2F4A4A4A, 0x4A4A4A33, 0x4A4A4A4A, 0x4A4A4A4A, 0x4A4A4A4A, 0x4A4A4A4A, 0x4A4A4A4A, 0x4A4A4A4A,
    0x3C4C4C4C, 0x4A4A4A3B, 0x3B4C4C4C, 0x4A4A3A3B, 0x4A4A4A4A, 0x4A37393A, 0x2F4A4A4A, 0x3536372F,
    0x2F4A4A4A, 0x33354A33, 0x4A4A4A4A, 0x4A4A4A4A, 0x4A4A4A4A, 0x494A4A4A, 0x494A4A4A, 0x49494949,
    0x4A4A4A4A, 0x314A4A4A, 0x4A4A4A4A, 0x302F4A4A, 0x4A4A4A4A, 0x2F2F2F4A, 0x22313133, 0x4A2F2F22,
    0x22313132, 0x4A4A2F23, 0x4A4A4A4A, 0x4A4A4A4A, 0x49494949, 0x49494949, 0x49494949, 0x49494949,
    0x4A4A4A31, 0x4A4A4A4A, 0x4A4A4A30, 0x4A4A4A4A, 0x4A4A4A4A, 0x4A4A4A4A, 0x2F4A4A4A, 0x4A4A4A2F,
    0x2F4A4A4A, 0x4A4A4A33, 0x4A4A4A4A, 0x4A4A4A4A, 0x4A4A4A49, 0x4A4A4A4A, 0x49494949, 0x4A4A4A4A,
    0x4C4C4C4A, 0x4C4C4C4C, 0x4C4C4C4A, 0x4C4C4C4C, 0x4C4C4A4A, 0x4C4C4C4C, 0x2F4A4A4A, 0x4C4C4C2F,
    0x2F4A4A4A, 0x4A4C4A33, 0x4A4A4A4A, 0x4A4A4A4A, 0x4A4A4A4A, 0x4A4A4A4A, 0x4A4A4A4A, 0x4A4A4A4A,
    0x4C4C4C4C, 0x3B4A4A4A, 0x4A4C4C4C, 0x3B4A4A4A, 0x4A4A4C4C, 0x4A4A4A4A, 0x2F4A4A4C, 0x4A4A4A2F,
    0x2F4A4A4A, 0x4A4A4A33, 0x4A4A4A4A, 0x4A4A4A4A, 0x4A4A4A4A, 0x494A4A4A, 0x4A4A4A4A, 0x49494A4A,
    0x4A4A4A3B, 0x4A4A4A4A, 0x4A4A3A3B, 0x4A4A4A4A, 0x4A363939, 0x4949494A, 0x2336364A, 0x2F313123,
    0x2335494A, 0x2F313128, 0x49494949, 0x49494949, 0x49494949, 0x49494949, 0x49494949, 0x49494949,
    0x304A4A4A, 0x49494931, 0x2F2F4A4A, 0x4949492F, 0x2F2F2F49, 0x49494949, 0x2F2F2F2F, 0x4949492F,
    0x2F492F2F, 0x49494933, 0x49494949, 0x49494949, 0x49494949, 0x49494949, 0x49494949, 0x49494949,
    0x4A494949, 0x4A4A4A4A, 0x49494949, 0x4A4A4A4A, 0x49494949, 0x4A4A4A4A, 0x2F494949, 0x4A4A4A2F,
    0x2F494949, 0x4A4A4A33, 0x49494949, 0x4A4A4949, 0x49494949, 0x4A494949, 0x49494949, 0x49494949,
    0x4C4C4A4A, 0x5B4C4C4C, 0x4C4C4A4A, 0x5B4C4C4C, 0x4C4A4A4A, 0x5B4C4C4C, 0x2F4A4A4A, 0x5B4C4C2F,
    0x2F4A4A4A, 0x5B4C4C33, 0x4A4A4A4A, 0x5B4A4A4A, 0x4A4A4A4A, 0x5B4A4A4A, 0x4A4A4A4A, 0x5B4A4A4A,
    0x3D3D3D26, 0x3D3D3D3D, 0x36363626, 0x36363635, 0x36363626, 0x36363635, 0x36363626, 0x36363635,
    0x4B363626, 0x3636363A, 0x3A363626, 0x36363628, 0x36363626, 0x37363635, 0x36363626, 0x37363635,
    0x3D3D3D3D, 0x3D3D3D3D, 0x38363636, 0x36363638, 0x38363636, 0x36363738, 0x37363636, 0x36363838,
    0x36363636, 0x36363A38, 0x36363636, 0x36363838, 0x36363636, 0x36363836, 0x36363636, 0x36363836,
    0x3D3D3D3D, 0x3D3D3D3D, 0x36363636, 0x363A3836, 0x36363635, 0x36383736, 0x36363635, 0x36363636,
    0x36363635, 0x36363636, 0x36363635, 0x36363636, 0x37363636, 0x36363636, 0x37363636, 0x36363636,
    0x3D3D3D3D, 0x3D3D3D3D, 0x36353536, 0x36363636, 0x36353536, 0x36363636, 0x36353636, 0x36363636,
    0x36353636, 0x36363636, 0x36353636, 0x36363636, 0x36363636, 0x36363636, 0x36363636, 0x36363636,
    0x3D3D3D3D, 0x2D3D3D3D, 0x36363636, 0x2D353535, 0x35363636, 0x2D353535, 0x35363636, 0x2D353535,
    0x4B363636, 0x2D35353A, 0x3A363636, 0x2D353528, 0x36363636, 0x2D363535, 0x36363636, 0x2D363535,
    0x3636363D, 0x36363636, 0x3636363D, 0x36363636, 0x3636363D, 0x36363636, 0x3636363D, 0x36363636,
    0x3636363D, 0x35363536, 0x3636363D, 0x35353536, 0x3636363D, 0x35353535, 0x3636363D, 0x35353535,
    0x36363636, 0x35353636, 0x36363636, 0x35363636, 0x36363636, 0x35363636, 0x36363636, 0x35363636,
    0x36363636, 0x36363636, 0x36363635, 0x36363636, 0x36363635, 0x36363636, 0x36363635, 0x36363636,
    0x34353535, 0x35353535, 0x34353535, 0x35353535, 0x34353535, 0x35353535, 0x35353535, 0x36353535,
    0x35353535, 0x36353535, 0x35353636, 0x36353535, 0x35353636, 0x36353535, 0x35363636, 0x36353535,
    0x35353535, 0x36363535, 0x35353535, 0x36363535, 0x35353536, 0x36363535, 0x35353636, 0x36353535,
    0x35363636, 0x36353535, 0x36363636, 0x36353536, 0x36363636, 0x36363636, 0x36363636, 0x36363636,
    0x36363636, 0x263A3836, 0x36363736, 0x263A3A36, 0x36363836, 0x26383836, 0x36363736, 0x26363836,
    0x36363636, 0x26363736, 0x36363636, 0x26363636, 0x36363636, 0x26363636, 0x36363636, 0x26363636,
    0x4949495B, 0x49494949, 0x4949495B, 0x49494949, 0x4949495B, 0x49494949, 0x2F49495B, 0x4949492F,
    0x2F49495B, 0x4A494933, 0x4A49495B, 0x4A4A4A4A, 0x4A4A4A5B, 0x4A4A4A4A, 0x4A4A4A5B, 0x4A4A4A4A,
    0x4A4A4A4A, 0x4A4A4A4A, 0x4A4A4A4A, 0x4A4A4A4A, 0x4A4A4A4A, 0x4A4A4A4A, 0x2F4A4A4A, 0x494A4A2F,
    0x2F4A4A4A, 0x49494933, 0x4A4A4A4A, 0x49494949, 0x494A4A4A, 0x49494949, 0x494A4A4A, 0x49494949,
    0x4A4A4A4A, 0x4A4A4A4A, 0x4A4A4A4A, 0x4A4A4A4A, 0x4A4A4A4A, 0x4A4A4A4A, 0x2F494949, 0x4949492F,
    0x2F494949, 0x49494933, 0x49494949, 0x49494949, 0x49494949, 0x49494949, 0x49494949, 0x49494949,
    0x4A4A4A4A, 0x494A4A4A, 0x4A4A4A4A, 0x49494A4A, 0x494A4A4A, 0x49494949, 0x2F494949, 0x4949492F,
    0x2F494949, 0x49494933, 0x49494949, 0x49494949, 0x49494949, 0x49494949, 0x49494949, 0x49494949,
    0x49494949, 0x49494949, 0x49494949, 0x49494949, 0x49494949, 0x49494949, 0x2F494949, 0x4949492F,
    0x2F494949, 0x49494833, 0x49494949, 0x49484649, 0x49494949, 0x49464649, 0x49494949, 0x493D3D49,
    0x49494949, 0x49494949, 0x47484949, 0x3B3D3D46, 0x47494949, 0x3B3F3D46, 0x2F494949, 0x3B49492F,
    0x2E494949, 0x49494932, 0x49494949, 0x49494949, 0x49494949, 0x49494949, 0x49494949, 0x49494949,
    0x49494949, 0x4A494949, 0x49494949, 0x49494949, 0x4949493B, 0x49494949, 0x2F49393A, 0x4949492F,
    0x2F363739, 0x49494933, 0x49363649, 0x49494949, 0x49333549, 0x49494949, 0x49323249, 0x49494949,
    0x4A4A4A4A, 0x4A4A4A4A, 0x4A4A4A4A, 0x4A4A4A4A, 0x4A4A4A49, 0x4A4A4A4A, 0x2F494949, 0x4949492F,
    0x2F494949, 0x49494933, 0x49494949, 0x49494949, 0x49494949, 0x49494949, 0x49494949, 0x49494949,
    0x4A4A4A4A, 0x4A4A4A4A, 0x4A4A4A4A, 0x4A4A4A4A, 0x4A4A4A4A, 0x49494A4A, 0x2F494949, 0x4949492F,
    0x2F494949, 0x49494933, 0x49494949, 0x49494949, 0x49494949, 0x49494949, 0x49494949, 0x49494949,
    0x4A4A4A4A, 0x4A4A4A4A, 0x494A4A4A, 0x48494949, 0x49494949, 0x48494949, 0x2E494949, 0x4949492E,
    0x2E494849, 0x49494933, 0x49484749, 0x49494949, 0x49464649, 0x49494949, 0x493D3D49, 0x49494949,
    0x4A4A4A4A, 0x49494949, 0x3F3D4646, 0x49494949, 0x3B3D4646, 0x4949493B, 0x28494949, 0x49493A28,
    0x2F494949, 0x4937392E, 0x49494949, 0x49363649, 0x49494949, 0x49333549, 0x49494949, 0x49323249,
    0x49494949, 0x49494949, 0x49494949, 0x49494949, 0x49494949, 0x49494949, 0x2F494949, 0x4949492F,
    0x2F494949, 0x49494933, 0x49494949, 0x49494949, 0x49494949, 0x49494949, 0x49494949, 0x49494949,
    0x49494949, 0x49494949, 0x49494949, 0x49494949, 0x49494949, 0x49494949, 0x2F494949, 0x4949492F,
    0x2F494949, 0x49494933, 0x49494949, 0x49494949, 0x49494949, 0x49494949, 0x49494949, 0x49494949,
    0x49494949, 0x4A4A4949, 0x49494949, 0x49494949, 0x49494949, 0x49494949, 0x2F494949, 0x4949492F,
    0x2F494949, 0x49494933, 0x49494949, 0x49494849, 0x49494949, 0x49474649, 0x49494949, 0x49464649,
    0x4A4A4A4A, 0x4A4A4A4A, 0x49494949, 0x3D3D4647, 0x49494949, 0x3C3D4647, 0x2F494949, 0x3B4A4A2F,
    0x2F494949, 0x4A4A4A33, 0x49494949, 0x4A4A4949, 0x49494949, 0x49494949, 0x49494949, 0x49494949,
    0x4A4A4A4A, 0x4949494A, 0x4A4A4A4A, 0x49494949, 0x494A4A3B, 0x49494949, 0x2F4A3A3B, 0x4949492F,
    0x2F37393A, 0x49494933, 0x49363749, 0x49494949, 0x49353649, 0x49494949, 0x49333349, 0x49494949,
    0x49494949, 0x49494949, 0x49494949, 0x49494949, 0x49494949, 0x49494949, 0x2F494949, 0x4949492F,
    0x2F494949, 0x49494933, 0x49494949, 0x49494949, 0x49494949, 0x49494949, 0x49494949, 0x49494949,
    0x49494949, 0x49494949, 0x49494949, 0x49494949, 0x49494949, 0x49494949, 0x2F494949, 0x4949492F,
    0x2E494949, 0x49494932, 0x49494949, 0x49494949, 0x49494949, 0x49494949, 0x49494949, 0x49494949,
    0x49494949, 0x49494949, 0x49494949, 0x49494949, 0x49494949, 0x49494949, 0x2F494949, 0x4949492F,
    0x2F494949, 0x49494933, 0x49494949, 0x49494949, 0x49494949, 0x49494949, 0x49494949, 0x49494949,
    0x4A4A4A49, 0x5B4A4A4A, 0x4A494949, 0x5B4A4A4A, 0x49494949, 0x5B494949, 0x2F494949, 0x5B49492F,
    0x2F494949, 0x5B494933, 0x49494949, 0x5B494949, 0x49494949, 0x5B494949, 0x49494949, 0x5B494949,
    0x36363626, 0x38363635, 0x36363626, 0x38363635, 0x36363626, 0x37363635, 0x36363626, 0x36363635,
    0x36363626, 0x36363635, 0x36363626, 0x36363635, 0x36363626, 0x36363635, 0x36363626, 0x36363635,
    0x36363636, 0x36363736, 0x36363636, 0x36363736, 0x36363636, 0x36363636, 0x36363636, 0x36363636,
    0x36363636, 0x36363636, 0x36363636, 0x36363636, 0x36363636, 0x36363636, 0x36363636, 0x36363636,
    0x37373636, 0x35363636, 0x38383737, 0x35363636, 0x38383736, 0x35363636, 0x37373636, 0x36363636,
    0x36363636, 0x36363636, 0x36363636, 0x36363636, 0x36363636, 0x36363636, 0x36363636, 0x36363636,
    0x38363636, 0x36363638, 0x3A363836, 0x3636363A, 0x3A383836, 0x36363638, 0x383A3836, 0x36363637,
    0x363A3636, 0x36363636, 0x363A3636, 0x36363636, 0x36383636, 0x36363636, 0x36373636, 0x36363636,
    0x36363636, 0x2D363635, 0x36363636, 0x2D363636, 0x36363636, 0x2D363636, 0x36363636, 0x2D363636,
    0x36363636, 0x2D363536, 0x36363636, 0x2D353535, 0x35363636, 0x2D353535, 0x35363636, 0x2D353535,
    0x3535363D, 0x35353535, 0x3535353D, 0x35343535, 0x3535353D, 0x34343535, 0x3535353D, 0x35343535,
    0x3535363D, 0x35353535, 0x3535363D, 0x35353535, 0x3536363D, 0x35353535, 0x3636363D, 0x35353535,
    0x36363535, 0x36363636, 0x36363535, 0x36363636, 0x36363535, 0x36363736, 0x36363535, 0x36363638,
    0x36363535, 0x36363638, 0x36363535, 0x36363638, 0x36363535, 0x36363637, 0x36363535, 0x36363636,
    0x36363636, 0x36363536, 0x36363636, 0x36363536, 0x36363636, 0x36363536, 0x36363636, 0x36363536,
    0x36363636, 0x36363636, 0x36363636, 0x36363636, 0x36363535, 0x36363636, 0x36353535, 0x36363636,
    0x36363536, 0x36363636, 0x36363536, 0x36363636, 0x36363536, 0x36363637, 0x36363536, 0x36363636,
    0x36363536, 0x36363636, 0x36363535, 0x36363636, 0x36363535, 0x36363636, 0x36363535, 0x36363636,
    0x36363636, 0x26363636, 0x36363636, 0x26363636, 0x36363636, 0x26363636, 0x36363636, 0x26363636,
    0x36363636, 0x26363636, 0x36363636, 0x26363636, 0x36363636, 0x26363636, 0x36363636, 0x26363636,
    0x4A4A4A5B, 0x4A4A4A4A, 0x4A4A4A5B, 0x4A4A4A4A, 0x4A4A4A5B, 0x4A4A4A4A, 0x2F4A4A5B, 0x494A4A2F,
    0x2F4A4A5B, 0x49494933, 0x4949495B, 0x49494949, 0x4949495B, 0x49494949, 0x4949495B, 0x49494949,
    0x49494A4A, 0x49494949, 0x4949494A, 0x49494949, 0x49494949, 0x49494949, 0x2F494949, 0x4949492F,
    0x2F494949, 0x49494933, 0x49494949, 0x49494949, 0x49494949, 0x49494949, 0x49494949, 0x49494949,
    0x49494949, 0x49494949, 0x49494949, 0x49494949, 0x49494949, 0x49494949, 0x2F494949, 0x4949492F,
    0x2F494949, 0x49494933, 0x49494949, 0x49494949, 0x49494949, 0x49494949, 0x49494949, 0x49494949,
    0x49494949, 0x49494949, 0x49494949, 0x49494949, 0x49494949, 0x49494949, 0x2E494949, 0x4949492E,
    0x2E494949, 0x49494932, 0x49494949, 0x49494949, 0x49494949, 0x49494949, 0x49494949, 0x49494949,
    0x49494949, 0x493D3F49, 0x49494949, 0x493B3B49, 0x49494949, 0x493B3B49, 0x2E494949, 0x39393A2E,
    0x2E494949, 0x36374932, 0x49494949, 0x36494949, 0x49494949, 0x49494949, 0x49494949, 0x49494949,
    0x49494949, 0x49494949, 0x49494949, 0x49494949, 0x49494949, 0x49494949, 0x2E494949, 0x4949492E,
    0x2E494936, 0x2F494932, 0x31313233, 0x2F2F2F2F, 0x31313233, 0x2F2F2F2F, 0x49494949, 0x49494949,
    0x49313149, 0x49494949, 0x49313049, 0x49494949, 0x492F2F49, 0x49494949, 0x2E2F2F2F, 0x4949492E,
    0x2E492F2F, 0x49494932, 0x4949492F, 0x49494949, 0x49494949, 0x49494949, 0x49494949, 0x49494949,
    0x49494949, 0x49494949, 0x49494949, 0x49494949, 0x49494949, 0x49494949, 0x2E494949, 0x4949492E,
    0x2E494949, 0x49494932, 0x49494949, 0x49494949, 0x49494949, 0x49494949, 0x49494949, 0x49494949,
    0x49494949, 0x49494949, 0x49494949, 0x49494949, 0x49494949, 0x49494949, 0x2E494949, 0x4949492E,
    0x2E494949, 0x49494932, 0x49494949, 0x49494949, 0x49494949, 0x49494949, 0x49494949, 0x49494949,
    0x493F3F49, 0x49494949, 0x493B3B49, 0x49494949, 0x493A3B49, 0x49494949, 0x26393A49, 0x4949492E,
    0x23374949, 0x4949492C, 0x36494949, 0x31313233, 0x49494949, 0x30313133, 0x49494949, 0x49494949,
    0x49494949, 0x49313149, 0x49494949, 0x49313149, 0x49494949, 0x492F2F49, 0x2E494949, 0x492F2F22,
    0x22494949, 0x49492F23, 0x2F2F2F2F, 0x4949492F, 0x2F2F2F2F, 0x49494949, 0x49494949, 0x49494949,
    0x49494949, 0x49494949, 0x49494949, 0x49494949, 0x49494949, 0x49494949, 0x2E494949, 0x4949492E,
    0x2E494949, 0x49494932, 0x49494949, 0x49494949, 0x49494949, 0x49494949, 0x49494949, 0x49494949,
    0x49494949, 0x49494949, 0x49494949, 0x49494949, 0x49494949, 0x49494949, 0x2E494949, 0x4949492E,
    0x2E494949, 0x49494932, 0x49494949, 0x49494949, 0x49494949, 0x49494949, 0x49494949, 0x49494949,
    0x49494949, 0x493D3D49, 0x49494949, 0x493B3C49, 0x49494949, 0x493B3B49, 0x2F494949, 0x393A3A2F,
    0x2F494949, 0x37394933, 0x49494949, 0x36494949, 0x49494949, 0x49494949, 0x49494949, 0x49494949,
    0x49494949, 0x49494949, 0x49494949, 0x49494949, 0x49494949, 0x49494949, 0x2F494949, 0x4949492F,
    0x2F494936, 0x2F494933, 0x31323336, 0x2F2F2F30, 0x31313233, 0x2F2F2F30, 0x49494949, 0x49494949,
    0x49313149, 0x49494949, 0x49313149, 0x49494949, 0x49303049, 0x49494949, 0x2F2F2F2F, 0x4949492F,
    0x2F492F2F, 0x49494933, 0x4949492F, 0x49494949, 0x49494949, 0x49494949, 0x49494949, 0x49494949,
    0x49494949, 0x49494949, 0x49494949, 0x49494949, 0x49494949, 0x49494949, 0x2F494949, 0x4949492E,
    0x2F494949, 0x49494932, 0x49494949, 0x49494949, 0x49494949, 0x49494949, 0x49494949, 0x49494949,
    0x49494949, 0x49494949, 0x49494949, 0x49494949, 0x49494949, 0x49494949, 0x2E494949, 0x4949492E,
    0x2E494949, 0x49494932, 0x49494949, 0x49494949, 0x49494949, 0x49494949, 0x49494949, 0x49494949,
    0x49494949, 0x49494949, 0x49494949, 0x49494949, 0x49494949, 0x49494949, 0x2E494949, 0x4949492E,
    0x2E494949, 0x49494932, 0x49494949, 0x49494949, 0x49494949, 0x49494949, 0x49494949, 0x49494949,
    0x49494949, 0x5B494949, 0x49494949, 0x5B494949, 0x49494949, 0x5B494949, 0x2E494949, 0x5B49492E,
    0x2E494949, 0x5B494932, 0x49494949, 0x5B494949, 0x49494949, 0x5B494949, 0x49494949, 0x5B494949,
    0x35363626, 0x36363635, 0x35363726, 0x36363535, 0x35363826, 0x36363535, 0x35363726, 0x36363535,
    0x36363626, 0x36363535, 0x36363626, 0x36363535, 0x36363626, 0x36363535, 0x36363626, 0x36363535,
    0x36363636, 0x36363536, 0x36363636, 0x36353535, 0x36363636, 0x35353535, 0x36363636, 0x35353535,
    0x36363636, 0x35353536, 0x36363636, 0x35353636, 0x36363737, 0x35353636, 0x36363737, 0x35363636,
    0x36363636, 0x36363636, 0x36363636, 0x36363636, 0x35363636, 0x36363636, 0x35353535, 0x36363636,
    0x35353635, 0x36363636, 0x35363635, 0x36363635, 0x35363635, 0x36363635, 0x35363635, 0x36363635,
    0x36363636, 0x36363635, 0x36363636, 0x36363635, 0x35363636, 0x36363635, 0x35363636, 0x36363635,
    0x36363636, 0x36363635, 0x36363636, 0x36363636, 0x36363636, 0x36363636, 0x36363636, 0x36363636,
    0x35363636, 0x2D363535, 0x35363636, 0x2D363535, 0x35353636, 0x2D363535, 0x35353636, 0x2D363535,
    0x36353536, 0x2D363535, 0x36353536, 0x2D363536, 0x36353536, 0x2D363636, 0x36353536, 0x2D363636,
    0x3636363D, 0x35363636, 0x3636363D, 0x36363636, 0x3636363D, 0x36363636, 0x3636363D, 0x36363636,
    0x3636363D, 0x36363636, 0x3636363D, 0x36363636, 0x3636363D, 0x36363636, 0x3636363D, 0x36363636,
    0x36363535, 0x36363636, 0x36363535, 0x36363636, 0x36353535, 0x36363636, 0x36353535, 0x36363636,
    0x36353535, 0x36353536, 0x36353535, 0x35353536, 0x36353535, 0x35353536, 0x36353535, 0x35353536,
    0x36353536, 0x35363636, 0x35353536, 0x35363636, 0x35353536, 0x35363636, 0x35353536, 0x35363636,
    0x35353536, 0x35363636, 0x35353535, 0x35363636, 0x36353535, 0x35363636, 0x36353535, 0x36363636,
    0x36363535, 0x36363636, 0x36363535, 0x36363636, 0x36363535, 0x36363636, 0x36363535, 0x37363636,
    0x36363535, 0x36363636, 0x36363535, 0x36363636, 0x36363535, 0x36363636, 0x36363535, 0x36363636,
    0x36363636, 0x26363636, 0x37363636, 0x26363637, 0x38363636, 0x26363638, 0x3A363636, 0x2636363A,
    0x38363636, 0x26363638, 0x38363636, 0x26363638, 0x37363636, 0x26363638, 0x37363636, 0x26363637,
    0x4949495B, 0x49494949, 0x4949495B, 0x49494949, 0x4949495B, 0x49494949, 0x2E49495B, 0x4949492E,
    0x2E49495B, 0x49494932, 0x4949495B, 0x49494949, 0x4949495B, 0x49494949, 0x4949495B, 0x49494949,
    0x49494949, 0x49494949, 0x49494949, 0x49494949, 0x49494949, 0x49494949, 0x2E494949, 0x4949492E,
    0x2E494949, 0x49494932, 0x49494949, 0x49494949, 0x49494949, 0x48494949, 0x48494949, 0x48484848,
    0x49494949, 0x49494949, 0x49494949, 0x49494949, 0x49494949, 0x49494949, 0x2E494949, 0x4647492E,
    0x2E494949, 0x47474732, 0x49494949, 0x49474646, 0x46484848, 0x48484646, 0x3D484848, 0x48484846,
    0x49494949, 0x49494949, 0x49494949, 0x49494949, 0x49494949, 0x49494949, 0x2C3D4646, 0x49493B28,
    0x283D4646, 0x493A3B2F, 0x49494949, 0x393A3A49, 0x48484848, 0x37394949, 0x48484848, 0x36494948,
    0x49494949, 0x49494949, 0x49494949, 0x49494949, 0x49494949, 0x49494949, 0x2E494949, 0x4949492E,
    0x2E494949, 0x49494932, 0x49494949, 0x49494949, 0x49494936, 0x49494949, 0x49494935, 0x49494949,
    0x49494949, 0x49494949, 0x49494949, 0x49494949, 0x49494949, 0x49494949, 0x2E494949, 0x4949492E,
    0x2E494949, 0x49494932, 0x49494949, 0x49494949, 0x49494949, 0x49494949, 0x49494949, 0x49494949,
    0x49494949, 0x49494949, 0x49494949, 0x49494949, 0x49494949, 0x49494949, 0x2E494949, 0x4949492E,
    0x2E494949, 0x49494932, 0x49494949, 0x49494949, 0x49494949, 0x46494949, 0x49494949, 0x46494949,
    0x49494949, 0x49494949, 0x49494949, 0x49494949, 0x49494949, 0x49494949, 0x2E484949, 0x3D46462D,
    0x2E494949, 0x3D464631, 0x49494848, 0x49494949, 0x49494847, 0x49494949, 0x49494946, 0x49494949,
    0x49494949, 0x49494949, 0x49494949, 0x49494949, 0x49494949, 0x49494949, 0x2E493B3F, 0x4949492E,
    0x2E3B3B3C, 0x49494932, 0x393A3B49, 0x49494949, 0x37394949, 0x49494936, 0x36494949, 0x49494936,
    0x49494949, 0x49494949, 0x49494949, 0x49494949, 0x49494949, 0x48484949, 0x2E494949, 0x4848482E,
    0x2E494949, 0x48484832, 0x49494949, 0x48484849, 0x49494949, 0x48484848, 0x49494949, 0x48484848,
    0x49494949, 0x49494949, 0x49494949, 0x49494949, 0x49494949, 0x49494949, 0x2E494948, 0x4949492E,
    0x2E494948, 0x49494932, 0x49494948, 0x49494949, 0x49494948, 0x49494949, 0x49494948, 0x49494949,
    0x49494949, 0x49494949, 0x49494949, 0x49494949, 0x49494949, 0x49494949, 0x2E494949, 0x4646492E,
    0x2E494949, 0x46464732, 0x49494949, 0x48474646, 0x46494949, 0x48484646, 0x46494949, 0x48484846,
    0x49494949, 0x49494949, 0x49494949, 0x49494949, 0x49494949, 0x49494949, 0x283D4646, 0x49493B28,
    0x283D4646, 0x493A3B2F, 0x48484848, 0x39393A48, 0x48484848, 0x36394848, 0x48484848, 0x36484848,
    0x49494949, 0x49494949, 0x49494949, 0x49494949, 0x49494949, 0x49494949, 0x2E494949, 0x4949492E,
    0x2E494949, 0x49494932, 0x49494949, 0x49494949, 0x49494936, 0x49494949, 0x49494935, 0x49494949,
    0x49494949, 0x49494949, 0x49494949, 0x49494949, 0x49494949, 0x49494949, 0x2E494949, 0x4949492E,
    0x2E494949, 0x49494932, 0x49494949, 0x49494949, 0x49494949, 0x49494949, 0x49494949, 0x49494949,
    0x49494949, 0x49494949, 0x49494949, 0x49494949, 0x49494949, 0x49494949, 0x2E494949, 0x4949492E,
    0x2E494949, 0x49494932, 0x49494949, 0x49494949, 0x49494949, 0x46494949, 0x49494949, 0x46494949,
    0x49494949, 0x49494949, 0x49494949, 0x49494949, 0x49494949, 0x49494949, 0x2E484949, 0x3D3D462D,
    0x2E484949, 0x3D3D4631, 0x49494848, 0x49494949, 0x49494847, 0x49494949, 0x49494946, 0x49494949,
    0x49494949, 0x49494949, 0x49494949, 0x49494949, 0x49494949, 0x49494949, 0x2E493B3C, 0x4949492E,
    0x2E3A3B3B, 0x49494932, 0x393A3B49, 0x49494949, 0x36394949, 0x49494936, 0x36484848, 0x48484833,
    0x49494949, 0x49494949, 0x49494949, 0x49494949, 0x49494949, 0x49494949, 0x2E494949, 0x4949492E,
    0x2E494949, 0x49494932, 0x49494949, 0x49494949, 0x49494949, 0x49494949, 0x49494949, 0x49494949,
    0x49494949, 0x5B494949, 0x49494949, 0x5B494949, 0x49494949, 0x5B494949, 0x2E494949, 0x5B49492E,
    0x2E494949, 0x5B484831, 0x48494949, 0x5B484848, 0x48494949, 0x5B484848, 0x48484949, 0x5B484848,
    0x36363626, 0x37363636, 0x36363626, 0x38363636, 0x36363626, 0x38363636, 0x36363626, 0x38363636,
    0x36363626, 0x38363636, 0x36363626, 0x37363636, 0x36363626, 0x36363636, 0x36363626, 0x36363636,
    0x36383736, 0x36363636, 0x363A3736, 0x36363636, 0x373A3736, 0x36363636, 0x383A3836, 0x36383636,
    0x383A3836, 0x36383638, 0x3A383836, 0x36383638, 0x3A383736, 0x36363638, 0x3A373736, 0x36363638,
    0x35363636, 0x36363635, 0x35363636, 0x36363636, 0x35363636, 0x36363636, 0x35363636, 0x36363636,
    0x36363636, 0x36363636, 0x36363636, 0x36363636, 0x36363636, 0x36363636, 0x36363636, 0x36363636,
    0x36363636, 0x36363636, 0x36363636, 0x36363636, 0x36363636, 0x36363636, 0x36363636, 0x36363636,
    0x36363636, 0x36363636, 0x36363636, 0x35363636, 0x36363636, 0x36363636, 0x36363636, 0x36363636,
    0x36353536, 0x2D363636, 0x36353536, 0x2D363636, 0x36353536, 0x2D363636, 0x36363636, 0x2D363636,
    0x36363636, 0x2D363636, 0x36363636, 0x2D363636, 0x36363636, 0x2D363636, 0x36363636, 0x2D363636,
    0x3636363D, 0x36363636, 0x3636363D, 0x36363636, 0x3636363D, 0x35363636, 0x3636363D, 0x35363636,
    0x4B36363D, 0x3536363A, 0x3A36363D, 0x35363628, 0x3636363D, 0x35363636, 0x2D2D2D2D, 0x2D2D2D2D,
    0x36353535, 0x35353636, 0x36353535, 0x35353636, 0x36363435, 0x35363637, 0x36363435, 0x36363638,
    0x36363435, 0x3636363A, 0x36363535, 0x35363638, 0x36363535, 0x35363638, 0x2D2D2D2D, 0x2D2D2D2D,
    0x36353535, 0x36363636, 0x35353535, 0x36363636, 0x35353536, 0x36363636, 0x35353536, 0x36363636,
    0x35353636, 0x36363636, 0x36353636, 0x36363636, 0x36363635, 0x36363636, 0x2D2D2D2D, 0x2D2D2D2D,
    0x36363535, 0x36363636, 0x36363536, 0x36353536, 0x36363536, 0x36353536, 0x36353536, 0x36353535,
    0x35353536, 0x36353535, 0x36363636, 0x36353535, 0x36363636, 0x36353536, 0x2D2D2D2D, 0x2D2D2D2D,
    0x36363636, 0x26363636, 0x36363636, 0x26363636, 0x36363636, 0x26363636, 0x36363636, 0x26363636,
    0x4B363636, 0x2636363A, 0x3A363636, 0x26363628, 0x36363636, 0x26363636, 0x2D2D2D2D, 0x262D2D2D,
    0x4949495B, 0x48494949, 0x4949495B, 0x48484848, 0x4848485B, 0x48484848, 0x2E48485B, 0x4848482E,
    0x2E48485B, 0x47474831, 0x4748485B, 0x47474747, 0x4747475B, 0x46464747, 0x4747475B, 0x46464646,
    0x48484848, 0x48484848, 0x48484848, 0x48484848, 0x48484848, 0x47474747, 0x2D474747, 0x4747472D,
    0x2D464747, 0x46464631, 0x46464646, 0x46464646, 0x46464646, 0x46464646, 0x46464646, 0x46464646,
    0x3D484848, 0x4848483D, 0x3F484848, 0x4848483F, 0x3B474747, 0x4847473B, 0x28474747, 0x47474728,
    0x27464646, 0x4746462E, 0x39464646, 0x46463637, 0x46464646, 0x46333636, 0x46464646, 0x31323346,
    0x48484848, 0x33494948, 0x48484848, 0x32494948, 0x48484848, 0x31494948, 0x2E484848, 0x3049482E,
    0x2E484847, 0x2F494831, 0x48484747, 0x2F2F4848, 0x48484746, 0x2F2F2F48, 0x2F2F3031, 0x492F2F2F,
    0x49494933, 0x49494949, 0x49494931, 0x49494949, 0x49494931, 0x49494949, 0x2E494930, 0x4949492E,
    0x2E49492F, 0x49494932, 0x4949492F, 0x49494949, 0x49494949, 0x49494949, 0x49494949, 0x49494949,
    0x49494949, 0x49494949, 0x49494949, 0x49494949, 0x49494949, 0x49494949, 0x2E494949, 0x4949492E,
    0x2E494949, 0x49494932, 0x49494949, 0x49494949, 0x49494949, 0x49494949, 0x49494949, 0x49494949,
    0x49494949, 0x3D494949, 0x49494949, 0x3D494949, 0x49494949, 0x3B494949, 0x2E494949, 0x3B49492E,
    0x2E494949, 0x3A494932, 0x49494949, 0x39484949, 0x49494949, 0x48484949, 0x49494949, 0x48484849,
    0x49494946, 0x49494949, 0x4949493D, 0x49494949, 0x4949493B, 0x49494949, 0x2E48483B, 0x4848482E,
    0x2E48483A, 0x48484831, 0x48483739, 0x48484848, 0x47333636, 0x48484847, 0x31333348, 0x2F2F3031,
    0x33494949, 0x49494933, 0x32494949, 0x49494931, 0x31494949, 0x49494931, 0x22494948, 0x49494922,
    0x22484848, 0x49494923, 0x2F2F4848, 0x4848482F, 0x2F2F2F48, 0x48484848, 0x482F2F2F, 0x48484848,
    0x49494949, 0x48484848, 0x48494949, 0x48484848, 0x48494949, 0x48484848, 0x2E484949, 0x4848482E,
    0x2E484849, 0x48484831, 0x48484848, 0x48484848, 0x48484848, 0x48484848, 0x48484848, 0x48484848,
    0x49494848, 0x49494949, 0x49494848, 0x49494949, 0x49494848, 0x49494949, 0x2E484848, 0x4949492E,
    0x2E484848, 0x49494932, 0x48484848, 0x48494948, 0x48484848, 0x48484848, 0x48484848, 0x48484848,
    0x3D494949, 0x4848483D, 0x3D494949, 0x4848483D, 0x3B494949, 0x4848483B, 0x28484849, 0x48484828,
    0x27484848, 0x4848482E, 0x39484848, 0x48483739, 0x48484848, 0x48333636, 0x48484848, 0x31333348,
    0x48484848, 0x33484848, 0x48484848, 0x31484848, 0x48484848, 0x31484848, 0x2D484848, 0x2F47472D,
    0x2D484848, 0x2F474731, 0x47484848, 0x2F2F4747, 0x47474848, 0x2F2F2F47, 0x2F2F3031, 0x462E2E2F,
    0x49494833, 0x49494949, 0x48484831, 0x49494848, 0x48484831, 0x48484848, 0x2D47472F, 0x4848482D,
    0x2D46462F, 0x47474731, 0x4646462F, 0x46464646, 0x46464646, 0x46464646, 0x46464646, 0x46464646,
    0x49494949, 0x49494949, 0x49494949, 0x49494949, 0x48484848, 0x49494848, 0x2E484848, 0x4848482E,
    0x2D484747, 0x48484831, 0x47474747, 0x48474747, 0x47464646, 0x47474747, 0x46464646, 0x47474746,
    0x49494949, 0x3D494949, 0x49494949, 0x3D494949, 0x49494949, 0x3B484949, 0x2E484848, 0x3B48482E,
    0x2E484848, 0x3A484831, 0x48484848, 0x39474848, 0x47474747, 0x47474747, 0x47474747, 0x47474747,
    0x49494946, 0x48484949, 0x4849493D, 0x48484848, 0x4848483B, 0x48484848, 0x2E48483B, 0x4848482D,
    0x2D48483A, 0x47474731, 0x47473737, 0x47474747, 0x46333636, 0x46464646, 0x31333346, 0x2F2F2F31,
    0x33484848, 0x48484832, 0x31484848, 0x48484831, 0x31484848, 0x48484831, 0x22474747, 0x47474722,
    0x22474747, 0x46464623, 0x2F2F4647, 0x4646462F, 0x2F2F2F46, 0x46464646, 0x462E2E2F, 0x46464646,
    0x48484848, 0x48494848, 0x48484848, 0x48484848, 0x48484848, 0x48484848, 0x2D474747, 0x4848482D,
    0x2D474646, 0x48484731, 0x46464646, 0x48474746, 0x46464646, 0x47474646, 0x46464646, 0x47474646,
    0x48484848, 0x5B484848, 0x48484848, 0x5B494949, 0x48484848, 0x5B494949, 0x2E484848, 0x5B49492E,
    0x2E484848, 0x5B494932, 0x48484848, 0x5B494949, 0x48484848, 0x5B494949, 0x48484848, 0x5B494948,
    0x36363626, 0x36363636, 0x36363626, 0x36363636, 0x36363626, 0x35363636, 0x36363626, 0x35363636,
    0x4B363626, 0x3536363A, 0x3A363626, 0x35363628, 0x36363626, 0x35363636, 0x2D2D2D26, 0x2D2D2D2D,
    0x38383636, 0x36363636, 0x36383636, 0x36363636, 0x363A3636, 0x36363636, 0x363A3636, 0x35363636,
    0x363A3636, 0x35363636, 0x363A3636, 0x35363636, 0x36383636, 0x35363636, 0x2D2D2D2D, 0x2D2D2D2D,
    0x36363636, 0x36363636, 0x36363635, 0x36363636, 0x36363635, 0x36363636, 0x36363535, 0x36363635,
    0x36363535, 0x36363636, 0x36353535, 0x36363636, 0x36363535, 0x36363636, 0x2D2D2D2D, 0x2D2D2D2D,
    0x36363636, 0x36363636, 0x36373636, 0x36363636, 0x36383636, 0x36363636, 0x363A3836, 0x36363836,
    0x363A3836, 0x37363836, 0x36383836, 0x36363636, 0x36363837, 0x36363636, 0x2D2D2D2D, 0x2D2D2D2D,
    0x36363636, 0x2D363636, 0x36363636, 0x2D363636, 0x36353636, 0x2D363736, 0x36353636, 0x2D363836,
    0x4B353636, 0x2D36383A, 0x3A353636, 0x2D363628, 0x35353636, 0x2D363636, 0x2D2D2D2D, 0x2D2D2D2D,
    0x3D3D3D3D, 0x3D3D3D3D, 0x3535363D, 0x36363636, 0x3535363D, 0x36363635, 0x3435363D, 0x36363635,
    0x4B35363D, 0x3636363A, 0x3A35363D, 0x36363628, 0x3435363D, 0x36363635, 0x3435363D, 0x36363635,
    0x3D3D3D3D, 0x3D3D3D3D, 0x36353535, 0x36363636, 0x36353535, 0x36363636, 0x36353535, 0x36363636,
    0x36353535, 0x36363636, 0x36353535, 0x36363636, 0x36353536, 0x36363636, 0x36353536, 0x36363636,
    0x3D3D3D3D, 0x3D3D3D3D, 0x36363535, 0x36363636, 0x36353535, 0x36363536, 0x36353535, 0x36363535,
    0x36353535, 0x36363535, 0x36353536, 0x36363535, 0x35353536, 0x36363535, 0x35353636, 0x36363636,
    0x3D3D3D3D, 0x3D3D3D3D, 0x35353636, 0x35353535, 0x35353636, 0x35353535, 0x35353636, 0x35353535,
    0x35353636, 0x35353535, 0x35353636, 0x35353535, 0x35353636, 0x35353535, 0x35353636, 0x35353535,
    0x3D3D3D3D, 0x263D3D3D, 0x36363636, 0x26363636, 0x36363635, 0x26363636, 0x36353535, 0x26363636,
    0x4B353535, 0x2636353A, 0x3A353535, 0x26353628, 0x36353535, 0x26353636, 0x36363535, 0x26353636,
    0x4647475B, 0x46464646, 0x4646475B, 0x46464646, 0x4646475B, 0x46464646, 0x2D46475B, 0x4646462D,
    0x2D46475B, 0x46464631, 0x4646465B, 0x46464646, 0x4646465B, 0x46464646, 0x4646465B, 0x46464646,
    0x46464646, 0x46464646, 0x46464646, 0x46464646, 0x46464646, 0x46464646, 0x2C464646, 0x4646462C,
    0x2C464646, 0x46464631, 0x46464646, 0x46464646, 0x46464646, 0x46464646, 0x46464646, 0x46464646,
    0x46464646, 0x31314646, 0x46464646, 0x46464646, 0x46464646, 0x46464646, 0x2C464646, 0x4646462C,
    0x2C464646, 0x46464631, 0x46464646, 0x46464646, 0x46464646, 0x46464646, 0x46464646, 0x46464646,
    0x2F2F2F31, 0x48482F2F, 0x47464646, 0x48484848, 0x46464646, 0x48484847, 0x2D464646, 0x4847472D,
    0x2C464646, 0x47474631, 0x46464646, 0x47464646, 0x46464646, 0x46464646, 0x46464646, 0x46464646,
    0x49494949, 0x49494949, 0x49494948, 0x49494949, 0x49484848, 0x49494949, 0x2E484848, 0x4949492E,
    0x2E484848, 0x49494831, 0x48484847, 0x48484848, 0x48484747, 0x46484848, 0x48474747, 0x46464848,
    0x49494949, 0x49494949, 0x49494949, 0x49494949, 0x49494949, 0x49494949, 0x2E494949, 0x4949492E,
    0x2E494949, 0x49494932, 0x46464646, 0x3B3C3D3D, 0x46464646, 0x3B3B3D3D, 0x49484846, 0x3B494949,
    0x49494949, 0x48484849, 0x49494949, 0x48484849, 0x49494949, 0x48484849, 0x2E494949, 0x4848482E,
    0x2E494949, 0x48484832, 0x49494949, 0x48484848, 0x4949493A, 0x48484848, 0x4949393A, 0x48484848,
    0x31324748, 0x2F2F2F31, 0x47474748, 0x48474747, 0x47474748, 0x48474747, 0x2D474748, 0x4847472D,
    0x2D474748, 0x48474731, 0x47474748, 0x48484747, 0x47474748, 0x48484747, 0x47474748, 0x48484747,
    0x48482F2F, 0x48484848, 0x48484848, 0x48484848, 0x48484848, 0x48484848, 0x2E484848, 0x4848482E,
    0x2E484848, 0x48484831, 0x48484848, 0x48484848, 0x48484848, 0x48484848, 0x48484848, 0x48484848,
    0x48484848, 0x48484848, 0x48484848, 0x48484848, 0x48484848, 0x48484848, 0x2E484848, 0x4848482D,
    0x2D484848, 0x48484831, 0x48484848, 0x3D464646, 0x46484848, 0x3D464646, 0x46464848, 0x47474746,
    0x48484848, 0x48484848, 0x48484848, 0x48484848, 0x48484848, 0x48484848, 0x2E484848, 0x4848482E,
    0x2D484848, 0x47474731, 0x3B3B3C3D, 0x47474747, 0x3A3B3C3D, 0x4647473A, 0x3A474747, 0x46463739,
    0x48484848, 0x31324747, 0x47484848, 0x47474747, 0x47474748, 0x47474747, 0x2D474747, 0x4747472D,
    0x2D474747, 0x47474731, 0x46464647, 0x47474646, 0x46464646, 0x47474646, 0x46464646, 0x47474646,
    0x2F2F2F31, 0x46462E2F, 0x46474747, 0x46464646, 0x46464747, 0x46464646, 0x2D474747, 0x4646462D,
    0x2D474747, 0x46464631, 0x47474747, 0x46464647, 0x47474747, 0x47474747, 0x47474747, 0x47474747,
    0x46464646, 0x46464646, 0x46464646, 0x46464646, 0x46464646, 0x46464646, 0x2C464646, 0x4646462C,
    0x2C464646, 0x46464631, 0x46464646, 0x46464646, 0x46464647, 0x46464646, 0x47474747, 0x46464747,
    0x46464646, 0x46464646, 0x46464646, 0x46464646, 0x46464646, 0x46464646, 0x2C464646, 0x4646462C,
    0x2C464646, 0x46464631, 0x3D3D4646, 0x3B3B3B3F, 0x3D3D4646, 0x3A3B3B3F, 0x46464646, 0x39464646,
    0x47474746, 0x46474747, 0x46464646, 0x46464747, 0x46464646, 0x46464646, 0x2D464646, 0x4646462D,
    0x2D464646, 0x46474631, 0x46464646, 0x47474646, 0x46464639, 0x46464646, 0x46463639, 0x46464646,
    0x31324646, 0x2F2F2F31, 0x46464646, 0x46464646, 0x46464646, 0x46464646, 0x2D464646, 0x4646462C,
    0x2D464646, 0x46464631, 0x46464646, 0x46464646, 0x46464646, 0x46464646, 0x46464646, 0x46464646,
    0x46462E2F, 0x46464646, 0x46464646, 0x46464646, 0x46464646, 0x46464646, 0x2C464646, 0x4646462C,
    0x2C464646, 0x46464631, 0x46464646, 0x46464646, 0x46464646, 0x46464646, 0x46464646, 0x46464646,
    0x46464646, 0x47464646, 0x46464646, 0x47464646, 0x46464646, 0x47464646, 0x2C464646, 0x4746462D,
    0x2D464646, 0x47464631, 0x46464646, 0x47474646, 0x46464646, 0x47464646, 0x46464646, 0x46464646,
    0x48484848, 0x5B484848, 0x48484847, 0x5B484848, 0x48484847, 0x5B484848, 0x2E484747, 0x5B48482E,
    0x2D474747, 0x5B484831, 0x47474747, 0x5B484847, 0x47474747, 0x5B474747, 0x47474747, 0x5B474747,
    0x3D3D3D26, 0x3D3D3D3D, 0x36363626, 0x36363636, 0x36363626, 0x36363636, 0x36363626, 0x36363636,
    0x4B363626, 0x3636363A, 0x3A363626, 0x36363628, 0x36363626, 0x36363636, 0x36363626, 0x36363636,
    0x3D3D3D3D, 0x3D3D3D3D, 0x36363636, 0x36363536, 0x36363636, 0x36363536, 0x36363636, 0x36363635,
    0x35363636, 0x36363635, 0x35363636, 0x36363535, 0x36363636, 0x36363535, 0x36363636, 0x36363535,
    0x3D3D3D3D, 0x3D3D3D3D, 0x36363535, 0x36363636, 0x36363636, 0x36363636, 0x36363636, 0x36363636,
    0x36363636, 0x36363636, 0x36363636, 0x36363636, 0x36363636, 0x36363636, 0x36363636, 0x36363636,
    0x3D3D3D3D, 0x3D3D3D3D, 0x36363736, 0x36363637, 0x37363636, 0x36363638, 0x38363636, 0x36363638,
    0x38363636, 0x36363638, 0x38363636, 0x36363638, 0x37373636, 0x36363636, 0x36383636, 0x36363636,
    0x3D3D3D3D, 0x2D3D3D3D, 0x35353636, 0x2D363636, 0x35353636, 0x2D363636, 0x35353536, 0x2D363636,
    0x4B353536, 0x2D36363A, 0x3A353536, 0x2D363528, 0x35353536, 0x2D353535, 0x36353636, 0x2D353535,
    0x3435363D, 0x36363636, 0x3536363D, 0x36363636, 0x3536363D, 0x36363636, 0x3536363D, 0x36363636,
    0x3636363D, 0x38363635, 0x3636363D, 0x38363635, 0x3636363D, 0x38363636, 0x3636363D, 0x36363636,
    0x35353636, 0x36363636, 0x35353636, 0x36363636, 0x35363636, 0x36363635, 0x35363636, 0x36363535,
    0x35363637, 0x36363535, 0x35363738, 0x36363535, 0x3536383A, 0x36363535, 0x35363838, 0x36363535,
    0x35363636, 0x36363636, 0x35363636, 0x36363636, 0x36363636, 0x36363636, 0x36363636, 0x36363636,
    0x36363636, 0x36363636, 0x36363636, 0x36363636, 0x36363636, 0x36363636, 0x36363636, 0x36363636,
    0x35353636, 0x36353535, 0x35353636, 0x36353535, 0x35363636, 0x36363535, 0x35363636, 0x36363635,
    0x35363636, 0x36363635, 0x35363836, 0x36363636, 0x35363837, 0x37363636, 0x35363638, 0x36363636,
    0x36363636, 0x26353636, 0x36363636, 0x26353636, 0x36363636, 0x26363636, 0x36363636, 0x26363536,
    0x36363636, 0x26363536, 0x36363636, 0x26363535, 0x36363737, 0x26363535, 0x36363838, 0x26363535,
    0x4646465B, 0x46464646, 0x4646465B, 0x46464646, 0x4646465B, 0x46464646, 0x2C46465B, 0x4646462C,
    0x2C46465B, 0x46464631, 0x4646465B, 0x46464646, 0x4646465B, 0x46464646, 0x4646465B, 0x46464646,
    0x46464646, 0x46464646, 0x46464646, 0x46464646, 0x46464646, 0x46464646, 0x2C464646, 0x4646462C,
    0x2C464646, 0x46464631, 0x46464646, 0x46464646, 0x46464646, 0x46464646, 0x46464646, 0x46464646,
    0x46464646, 0x46464646, 0x46464646, 0x46464646, 0x46464646, 0x46464646, 0x2C464646, 0x4646462C,
    0x2C464646, 0x46464631, 0x46464646, 0x46464646, 0x46464646, 0x46464646, 0x46464646, 0x46464646,
    0x46464646, 0x46464646, 0x46464646, 0x46464646, 0x46464646, 0x46464646, 0x2C464646, 0x4646462C,
    0x2C464646, 0x46464631, 0x46464646, 0x46464646, 0x46464646, 0x46464646, 0x46464646, 0x46464646,
    0x48474746, 0x46464648, 0x47474746, 0x48463D48, 0x47474646, 0x483D3D47, 0x2D474646, 0x483F3F2D,
    0x2D474646, 0x483B3B31, 0x47474646, 0x483B3B47, 0x47474646, 0x483A3A47, 0x47464646, 0x37393947,
    0x48484848, 0x49494949, 0x48484848, 0x49494949, 0x48484848, 0x49494848, 0x2E484848, 0x4848482E,
    0x2E484848, 0x48484831, 0x48484848, 0x48484848, 0x48484848, 0x48484848, 0x48484848, 0x47474748,
    0x49363739, 0x48484848, 0x48353649, 0x48484848, 0x48333349, 0x48484848, 0x2E313148, 0x4848482E,
    0x2E313148, 0x48484831, 0x482F2F48, 0x48484848, 0x472F2F48, 0x47474747, 0x472F2F2F, 0x47474747,
    0x47474748, 0x48484747, 0x47474748, 0x48484747, 0x47474748, 0x48484747, 0x2D474748, 0x4847472D,
    0x2D474748, 0x48474731, 0x47474748, 0x47474747, 0x47484847, 0x47474747, 0x48484847, 0x47474748,
    0x48484848, 0x48484848, 0x48484848, 0x48484848, 0x48484848, 0x48484848, 0x2E484848, 0x4748482E,
    0x2D484848, 0x47474731, 0x47474747, 0x47474747, 0x47474747, 0x46464747, 0x47474747, 0x46464646,
    0x46464648, 0x46464647, 0x473D3D48, 0x46464646, 0x463D3D47, 0x46464646, 0x2D3F3C47, 0x4646462D,
    0x2D3B3B47, 0x46464631, 0x463B3B46, 0x46464646, 0x46393A46, 0x46464646, 0x36373946, 0x46464646,
    0x46464646, 0x46363637, 0x46464646, 0x46333546, 0x46464646, 0x46323246, 0x2C464646, 0x4631312C,
    0x2C464646, 0x46303031, 0x46464646, 0x462F2F46, 0x46464646, 0x462F2F46, 0x46464646, 0x462F2F2F,
    0x46464646, 0x47474746, 0x46464646, 0x47474746, 0x46464646, 0x47474746, 0x2D464646, 0x4747472D,
    0x2D464646, 0x47474731, 0x46464646, 0x47474746, 0x46464646, 0x47474746, 0x46464646, 0x47474746,
    0x47474747, 0x47474747, 0x48484847, 0x47484848, 0x48484848, 0x48484848, 0x2D484848, 0x4848482D,
    0x2D484848, 0x48484831, 0x48484848, 0x48484848, 0x48484847, 0x47484848, 0x48484847, 0x47484848,
    0x47474747, 0x46463D47, 0x47474747, 0x463D3D47, 0x47474747, 0x463D3D47, 0x2D474747, 0x463F3C2D,
    0x2D474747, 0x463B3B31, 0x47474747, 0x463A3B46, 0x46474747, 0x46393A46, 0x46474747, 0x36373946,
    0x46464646, 0x46464646, 0x46464646, 0x46464646, 0x46464646, 0x46464646, 0x2C464646, 0x4646462C,
    0x2C464646, 0x46464631, 0x46464646, 0x46464646, 0x46464646, 0x46464646, 0x46464646, 0x46464646,
    0x46353636, 0x46464646, 0x46333346, 0x46464646, 0x46323246, 0x46464646, 0x2C313146, 0x4646462C,
    0x2C303046, 0x46464631, 0x462F2F46, 0x46464646, 0x462F2F46, 0x46464646, 0x462F2F2F, 0x46464646,
    0x46464646, 0x46464646, 0x46464646, 0x46464646, 0x46464646, 0x46464646, 0x2C464646, 0x4646462C,
    0x2C464646, 0x46464631, 0x46464646, 0x46464646, 0x46464646, 0x46464646, 0x46464646, 0x46464646,
    0x46464646, 0x46464646, 0x46464646, 0x46464646, 0x46464646, 0x46464646, 0x2C464646, 0x4646462C,
    0x2C464646, 0x46464631, 0x46464646, 0x46464646, 0x46464646, 0x46464646, 0x46464646, 0x46464646,
    0x46464646, 0x46464646, 0x46464646, 0x46464646, 0x46464646, 0x46464646, 0x2C464646, 0x4646462C,
    0x2C464646, 0x46464631, 0x46464646, 0x46464646, 0x46464646, 0x46464646, 0x46464646, 0x46464646,
    0x46464646, 0x5B464646, 0x46464646, 0x5B464646, 0x46464646, 0x5B464646, 0x2C464646, 0x5B46462C,
    0x2C464646, 0x5B464631, 0x46464646, 0x5B464646, 0x46464646, 0x5B464646, 0x46464646, 0x5B464646,
    0x36363626, 0x36363636, 0x36363626, 0x36363636, 0x36363626, 0x36363636, 0x36363626, 0x36363636,
    0x36353526, 0x36373636, 0x36353526, 0x37383736, 0x36353526, 0x37383836, 0x36353526, 0x36383736,
    0x36363636, 0x36363536, 0x36363636, 0x36363536, 0x36363636, 0x36363536, 0x36363636, 0x36363536,
    0x36363636, 0x36363536, 0x36363637, 0x36363536, 0x36363636, 0x36363536, 0x36363636, 0x36363536,
    0x36363636, 0x36363636, 0x36363636, 0x36363636, 0x36363636, 0x36363636, 0x37363636, 0x36363636,
    0x38363636, 0x36363638, 0x3A363636, 0x3636363A, 0x3A363636, 0x3636363A, 0x38363636, 0x36363638,
    0x36383636, 0x36363636, 0x36383636, 0x36363636, 0x36363636, 0x36363636, 0x36363636, 0x36353536,
    0x36363636, 0x35353536, 0x36363536, 0x35353435, 0x35363536, 0x35353435, 0x35353536, 0x35353235,
    0x36353636, 0x2D353535, 0x36353636, 0x2D353535, 0x36353636, 0x2D363636, 0x36353536, 0x2D363636,
    0x36363535, 0x2D363636, 0x36363535, 0x2D383636, 0x36363535, 0x2D3A3636, 0x36353535, 0x2D3A3636,
    0x3536363D, 0x36363636, 0x3536363D, 0x36363636, 0x3536363D, 0x36363636, 0x3536363D, 0x36363636,
    0x3636363D, 0x36363636, 0x3636363D, 0x36363636, 0x3636363D, 0x36363636, 0x3636363D, 0x36363636,
    0x36363836, 0x36363535, 0x36363736, 0x36363635, 0x36363736, 0x36363636, 0x36373836, 0x36363636,
    0x36383836, 0x35363636, 0x36383A37, 0x35353636, 0x363A3A37, 0x35353636, 0x37383836, 0x35353636,
    0x36363636, 0x37363636, 0x36363636, 0x36363636, 0x36363636, 0x36363636, 0x36363636, 0x36363636,
    0x36363636, 0x36363636, 0x36363636, 0x36363636, 0x36363636, 0x35353636, 0x36363636, 0x35363636,
    0x35363638, 0x36363636, 0x35363637, 0x36363636, 0x35363636, 0x36363636, 0x36363636, 0x36363636,
    0x36363636, 0x36363636, 0x36363636, 0x36353636, 0x36363635, 0x36353636, 0x36363535, 0x36353636,
    0x36363A38, 0x26363535, 0x36363A37, 0x26363535, 0x36363A36, 0x26363535, 0x36363836, 0x26363535,
    0x36363636, 0x26363635, 0x36363636, 0x26363635, 0x36363636, 0x26363635, 0x36363636, 0x26363635,
    0x4646465B, 0x46464646, 0x4646465B, 0x46464646, 0x4646465B, 0x46464646, 0x2C46465B, 0x4646462C,
    0x2C46465B, 0x46464631, 0x4646465B, 0x46464646, 0x4646465B, 0x46464646, 0x4646465B, 0x46464646,
    0x46464646, 0x46464646, 0x46464646, 0x46464646, 0x46464646, 0x46464646, 0x2C464646, 0x4646462C,
    0x2C464646, 0x46464631, 0x46464646, 0x46464646, 0x46464646, 0x46464646, 0x46464646, 0x46464646,
    0x46464646, 0x46464646, 0x46464646, 0x46464646, 0x46464646, 0x46464646, 0x2C464646, 0x4646462C,
    0x2C464646, 0x46464631, 0x46464646, 0x46464646, 0x46464646, 0x46464646, 0x46464646, 0x46464646,
    0x46464646, 0x46464646, 0x46464646, 0x46464646, 0x46464646, 0x46464646, 0x2C464646, 0x4646462C,
    0x2C464646, 0x46464631, 0x46464646, 0x46464646, 0x46464646, 0x46464646, 0x46464646, 0x46464646,
    0x47464646, 0x36364747, 0x47464646, 0x33474747, 0x46464646, 0x47474747, 0x2D464646, 0x4747472D,
    0x2D464646, 0x47474631, 0x46464646, 0x47464646, 0x46464646, 0x46464646, 0x46464646, 0x46464646,
    0x47474833, 0x2F474747, 0x30313133, 0x2E2F2F2F, 0x2F313132, 0x2E2F2F2F, 0x2D474747, 0x4646462D,
    0x2D464747, 0x46464631, 0x46464647, 0x46464646, 0x46464646, 0x46464646, 0x46464646, 0x46464646,
    0x46462F2F, 0x47474747, 0x4646462E, 0x47474646, 0x46464646, 0x47464646, 0x2C464646, 0x4646462C,
    0x2C464646, 0x46464631, 0x46464646, 0x46464646, 0x46464646, 0x46464646, 0x46464646, 0x46464646,
    0x48484847, 0x47474748, 0x47474747, 0x47474747, 0x47474747, 0x47474747, 0x2D474747, 0x4647472D,
    0x2D474746, 0x46464631, 0x46464646, 0x46464646, 0x46464646, 0x46464646, 0x46464646, 0x46464646,
    0x46474747, 0x46464646, 0x46464747, 0x46464646, 0x46464647, 0x46464646, 0x2C464646, 0x4646462C,
    0x2C464646, 0x46464631, 0x46464646, 0x46464646, 0x46464646, 0x46464646, 0x46464646, 0x46464646,
    0x36364646, 0x46464633, 0x33464646, 0x2F313132, 0x46464646, 0x2F303131, 0x2C464646, 0x4646462C,
    0x2C464646, 0x46464631, 0x46464646, 0x46464646, 0x46464646, 0x46464646, 0x46464646, 0x46464646,
    0x2E464646, 0x46462E2E, 0x2E2E2F2F, 0x4646462E, 0x2E2E2F2F, 0x46464646, 0x2C464646, 0x4646462C,
    0x2C464646, 0x46464631, 0x46464646, 0x46464646, 0x46464646, 0x46464646, 0x46464646, 0x46464646,
    0x46464646, 0x47474746, 0x46464646, 0x47474646, 0x46464646, 0x47474646, 0x2C464646, 0x4746462D,
    0x2C464646, 0x46464631, 0x46464646, 0x46464646, 0x46464646, 0x46464646, 0x46464646, 0x46464646,
    0x48484747, 0x47474848, 0x48474747, 0x47474848, 0x47474747, 0x47474748, 0x2D474747, 0x4747472D,
    0x2D474747, 0x47474731, 0x46464646, 0x46464647, 0x46464646, 0x46464646, 0x46464646, 0x46464646,
    0x46464747, 0x36364646, 0x46464747, 0x33464646, 0x46464647, 0x46464646, 0x2C464647, 0x4646462C,
    0x2C464646, 0x46464631, 0x46464646, 0x46464646, 0x46464646, 0x46464646, 0x46464646, 0x46464646,
    0x46464633, 0x2E464646, 0x2F313132, 0x2E2E2F2F, 0x2F303131, 0x2E2E2F2F, 0x2C464646, 0x4646462C,
    0x2C464646, 0x46464631, 0x46464646, 0x46464646, 0x46464646, 0x46464646, 0x46464646, 0x46464646,
    0x46462E2E, 0x46464646, 0x4646462E, 0x46464646, 0x46464646, 0x46464646, 0x2C464646, 0x4646462C,
    0x2C464646, 0x46464631, 0x46464646, 0x46464646, 0x46464646, 0x3D3D4646, 0x3D464646, 0x3D3D3D3D,
    0x46464646, 0x46464646, 0x46464646, 0x46464646, 0x46464646, 0x46464646, 0x2C464646, 0x4646462C,
    0x2C464646, 0x46464631, 0x46464646, 0x46464646, 0x46464646, 0x46464646, 0x463D3D3D, 0x46464646,
    0x46464646, 0x46464646, 0x46464646, 0x46464646, 0x46464646, 0x46464646, 0x2C464646, 0x4646462C,
    0x2C464646, 0x46464631, 0x46464646, 0x46464646, 0x46464646, 0x46464646, 0x46464646, 0x46464646,
    0x46464646, 0x46464646, 0x46464646, 0x46464646, 0x46464646, 0x46464646, 0x2C464646, 0x4646462C,
    0x2C464646, 0x46464631, 0x46464646, 0x46464646, 0x46464646, 0x46464646, 0x46464646, 0x46464646,
    0x46464646, 0x5B464646, 0x46464646, 0x5B464646, 0x46464646, 0x5B464646, 0x2C464646, 0x5B46462C,
    0x2C464646, 0x5B464631, 0x46464646, 0x5B464646, 0x46464646, 0x5B464646, 0x46464646, 0x5B464646,
    0x36363526, 0x36373636, 0x36363526, 0x36363636, 0x36363626, 0x36363636, 0x36363626, 0x36363636,
    0x36363626, 0x36363636, 0x36363626, 0x36363636, 0x36363626, 0x36363636, 0x36363626, 0x36363636,
    0x36363636, 0x36353636, 0x36363636, 0x36353636, 0x36363636, 0x36363636, 0x36363636, 0x36363636,
    0x36353636, 0x36363636, 0x36353536, 0x36363836, 0x35353536, 0x36363A36, 0x36353536, 0x36363A36,
    0x36363636, 0x36363636, 0x36363636, 0x36363636, 0x36363636, 0x36363636, 0x36363636, 0x36363636,
    0x36363636, 0x35363636, 0x36363636, 0x35363636, 0x36363536, 0x35353636, 0x36363536, 0x35353636,
    0x35353636, 0x35353235, 0x35353636, 0x35353435, 0x35353636, 0x35353435, 0x35353535, 0x35353535,
    0x35353535, 0x35353535, 0x35353535, 0x35353535, 0x35343435, 0x35353535, 0x35343435, 0x35353535,
    0x35353535, 0x2D3A3636, 0x35353535, 0x2D383636, 0x35363535, 0x2D383636, 0x36363635, 0x2D363636,
    0x36363635, 0x2D363636, 0x37363635, 0x2D363636, 0x3A363635, 0x2D363636, 0x3A383635, 0x2D363636,
    0x3636363D, 0x36363636, 0x3636363D, 0x36363636, 0x3636363D, 0x36363636, 0x3636363D, 0x36363636,
    0x3636363D, 0x36363636, 0x3636363D, 0x36363636, 0x3536363D, 0x36363635, 0x3536363D, 0x36363635,
    0x37373636, 0x35363636, 0x36363636, 0x35363637, 0x36363636, 0x35363636, 0x36363636, 0x35363636,
    0x36363636, 0x35353636, 0x36363636, 0x35353536, 0x35363636, 0x35353535, 0x35353636, 0x35353535,
    0x36363636, 0x35363636, 0x36363636, 0x35363636, 0x36363636, 0x35363536, 0x36363636, 0x36363536,
    0x36363636, 0x36363636, 0x36353536, 0x36363636, 0x35353535, 0x36353636, 0x35353535, 0x36353636,
    0x36363535, 0x35353636, 0x36363635, 0x35363636, 0x36363635, 0x36363636, 0x36363635, 0x36363636,
    0x36363636, 0x36363636, 0x36363636, 0x36363636, 0x36363636, 0x36363636, 0x36363636, 0x36363636,
    0x36363636, 0x26363635, 0x36363636, 0x26363635, 0x36363636, 0x26353635, 0x36363636, 0x26353635,
    0x36363636, 0x26363636, 0x36363636, 0x26363636, 0x36353636, 0x26363636, 0x36353636, 0x26363636,
    0x4646465B, 0x46464646, 0x4646465B, 0x46464646, 0x4646465B, 0x46464646, 0x2C46465B, 0x4646462C,
    0x2C46465B, 0x46464631, 0x463D3D5B, 0x46464646, 0x45452525, 0x25254545, 0x45454525, 0x25252545,
    0x46464646, 0x46464646, 0x46464646, 0x46464646, 0x46464646, 0x46464646, 0x2C464646, 0x4646462C,
    0x2C464646, 0x46464631, 0x46464646, 0x46464646, 0x45452525, 0x25254545, 0x45454525, 0x25252545,
    0x46464646, 0x46464646, 0x46464646, 0x46464646, 0x46464646, 0x46464646, 0x2C464646, 0x4646462C,
    0x2C464646, 0x46464631, 0x46464646, 0x46464646, 0x45452525, 0x25254545, 0x45454525, 0x25252545,
    0x46464646, 0x46464646, 0x46464646, 0x46464646, 0x46464646, 0x46464646, 0x2C464646, 0x4646462C,
    0x2C464646, 0x46464631, 0x46464646, 0x46464646, 0x45452525, 0x25254545, 0x45454525, 0x25252545,
    0x46464646, 0x46464646, 0x46464646, 0x46464646, 0x46464646, 0x46464646, 0x2C464646, 0x4646462C,
    0x2C464646, 0x46464631, 0x46464646, 0x46464646, 0x45452525, 0x25254545, 0x45454525, 0x25252545,
    0x46464646, 0x46464646, 0x46464646, 0x46464646, 0x46464646, 0x46464646, 0x2C464646, 0x4646462C,
    0x2C464646, 0x46464631, 0x46464646, 0x46464646, 0x45452525, 0x25254545, 0x45454525, 0x25252545,
    0x46464646, 0x46464646, 0x46464646, 0x46464646, 0x46464646, 0x46464646, 0x2C464646, 0x4646462C,
    0x2C464646, 0x46464631, 0x46464646, 0x46464646, 0x45452525, 0x25254545, 0x45454525, 0x25252545,
    0x46464646, 0x46464646, 0x46464646, 0x46464646, 0x46464646, 0x46464646, 0x2C464646, 0x4646462C,
    0x2C464646, 0x46464631, 0x46464646, 0x46464646, 0x45452525, 0x25254545, 0x45454525, 0x25252545,
    0x46464646, 0x46464646, 0x46464646, 0x46464646, 0x46464646, 0x46464646, 0x2C464646, 0x4646462C,
    0x2C464646, 0x46464631, 0x46464646, 0x3D3D4646, 0x45452525, 0x25254545, 0x45454525, 0x25252545,
    0x46464646, 0x46464646, 0x46464646, 0x46464646, 0x46464646, 0x46464646, 0x2C464646, 0x4646462C,
    0x2C464646, 0x46464631, 0x46464646, 0x46464646, 0x45452525, 0x25254545, 0x45454525, 0x25252545,
    0x46464646, 0x46464646, 0x46464646, 0x46464646, 0x46464646, 0x46464646, 0x2C464646, 0x4646462C,
    0x2C464646, 0x46464631, 0x46464646, 0x46464646, 0x45452525, 0x25254545, 0x45454525, 0x25252545,
    0x46464646, 0x46464646, 0x46464646, 0x46464646, 0x46464646, 0x46464646, 0x2C464646, 0x4646462C,
    0x2C464646, 0x46464631, 0x46464646, 0x46464646, 0x45452525, 0x25254545, 0x45454525, 0x25252545,
    0x46464646, 0x46464646, 0x46464646, 0x46464646, 0x46464646, 0x46464646, 0x2C464646, 0x4646462C,
    0x2C464646, 0x46464631, 0x46464646, 0x46464646, 0x45452525, 0x25254545, 0x45454525, 0x25252545,
    0x46464646, 0x46464646, 0x46464646, 0x46464646, 0x46464646, 0x46464646, 0x2C464646, 0x4646462C,
    0x2C464646, 0x46464631, 0x46464646, 0x46464646, 0x45452525, 0x25254545, 0x45454525, 0x25252545,
    0x46464646, 0x46464646, 0x46464646, 0x46464646, 0x46464646, 0x46464646, 0x2C464646, 0x3D46462C,
    0x2C464646, 0x46464631, 0x46464646, 0x46464646, 0x45452525, 0x25254545, 0x45454525, 0x25252545,
    0x3D3D4646, 0x3D3D3D3D, 0x3D3D3D3D, 0x3D3D3D3D, 0x3D3D3D3D, 0x3D3D3D3D, 0x2C3D3D3D, 0x3D3D3D2C,
    0x2C3D3D3D, 0x3D3D3D31, 0x3D3D3D46, 0x3D3D3D3D, 0x45452525, 0x25254545, 0x45454525, 0x25252545,
    0x3D3D3D3D, 0x46464646, 0x3D3D3D3D, 0x4646463D, 0x3D3D3D3D, 0x46463D3D, 0x2C3D3D3D, 0x46463D2C,
    0x2C3D3D3D, 0x463D3D31, 0x3D3D3D3D, 0x3D3D3D3D, 0x45452525, 0x25254545, 0x45454525, 0x25252545,
    0x46464646, 0x46464646, 0x46464646, 0x46464646, 0x46464646, 0x46464646, 0x2C464646, 0x4646462C,
    0x2C464646, 0x46464631, 0x4646463D, 0x46464646, 0x45452525, 0x25254545, 0x45454525, 0x25252545,
    0x46464646, 0x46464646, 0x46464646, 0x46464646, 0x46464646, 0x46464646, 0x2C464646, 0x4646462C,
    0x2C464646, 0x46464631, 0x46464646, 0x46464646, 0x45452525, 0x25254545, 0x45454525, 0x25252545,
    0x46464646, 0x5B464646, 0x46464646, 0x5B464646, 0x46464646, 0x5B464646, 0x2C464646, 0x5B46462C,
    0x2C464646, 0x5B464631, 0x46464646, 0x5B464646, 0x45452525, 0x25254545, 0x45454525, 0x25252545,
    0x36363626, 0x36363636, 0x36363626, 0x36363636, 0x36363626, 0x36363636, 0x36363626, 0x36363636,
    0x36363626, 0x36363636, 0x36363626, 0x36363636, 0x36363626, 0x36363636, 0x36363626, 0x36363636,
    0x36353536, 0x36363836, 0x36353536, 0x36363636, 0x36363536, 0x36363636, 0x36363536, 0x36363636,
    0x36353536, 0x36363636, 0x35353636, 0x36363636, 0x35353636, 0x35363636, 0x35353636, 0x35363636,
    0x36363536, 0x35353636, 0x36363635, 0x35353536, 0x36363635, 0x35353536, 0x36363635, 0x35353536,
    0x36363635, 0x35353536, 0x36363635, 0x35353536, 0x36363635, 0x35353536, 0x36363635, 0x35353536,
    0x35343535, 0x35353535, 0x35343535, 0x35353535, 0x35343535, 0x35353535, 0x35353535, 0x35353535,
    0x35353535, 0x35353535, 0x35353635, 0x35353535, 0x35363635, 0x35353535, 0x35363636, 0x35353535,
    0x3A383636, 0x2D363636, 0x3A383636, 0x2D363636, 0x3A373636, 0x2D363636, 0x3A373636, 0x2D363636,
    0x3A383636, 0x2D363636, 0x38383636, 0x2D363636, 0x373A3636, 0x2D373636, 0x373A3636, 0x2D383636,
    0x3536363D, 0x36363636, 0x3536363D, 0x36363636, 0x3536363D, 0x36363636, 0x3536363D, 0x36363636,
    0x4B36363D, 0x3636363A, 0x3A36363D, 0x36363628, 0x3536363D, 0x36363635, 0x2D2D2D2D, 0x2D2D2D2D,
    0x35353636, 0x35353535, 0x35353636, 0x35353535, 0x35363636, 0x35353535, 0x35363636, 0x35353535,
    0x35363636, 0x35353535, 0x35363636, 0x35353535, 0x35353636, 0x34343536, 0x2D2D2D2D, 0x2D2D2D2D,
    0x35353535, 0x36353635, 0x35353535, 0x36353535, 0x35353535, 0x36363535, 0x35353535, 0x36363535,
    0x35353535, 0x36363635, 0x36353535, 0x36363636, 0x36363635, 0x36363636, 0x2D2D2D2D, 0x2D2D2D2D,
    0x36363636, 0x36373636, 0x36363636, 0x36373636, 0x36363636, 0x36373636, 0x36363636, 0x36363636,
    0x36363636, 0x36363636, 0x36363636, 0x36363636, 0x36363636, 0x36363636, 0x2D2D2D2D, 0x2D2D2D2D,
    0x36353536, 0x26363636, 0x36353536, 0x26363636, 0x36363535, 0x26353636, 0x36363535, 0x26353636,
    0x4B363535, 0x2635363A, 0x3A363535, 0x26363628, 0x36363536, 0x26363636, 0x2D2D2D2D, 0x262D2D2D,
    0x56562B2B, 0x56565656, 0x2A2A5252, 0x2A2A2A2A, 0x29295151, 0x29292929, 0x26264343, 0x26262626,
    0x24242424, 0x24242424, 0x22222222, 0x22222222, 0x21212121, 0x21212121, 0x20202020, 0x20202020,
    0x2B2B2B2B, 0x2B2B2B2B, 0x2A2A2A2A, 0x52522A2A, 0x29292929, 0x51512929, 0x26262626, 0x43432626,
    0x40404040, 0x24244040, 0x3E3E3E3E, 0x22223E3E, 0x21212121, 0x21212121, 0x20202020, 0x20202020,
    0x2B2B2B2B, 0x56565656, 0x52525252, 0x2A2A2A2A, 0x51515151, 0x29292929, 0x43434343, 0x26262626,
    0x24242424, 0x24242424, 0x22222222, 0x22222222, 0x21212121, 0x21212121, 0x20202020, 0x20202020,
    0x2B2B5656, 0x2B2B2B2B, 0x2A2A2A2A, 0x2A2A2A2A, 0x29292929, 0x29292929, 0x26262626, 0x26262626,
    0x40402424, 0x40404040, 0x3E3E2222, 0x3E3E3E3E, 0x21212121, 0x21212121, 0x20202020, 0x20202020,
    0x2B2B2B2B, 0x56562B2B, 0x52525252, 0x2A2A5252, 0x51515151, 0x29295151, 0x43434343, 0x26264343,
    0x24242424, 0x24242424, 0x22222222, 0x22222222, 0x21212121, 0x21212121, 0x20202020, 0x20202020,
    0x56565656, 0x2B2B2B2B, 0x2A2A2A2A, 0x2A2A2A2A, 0x29292929, 0x29292929, 0x26262626, 0x26262626,
    0x24242424, 0x40404040, 0x22222222, 0x3E3E3E3E, 0x21212121, 0x21212121, 0x20202020, 0x20202020,
    0x2B2B2B2B, 0x2B2B2B2B, 0x52522A2A, 0x52525252, 0x51512929, 0x51515151, 0x43432626, 0x43434343,
    0x24244040, 0x24242424, 0x22223E3E, 0x22222222, 0x21212121, 0x21212121, 0x20202020, 0x20202020,
    0x56565656, 0x2B2B5656, 0x2A2A2A2A, 0x2A2A2A2A, 0x29292929, 0x29292929, 0x26262626, 0x26262626,
    0x24242424, 0x40402424, 0x22222222, 0x3E3E2222, 0x21212121, 0x21212121, 0x20202020, 0x20202020,
    0x2B2B2B2B, 0x2B2B2B2B, 0x2A2A2A2A, 0x52525252, 0x29292929, 0x51515151, 0x26262626, 0x43434343,
    0x40404040, 0x24242424, 0x3E3E3E3E, 0x22222222, 0x21212121, 0x21212121, 0x20202020, 0x20202020,
    0x56562B2B, 0x56565656, 0x2A2A5252, 0x2A2A2A2A, 0x29295151, 0x29292929, 0x26264343, 0x26262626,
    0x24242424, 0x24242424, 0x22222222, 0x22222222, 0x21212121, 0x21212121, 0x20202020, 0x20202020,
    0x2B2B2B2B, 0x2B2B2B2B, 0x2A2A2A2A, 0x52522A2A, 0x29292929, 0x51512929, 0x26262626, 0x43432626,
    0x40404040, 0x24244040, 0x3E3E3E3E, 0x22223E3E, 0x21212121, 0x21212121, 0x20202020, 0x20202020,
    0x2B2B2B2B, 0x56565656, 0x52525252, 0x2A2A2A2A, 0x51515151, 0x29292929, 0x43434343, 0x26262626,
    0x24242424, 0x24242424, 0x22222222, 0x22222222, 0x21212121, 0x21212121, 0x20202020, 0x20202020,
    0x2B2B5656, 0x2B2B2B2B, 0x2A2A2A2A, 0x2A2A2A2A, 0x29292929, 0x29292929, 0x26262626, 0x26262626,
    0x40402424, 0x40404040, 0x3E3E2222, 0x3E3E3E3E, 0x21212121, 0x21212121, 0x20202020, 0x20202020,
    0x2B2B2B2B, 0x56562B2B, 0x52525252, 0x2A2A5252, 0x51515151, 0x29295151, 0x43434343, 0x26264343,
    0x24242424, 0x24242424, 0x22222222, 0x22222222, 0x21212121, 0x21212121, 0x20202020, 0x20202020,
    0x56565656, 0x2B2B2B2B, 0x2A2A2A2A, 0x2A2A2A2A, 0x29292929, 0x29292929, 0x26262626, 0x26262626,
    0x24242424, 0x40404040, 0x22222222, 0x3E3E3E3E, 0x21212121, 0x21212121, 0x20202020, 0x20202020,
    0x2B2B2B2B, 0x2B2B2B2B, 0x52522A2A, 0x52525252, 0x51512929, 0x51515151, 0x43432626, 0x43434343,
    0x24244040, 0x24242424, 0x22223E3E, 0x22222222, 0x21212121, 0x21212121, 0x20202020, 0x20202020,
    0x56565656, 0x2B2B5656, 0x2A2A2A2A, 0x2A2A2A2A, 0x29292929, 0x29292929, 0x26262626, 0x26262626,
    0x24242424, 0x40402424, 0x22222222, 0x3E3E2222, 0x21212121, 0x21212121, 0x20202020, 0x20202020,
    0x2B2B2B2B, 0x2B2B2B2B, 0x2A2A2A2A, 0x52525252, 0x29292929, 0x51515151, 0x26262626, 0x43434343,
    0x40404040, 0x24242424, 0x3E3E3E3E, 0x22222222, 0x21212121, 0x21212121, 0x20202020, 0x20202020,
    0x56562B2B, 0x56565656, 0x2A2A5252, 0x2A2A2A2A, 0x29295151, 0x29292929, 0x26264343, 0x26262626,
    0x24242424, 0x24242424, 0x22222222, 0x22222222, 0x21212121, 0x21212121, 0x20202020, 0x20202020,
    0x2B2B2B2B, 0x2B2B2B2B, 0x2A2A2A2A, 0x52522A2A, 0x29292929, 0x51512929, 0x26262626, 0x43432626,
    0x40404040, 0x24244040, 0x3E3E3E3E, 0x22223E3E, 0x21212121, 0x21212121, 0x20202020, 0x20202020,
    0x36363526, 0x36363636, 0x36353526, 0x36363636, 0x36353526, 0x36363636, 0x36353526, 0x36363636,
    0x4B353626, 0x3636363A, 0x3A363626, 0x36363628, 0x36363626, 0x36363636, 0x2D2D2D26, 0x2D2D2D2D,
    0x35353636, 0x35353635, 0x35353536, 0x35353635, 0x35353536, 0x35353535, 0x35353536, 0x36353535,
    0x35353536, 0x36353535, 0x35353536, 0x36353636, 0x36353536, 0x36353636, 0x2D2D2D2D, 0x2D2D2D2D,
    0x36363635, 0x35353536, 0x36363635, 0x35353535, 0x36363536, 0x35363535, 0x35353536, 0x35363535,
    0x35353536, 0x35363535, 0x36363536, 0x35353535, 0x36363536, 0x35353536, 0x2D2D2D2D, 0x2D2D2D2D,
    0x35363636, 0x35353535, 0x35363636, 0x35353535, 0x35353636, 0x35353535, 0x35353636, 0x35343534,
    0x35353636, 0x35353534, 0x35353636, 0x35353535, 0x35353635, 0x35353535, 0x2D2D2D2D, 0x2D2D2D2D,
    0x373A3636, 0x2D373636, 0x383A3636, 0x2D363637, 0x38383636, 0x2D363637, 0x38363636, 0x2D363637,
    0x4B363636, 0x2D36363A, 0x3A363636, 0x2D363628, 0x36363636, 0x2D363636, 0x2D2D2D2D, 0x2D2D2D2D,
};
static const uint16_t board1_pal[256] = {
    0x0000, 0x0000, 0x0000, 0x0000, 0x0000, 0x0000, 0x0000, 0x0000,
    0x0000, 0x0000, 0x0000, 0x0000, 0x0000, 0x0000, 0x0000, 0x0000,
    0x0000, 0x0000, 0x0000, 0x0000, 0x0000, 0x0000, 0x0000, 0x0000,
    0x0000, 0x0000, 0x0000, 0x0000, 0x0000, 0x0000, 0x0000, 0x0000,
    0x0421, 0x0443, 0x0822, 0x0C42, 0x0444, 0x0464, 0x0864, 0x0C43,
    0x0C63, 0x1063, 0x1064, 0x0865, 0x0866, 0x0886, 0x1464, 0x1485,
    0x0C86, 0x0887, 0x0C87, 0x0CA7, 0x0CA8, 0x0CA9, 0x0CC9, 0x10C9,
    0x10CA, 0x10EA, 0x14CA, 0x14EA, 0x10EB, 0x14EB, 0x10EC, 0x150C,
    0x14EC, 0x150D, 0x190D, 0x150E, 0x152E, 0x192E, 0x192F, 0x194F,
    0x1D4F, 0x1950, 0x1D92, 0x171E, 0x1D50, 0x1D51, 0x1D71, 0x1D72,
    0x1D93, 0x21B4, 0x21B5, 0x2194, 0x2193, 0x2929, 0x2D4A, 0x2D6A,
    0x358B, 0x358C, 0x39AC, 0x39AD, 0x41CE, 0x25D5, 0x25B5, 0x25D6,
    0x460F, 0x4610, 0x5A94, 0x5ED5, 0x66F6, 0x6F38, 0x6B39, 0x7FBC,
    0x7FDD, 0x0000, 0x0000, 0x0000, 0x0000, 0x0000, 0x0000, 0x0000,
    0x0000, 0x0000, 0x0000, 0x0000, 0x0000, 0x0000, 0x0000, 0x0000,
    0x0000, 0x0000, 0x0000, 0x0000, 0x0000, 0x0000, 0x0000, 0x0000,
    0x0000, 0x0000, 0x0000, 0x0000, 0x0000, 0x0000, 0x0000, 0x0000,
    0x0000, 0x0000, 0x0000, 0x0000, 0x0000, 0x0000, 0x0000, 0x0000,
    0x0000, 0x0000, 0x0000, 0x0000, 0x0000, 0x0000, 0x0000, 0x0000,
    0x0000, 0x0000, 0x0000, 0x0000, 0x0000, 0x0000, 0x0000, 0x0000,
    0x0000, 0x0000, 0x0000, 0x0000, 0x0000, 0x0000, 0x0000, 0x0000,
    0x0000, 0x0000, 0x0000, 0x0000, 0x0000, 0x0000, 0x0000, 0x0000,
    0x0000, 0x0000, 0x0000, 0x0000, 0x0000, 0x0000, 0x0000, 0x0000,
    0x0000, 0x0000, 0x0000, 0x0000, 0x0000, 0x0000, 0x0000, 0x0000,
    0x0000, 0x0000, 0x0000, 0x0000, 0x0000, 0x0000, 0x0000, 0x0000,
    0x0000, 0x0000, 0x0000, 0x0000, 0x0000, 0x0000, 0x0000, 0x0000,
    0x0000, 0x0000, 0x0000, 0x0000, 0x0000, 0x0000, 0x0000, 0x0000,
    0x0000, 0x0000, 0x0000, 0x0000, 0x0000, 0x0000, 0x0000, 0x0000,
    0x0000, 0x0000, 0x0000, 0x0000, 0x0000, 0x0000, 0x0000, 0x0000,
    0x0000, 0x0000, 0x0000, 0x0000, 0x0000, 0x0000, 0x0000, 0x0000,
    0x0000, 0x0000, 0x0000, 0x0000, 0x0000, 0x0000, 0x0000, 0x0000,
    0x0000, 0x0000, 0x0000, 0x0000, 0x0000, 0x0000, 0x0000, 0x0000,
};
static const uint32_t board1_tiles[9600] = {
    0x42424242, 0x42424242, 0x38383842, 0x37383838, 0x38383842, 0x38383838, 0x37383842, 0x38383837,
    0x48383842, 0x3838383D, 0x3D383842, 0x3838382B, 0x37383842, 0x38383837, 0x38383842, 0x38383838,
    0x42424242, 0x42424242, 0x38383837, 0x38373738, 0x38383838, 0x37373838, 0x38383738, 0x37373838,
    0x38383738, 0x37373838, 0x38383738, 0x37383838, 0x38383738, 0x37383838, 0x38383737, 0x3838383A,
    0x42424242, 0x42424242, 0x3A3B3A37, 0x3B3D3A3A, 0x3A3A3A38, 0x3A3B3B3A, 0x3A3A3A38, 0x3A3A3B3A,
    0x3A3A3A38, 0x383A3B3A, 0x3A3A3A38, 0x383A3B3A, 0x3A3A3A38, 0x383A3D3A, 0x3A3A3A38, 0x3A3A3D3B,
    0x42424242, 0x42424242, 0x383A3A3A, 0x3A3A383A, 0x3A3A3A3A, 0x3A38383A, 0x3A3A3A3A, 0x3A38383A,
    0x3A3A3A38, 0x3A38383A, 0x3A3A3A38, 0x3A38383A, 0x3A3A3A38, 0x3A38383A, 0x3A3A3A38, 0x3A38383A,
    0x42424242, 0x26424242, 0x38383838, 0x26383838, 0x38383838, 0x26383837, 0x38383838, 0x26383837,
    0x48383838, 0x2638383D, 0x3D383838, 0x2638382B, 0x38383A3A, 0x26383837, 0x38383A3A, 0x26383737,
    0x5E5D5D66, 0x52525E5E, 0x5E5E5E66, 0x5252525E, 0x58585858, 0x58585858, 0x67676767, 0x67676767,
    0x65656565, 0x65656565, 0x62626262, 0x62626262, 0x60606060, 0x60606060, 0x57575757, 0x57575757,
    0x52525252, 0x52525252, 0x68555252, 0x52525252, 0x68555858, 0x58585858, 0x68556767, 0x67676767,
    0x68556565, 0x65656565, 0x68556262, 0x62626262, 0x68556060, 0x60606060, 0x68555757, 0x57575757,
    0x52525252, 0x52525252, 0x52525252, 0x52525252, 0x58585858, 0x58585858, 0x67676767, 0x67676767,
    0x65656565, 0x65656565, 0x62626262, 0x62626262, 0x60606060, 0x60606060, 0x57575757, 0x57575757,
    0x52525252, 0x52525252, 0x52525252, 0x52525252, 0x58585858, 0x58585858, 0x67676767, 0x67676767,
    0x65656565, 0x65656565, 0x62626262, 0x62626262, 0x60606060, 0x60606060, 0x57575757, 0x57575757,
    0x52525252, 0x52525252, 0x52525252, 0x52525252, 0x58585858, 0x58585858, 0x67676767, 0x67676767,
    0x65656565, 0x65656565, 0x62626262, 0x62626262, 0x60606060, 0x60606060, 0x57575757, 0x57575757,
    0x52525252, 0x52525252, 0x52526855, 0x52525252, 0x58586855, 0x58585858, 0x67676855, 0x67676767,
    0x65656855, 0x65656565, 0x62626855, 0x62626262, 0x60606855, 0x60606060, 0x57576855, 0x57575757,
    0x52525252, 0x52525252, 0x52525252, 0x52525252, 0x58585858, 0x58585858, 0x67676767, 0x67676767,
    0x65656565, 0x65656565, 0x62626262, 0x62626262, 0x60606060, 0x60606060, 0x57575757, 0x57575757,
    0x52525252, 0x52525252, 0x52525252, 0x52525252, 0x58585858, 0x58585858, 0x67676767, 0x67676767,
    0x65656565, 0x65656565, 0x62626262, 0x62626262, 0x60606060, 0x60606060, 0x57575757, 0x57575757,
    0x52525252, 0x52525252, 0x52525252, 0x68555252, 0x58585858, 0x68555858, 0x67676767, 0x68556767,
    0x65656565, 0x68556565, 0x62626262, 0x68556262, 0x60606060, 0x68556060, 0x57575757, 0x68555757,
    0x52525252, 0x52525252, 0x52525252, 0x52525252, 0x58585858, 0x58585858, 0x67676767, 0x67676767,
    0x65656565, 0x65656565, 0x62626262, 0x62626262, 0x63676760, 0x63636363, 0x63676757, 0x63636363,
    0x52525252, 0x52525252, 0x52525252, 0x52525252, 0x58585858, 0x58585858, 0x67676767, 0x67676767,
    0x65656565, 0x65656565, 0x62626262, 0x62626262, 0x63636363, 0x605A5A63, 0x63636363, 0x575A5A63,
    0x52525252, 0x5E5E5E52, 0x52525252, 0x5E5E5252, 0x58585858, 0x58585858, 0x67676767, 0x67676767,
    0x65656565, 0x65656565, 0x62626262, 0x62626262, 0x60606060, 0x60606060, 0x57575757, 0x57575757,
    0x5D5D5D5D, 0x5E5E5D5D, 0x5D5D5E5E, 0x5E5E6855, 0x58585858, 0x58586855, 0x67676767, 0x67676855,
    0x65656565, 0x65656855, 0x62626262, 0x62626855, 0x60606060, 0x60606855, 0x57575757, 0x57576855,
    0x52525252, 0x52525252, 0x52525252, 0x52525252, 0x58585858, 0x58585858, 0x67676767, 0x67676767,
    0x65656565, 0x65656565, 0x62626262, 0x62626262, 0x60606060, 0x60606060, 0x57575757, 0x57575757,
    0x52525252, 0x52525252, 0x52525252, 0x52525252, 0x58585858, 0x58585858, 0x67676767, 0x67676767,
    0x65656565, 0x65656565, 0x62626262, 0x62626262, 0x60606060, 0x60606060, 0x57575757, 0x57575757,
    0x52525252, 0x52525252, 0x52525252, 0x52525252, 0x58585858, 0x58585858, 0x67676767, 0x67676767,
    0x65656565, 0x65656565, 0x62626262, 0x62626262, 0x60606060, 0x60606060, 0x57575757, 0x57575757,
    0x5E5E5252, 0x5F5D5D5D, 0x68555252, 0x5D5D5D5E, 0x68555858, 0x58585858, 0x68556767, 0x67676767,
    0x68556565, 0x65656565, 0x68556262, 0x62626262, 0x68556060, 0x60606060, 0x68555757, 0x57575757,
    0x5F5F5F5F, 0x5F5F5F5F, 0x5F5F5F5F, 0x5F5F5F5F, 0x58585858, 0x58585858, 0x67676767, 0x67676767,
    0x65656565, 0x65656565, 0x62626262, 0x62626262, 0x60606060, 0x60606060, 0x57575757, 0x57575757,
    0x5F5F5F5F, 0x5E5D5D5F, 0x5F5F5F5F, 0x5E5D5D5F, 0x58585858, 0x58585858, 0x67676767, 0x67676767,
    0x65656565, 0x65656565, 0x62626262, 0x62626262, 0x60606060, 0x60606060, 0x57575757, 0x57575757,
    0x5252525E, 0x66525252, 0x52525252, 0x66525252, 0x58585858, 0x58585858, 0x67676767, 0x67676767,
    0x65656565, 0x65656565, 0x62626262, 0x62626262, 0x60606060, 0x60606060, 0x57575757, 0x57575757,
    0x42424226, 0x42424242, 0x38383826, 0x38383838, 0x38383826, 0x38383838, 0x38383726, 0x38383838,
    0x48383726, 0x3838383D, 0x3D383826, 0x3838382B, 0x38383826, 0x38383838, 0x383A3826, 0x38383838,
    0x42424242, 0x42424242, 0x37373737, 0x383A3A38, 0x37373738, 0x383A3A38, 0x37373838, 0x3A383A38,
    0x38383838, 0x3A3A3A38, 0x38383838, 0x3A3A3A38, 0x383A3A3A, 0x3A3A3A3A, 0x3A3A3A3A, 0x3A3A3A3A,
    0x42424242, 0x42424242, 0x38383838, 0x3838383A, 0x38383838, 0x38383A3A, 0x3A38383A, 0x383A3A3A,
    0x3A38383A, 0x383A3A3A, 0x3A3A383A, 0x3A3A3A3A, 0x3A3A3A3A, 0x383A3A3A, 0x3A3A3A3A, 0x383A3A3A,
    0x42424242, 0x42424242, 0x37373737, 0x3A383837, 0x37373738, 0x3A3A3737, 0x37373738, 0x3A3A3737,
    0x37373738, 0x3A3A3737, 0x37373738, 0x3A3A3737, 0x37373738, 0x3A3A3737, 0x37373737, 0x3A3A3838,
    0x42424242, 0x30424242, 0x3A3A3A3B, 0x303A3A3A, 0x3A3A3A3A, 0x303A3A3A, 0x3A3A3A38, 0x3038383A,
    0x48383838, 0x3038383D, 0x3D383838, 0x3037382B, 0x38383838, 0x30373738, 0x3838383A, 0x30373738,
    0x38383842, 0x38383838, 0x38383842, 0x38383838, 0x38383842, 0x38383838, 0x37383842, 0x38383838,
    0x37373742, 0x38383837, 0x37373742, 0x38383737, 0x37373742, 0x37383737, 0x37373742, 0x37373737,
    0x3A383737, 0x38383A3A, 0x3A383737, 0x38383A3A, 0x38383737, 0x38383A3A, 0x38383737, 0x3838383A,
    0x38373737, 0x37383838, 0x38373737, 0x37373838, 0x37373737, 0x37373838, 0x37373737, 0x37373738,
    0x3A3A3A38, 0x3A3B3D3B, 0x3A3A3A38, 0x3A3D3D3B, 0x3A3A3A38, 0x3A3B3D3B, 0x3A3A3A38, 0x3A3A3A3A,
    0x3A3A3A38, 0x3A3A3A3A, 0x383A3A38, 0x38383A38, 0x383A3838, 0x38383838, 0x38383837, 0x38383838,
    0x3A3A3A38, 0x3838383A, 0x3A3A3A38, 0x3838383A, 0x3A3A3A38, 0x3A38383A, 0x3A3A3A38, 0x3A38383A,
    0x3B3A3A3A, 0x3A38383A, 0x3D3B3A3A, 0x3A38383A, 0x3D3B3A3A, 0x3838383A, 0x3B3A3A38, 0x3838383A,
    0x383A3B3A, 0x26383738, 0x383A3D3B, 0x26383738, 0x383A3B3A, 0x26383738, 0x38383A3A, 0x26383738,
    0x38383A3A, 0x26383838, 0x38383838, 0x26383838, 0x38383838, 0x26383838, 0x38373737, 0x2638383A,
    0x5E5E5D66, 0x52525252, 0x5E5E5E66, 0x52525252, 0x525E5E66, 0x52525252, 0x37525266, 0x52525237,
    0x37525266, 0x5252523F, 0x52525266, 0x52525252, 0x52525266, 0x52525252, 0x52525266, 0x52525252,
    0x68555252, 0x52525252, 0x52525252, 0x52525252, 0x52525252, 0x52525252, 0x36525252, 0x52525236,
    0x36525252, 0x5252523F, 0x52525252, 0x52525252, 0x52525252, 0x52525252, 0x52525252, 0x52525252,
    0x52525252, 0x52525252, 0x52525252, 0x52525252, 0x51525252, 0x52525251, 0x36515252, 0x52525136,
    0x36515252, 0x5252513F, 0x51515252, 0x52525151, 0x51515252, 0x52525151, 0x52525252, 0x52525252,
    0x52525252, 0x52525252, 0x52525252, 0x52525252, 0x52525252, 0x52525252, 0x36525252, 0x52525236,
    0x36525252, 0x5252523F, 0x52525252, 0x52525252, 0x52525252, 0x52525252, 0x52525252, 0x52525252,
    0x52525252, 0x52525252, 0x52525252, 0x52525252, 0x52525252, 0x52525252, 0x36525252, 0x52525236,
    0x36525252, 0x5252523F, 0x52525252, 0x52525252, 0x52525252, 0x52525252, 0x52525252, 0x52525252,
    0x52526855, 0x52525252, 0x52525252, 0x52525252, 0x52525252, 0x52525252, 0x37525252, 0x52525237,
    0x37525252, 0x5252523F, 0x52525252, 0x52525252, 0x52525252, 0x52525252, 0x52525252, 0x52525252,
    0x52525252, 0x52525252, 0x52525252, 0x52525252, 0x52525252, 0x52525252, 0x37525252, 0x52525237,
    0x36525252, 0x5252523F, 0x52525252, 0x52525252, 0x52525252, 0x52525252, 0x52525252, 0x52525252,
    0x52525252, 0x52525252, 0x52525252, 0x52525252, 0x52525252, 0x52525252, 0x37525252, 0x52525237,
    0x36525252, 0x5252523F, 0x52525252, 0x52525252, 0x52525252, 0x52525252, 0x52525252, 0x52525252,
    0x52525252, 0x68555252, 0x52525252, 0x52525252, 0x52525252, 0x52525252, 0x36525252, 0x52525236,
    0x36525252, 0x5252523F, 0x52525252, 0x52525252, 0x52525252, 0x52525252, 0x52525252, 0x52525252,
    0x63676752, 0x63636363, 0x63676752, 0x63636363, 0x63676752, 0x63636363, 0x67675252, 0x63636363,
    0x67675252, 0x63636363, 0x29645252, 0x29292929, 0x52525252, 0x52525252, 0x52525252, 0x52525252,
    0x63636363, 0x525A5A63, 0x63636363, 0x525A5A63, 0x63636363, 0x525A5A63, 0x63636363, 0x52525A5A,
    0x63636363, 0x52525A5A, 0x29292929, 0x52525629, 0x52525252, 0x52525252, 0x52525252, 0x52525252,
    0x52525252, 0x52525252, 0x52525252, 0x52525252, 0x52525252, 0x52525252, 0x36525252, 0x52525236,
    0x36525252, 0x5252523F, 0x52525252, 0x52525252, 0x52525252, 0x52525252, 0x52525252, 0x52525252,
    0x52525252, 0x52526855, 0x52525252, 0x52525252, 0x52525252, 0x52525252, 0x37525252, 0x52525237,
    0x36525252, 0x5252523F, 0x52525252, 0x52525252, 0x52525252, 0x52525252, 0x52525252, 0x52525252,
    0x52525252, 0x52525252, 0x52525252, 0x52525252, 0x52525252, 0x52525252, 0x37525252, 0x52525237,
    0x36525252, 0x5252523F, 0x52525252, 0x52525252, 0x52525252, 0x52525252, 0x52525252, 0x52525252,
    0x52525252, 0x52525252, 0x52525252, 0x52525252, 0x52525252, 0x52525252, 0x36525252, 0x52525236,
    0x36525252, 0x5252523F, 0x52525252, 0x52525252, 0x52525252, 0x52525252, 0x52525252, 0x52525252,
    0x52525252, 0x52525252, 0x52525252, 0x52525252, 0x52525252, 0x52525252, 0x36525252, 0x52525236,
    0x36525252, 0x5252523F, 0x52525252, 0x52525252, 0x52525252, 0x52525252, 0x52525252, 0x52525252,
    0x68555252, 0x52525252, 0x52525252, 0x52525252, 0x52525252, 0x52525252, 0x36525252, 0x52525236,
    0x36525252, 0x5252523F, 0x52525252, 0x52525252, 0x52525252, 0x52525252, 0x52525252, 0x52525252,
    0x52525252, 0x52525252, 0x52525252, 0x52525252, 0x52525252, 0x52525252, 0x36525252, 0x52525236,
    0x36525252, 0x5252523F, 0x52525252, 0x52525252, 0x52525252, 0x52525252, 0x52525252, 0x52525252,
    0x52525252, 0x52525252, 0x52525252, 0x52525252, 0x52525252, 0x52525252, 0x36525252, 0x52525236,
    0x36525252, 0x5252523F, 0x52525252, 0x52525252, 0x52525252, 0x52525252, 0x52525252, 0x52525252,
    0x52525252, 0x66525252, 0x52525252, 0x66525252, 0x52525252, 0x66525252, 0x36525252, 0x66525236,
    0x36525252, 0x6652523F, 0x52525252, 0x66525252, 0x52525252, 0x66525252, 0x52525252, 0x66525252,
    0x383A3826, 0x3A383838, 0x383A3826, 0x3A383837, 0x383A3826, 0x3A383838, 0x38383826, 0x38383838,
    0x38383826, 0x38383838, 0x38383826, 0x38383838, 0x38383726, 0x38383838, 0x38383726, 0x3838383A,
    0x3A3D3A3A, 0x3A3A3B3A, 0x3B3D3A3A, 0x3A3B3B3B, 0x3B3D3A38, 0x3A3A3A3A, 0x3A3A3A38, 0x3A3A3A3A,
    0x3A3A3838, 0x3A3A383A, 0x3A383838, 0x3A3A3838, 0x3A383837, 0x38383838, 0x38383837, 0x38383738,
    0x3A3A3A3A, 0x383A3A3A, 0x3A3A3A3A, 0x383A3A3A, 0x3A3A3A3A, 0x383A3A3A, 0x3A3A3A3A, 0x383A3A3A,
    0x3A3A383A, 0x383A3A3A, 0x3A38383A, 0x383A3A38, 0x3838383A, 0x383A3A38, 0x38383838, 0x383A3A3A,
    0x37373737, 0x3A3A3838, 0x38373737, 0x3A3A3838, 0x38373737, 0x3A3A3838, 0x38373737, 0x3A3A3838,
    0x38383737, 0x3A383838, 0x38383737, 0x38383838, 0x38383737, 0x38383838, 0x38383738, 0x38383838,
    0x3838383A, 0x30373737, 0x3838383A, 0x30373737, 0x3838383A, 0x30373737, 0x3838383A, 0x30373737,
    0x3838383A, 0x30373737, 0x383A3A3A, 0x30373737, 0x383A3A38, 0x30373738, 0x383A3A38, 0x30373738,
    0x38373742, 0x37373738, 0x38383742, 0x37373738, 0x38383742, 0x37373738, 0x38383742, 0x37373738,
    0x38383742, 0x37373838, 0x38383742, 0x37383838, 0x38383742, 0x37383838, 0x38383742, 0x383A3A38,
    0x38383838, 0x37373738, 0x38383838, 0x37373737, 0x38383838, 0x37373737, 0x38383838, 0x37373737,
    0x38383838, 0x37373737, 0x38383838, 0x37373838, 0x38383838, 0x37373838, 0x38383838, 0x37373838,
    0x38383837, 0x38383A38, 0x38383737, 0x38383A3A, 0x38383737, 0x38383A3A, 0x38383737, 0x38383A38,
    0x38383737, 0x38383A38, 0x38383837, 0x38383838, 0x38383837, 0x38383838, 0x38383837, 0x38383838,
    0x3A3A3838, 0x3738383A, 0x3A3A3838, 0x3738383A, 0x3A3A3838, 0x3737383A, 0x3A3A3838, 0x3738383A,
    0x3A3A3838, 0x3838383A, 0x3A3A3838, 0x3838383A, 0x3B3A3838, 0x38383A3A, 0x3B3A3738, 0x3A383A3A,
    0x38373737, 0x2638383A, 0x38373737, 0x26383A3A, 0x38373737, 0x26383A3A, 0x38373737, 0x26383A3A,
    0x38373737, 0x26383A3A, 0x38373737, 0x26383A3A, 0x38383737, 0x26383A3A, 0x38383738, 0x26383A3A,
    0x52525266, 0x52525252, 0x52525266, 0x52525252, 0x52525266, 0x52525252, 0x36525266, 0x52525236,
    0x36525266, 0x5252523F, 0x52525266, 0x52525252, 0x52525266, 0x52525252, 0x52525266, 0x52525252,
    0x52525252, 0x52525252, 0x52525252, 0x52525252, 0x52525252, 0x52525252, 0x36525252, 0x52525236,
    0x36525252, 0x5151523F, 0x52525252, 0x51515151, 0x51515252, 0x51515151, 0x51515152, 0x51515151,
    0x52525252, 0x52525252, 0x52525252, 0x52525252, 0x52525252, 0x52525252, 0x36525252, 0x52525236,
    0x36515151, 0x5251513F, 0x51515151, 0x51515151, 0x51515151, 0x51515151, 0x51515151, 0x51515151,
    0x52525252, 0x52525252, 0x52525252, 0x52525252, 0x52525252, 0x52525252, 0x36525252, 0x52525236,
    0x36525252, 0x5252523F, 0x52525252, 0x52525252, 0x52525251, 0x52525252, 0x52525151, 0x52525252,
    0x52525252, 0x52525252, 0x52525252, 0x52525252, 0x52525252, 0x52525252, 0x36525252, 0x52525236,
    0x36525252, 0x5252523F, 0x52525252, 0x52525252, 0x52525252, 0x52525252, 0x52525252, 0x52525252,
    0x52525252, 0x52525252, 0x52525252, 0x52525252, 0x52525252, 0x52525252, 0x36525252, 0x52525236,
    0x36525252, 0x5252523F, 0x52525252, 0x52525252, 0x52525252, 0x52525252, 0x52525252, 0x52525252,
    0x52525252, 0x52525252, 0x52525252, 0x52525252, 0x52525252, 0x52525252, 0x36525252, 0x52525236,
    0x36525252, 0x5252523F, 0x52525252, 0x51525252, 0x52525252, 0x51515152, 0x52525252, 0x51515151,
    0x52525252, 0x52525252, 0x52525252, 0x52525252, 0x52525252, 0x52525252, 0x36525252, 0x52525236,
    0x36525252, 0x5252523F, 0x51515151, 0x52515151, 0x51515151, 0x51515151, 0x51515151, 0x51515151,
    0x52525252, 0x52525252, 0x52525252, 0x52525252, 0x52525252, 0x52525252, 0x36525252, 0x52525236,
    0x36525252, 0x5252523F, 0x52525252, 0x52525252, 0x52525252, 0x52525252, 0x52525251, 0x52525252,
    0x52525252, 0x52525252, 0x52525252, 0x52525252, 0x52525252, 0x52525252, 0x37525252, 0x52525237,
    0x37525252, 0x5252523F, 0x52525252, 0x52525252, 0x52525252, 0x52525252, 0x52525252, 0x52525252,
    0x52525252, 0x52525252, 0x52525252, 0x52525252, 0x52525252, 0x52525252, 0x37525252, 0x52525237,
    0x37525252, 0x5252523F, 0x52525252, 0x52525252, 0x52525252, 0x52525252, 0x52525252, 0x52525252,
    0x52525252, 0x52525252, 0x52525252, 0x52525252, 0x52525252, 0x52525252, 0x36525252, 0x52525236,
    0x36525252, 0x5252523F, 0x52525252, 0x52525252, 0x52525252, 0x52525252, 0x52525252, 0x52525252,
    0x52525252, 0x52525252, 0x52525252, 0x52525252, 0x52525252, 0x52525252, 0x36525252, 0x51525236,
    0x36525252, 0x5151523F, 0x52525252, 0x51515152, 0x52525252, 0x51515151, 0x51515151, 0x51515151,
    0x52525252, 0x52525252, 0x51515152, 0x52525252, 0x51515151, 0x52525151, 0x36515151, 0x51515136,
    0x35515151, 0x51515140, 0x51515151, 0x51515151, 0x51515151, 0x51515151, 0x51515151, 0x51515151,
    0x52525252, 0x52525252, 0x52525252, 0x52525252, 0x52525252, 0x52525252, 0x36525252, 0x52525236,
    0x36525252, 0x5252523F, 0x52525251, 0x52525252, 0x52525251, 0x52525252, 0x52525251, 0x52525252,
    0x52525252, 0x52525252, 0x52525252, 0x52525252, 0x52525252, 0x52525252, 0x36525252, 0x52525236,
    0x36525252, 0x5252523F, 0x52525252, 0x52525252, 0x52525252, 0x52525252, 0x52525252, 0x52525252,
    0x52525252, 0x52525252, 0x52525252, 0x52525252, 0x52525252, 0x51515252, 0x36525252, 0x51515136,
    0x36525252, 0x5151513F, 0x51525252, 0x51515151, 0x51525252, 0x51515151, 0x51515252, 0x51515151,
    0x51525252, 0x52525251, 0x51515151, 0x51515151, 0x51515151, 0x51515151, 0x35515151, 0x51515135,
    0x35515151, 0x51515140, 0x51515151, 0x51515151, 0x51515151, 0x51515151, 0x51515151, 0x51515151,
    0x52525252, 0x52525252, 0x52525151, 0x52525252, 0x51515151, 0x51515151, 0x36515151, 0x51515136,
    0x36515151, 0x5151513F, 0x51515151, 0x51515151, 0x51515151, 0x51515151, 0x51515151, 0x51515151,
    0x52525252, 0x66525252, 0x52525252, 0x66525252, 0x51515151, 0x66525252, 0x36515151, 0x66515136,
    0x36515151, 0x6651513F, 0x51515151, 0x66515151, 0x51515151, 0x66515151, 0x51515151, 0x66515151,
    0x38373726, 0x3838383A, 0x38373726, 0x3838383A, 0x38373726, 0x3838383A, 0x38373726, 0x3838383A,
    0x38383726, 0x3737383A, 0x38383726, 0x37373838, 0x38383826, 0x37383838, 0x38383826, 0x38383838,
    0x38383837, 0x38373737, 0x37383737, 0x37373737, 0x37383737, 0x37373737, 0x37383837, 0x37373737,
    0x38383838, 0x37373737, 0x38383838, 0x38373737, 0x38383838, 0x38373737, 0x38383838, 0x38373737,
    0x38383838, 0x383A3A3A, 0x38383838, 0x383A3A3A, 0x38383837, 0x383A3A3A, 0x38383837, 0x3A3A3A3A,
    0x38383838, 0x3A3A3A3A, 0x38383838, 0x3A3A3A3A, 0x38383838, 0x3A3B3A3A, 0x38383838, 0x3A3B3A38,
    0x38383738, 0x37373838, 0x38383738, 0x37373837, 0x38383738, 0x37373837, 0x38383838, 0x37373838,
    0x38383838, 0x37383838, 0x3838383A, 0x37383838, 0x38383A3A, 0x37383838, 0x38383A3A, 0x3738383A,
    0x383A3838, 0x30373738, 0x383A3838, 0x30373738, 0x383A3838, 0x30373838, 0x383A3838, 0x30383838,
    0x3A3A3837, 0x30383838, 0x3A3A3837, 0x303A3838, 0x3A3A3837, 0x303A3838, 0x3A383837, 0x303A3838,
    0x38373742, 0x383A3A38, 0x37373742, 0x383A3A38, 0x37373742, 0x383A3A38, 0x37373742, 0x383A3A38,
    0x37373742, 0x3A3A3A38, 0x37373742, 0x3A3A3A38, 0x37373742, 0x3A3A3A38, 0x38383842, 0x3A3A3A38,
    0x38373838, 0x37373838, 0x38373838, 0x37373838, 0x38373738, 0x3737383A, 0x38373738, 0x3737383A,
    0x38373838, 0x3737383A, 0x38383838, 0x3737383A, 0x38383838, 0x3738383A, 0x3A383838, 0x3738383A,
    0x38383837, 0x37373838, 0x38383838, 0x37373737, 0x37383838, 0x37373737, 0x37383838, 0x37373737,
    0x37383838, 0x37373737, 0x37383837, 0x37373737, 0x37383837, 0x38373737, 0x37383837, 0x38373737,
    0x3B3A3837, 0x38383A3A, 0x3B3A3837, 0x3838383A, 0x3A3A3837, 0x3838383A, 0x3A3A3837, 0x3838383A,
    0x3A3A3837, 0x3838383A, 0x3A383737, 0x38383838, 0x3A383738, 0x3A3A3A38, 0x3A383738, 0x3A3A3A38,
    0x38383838, 0x263A3A3A, 0x38383838, 0x263A3A38, 0x38383A3A, 0x263A3A38, 0x38383A3A, 0x263A3A38,
    0x38383A3A, 0x263A3A38, 0x38383A3A, 0x263A3A3A, 0x3838383A, 0x263A3A3A, 0x38383A3A, 0x263A3A3A,
    0x52525266, 0x52525252, 0x52525266, 0x51515252, 0x51515166, 0x51515151, 0x36515166, 0x51515136,
    0x36515166, 0x5151513F, 0x51515166, 0x51515151, 0x51515166, 0x51515151, 0x51515166, 0x51515151,
    0x51515151, 0x51515151, 0x51515151, 0x51515151, 0x51515151, 0x51515151, 0x36515151, 0x51515136,
    0x36515151, 0x5151513F, 0x51515151, 0x51515151, 0x51515151, 0x51515151, 0x51515151, 0x51515151,
    0x51515151, 0x51515151, 0x51515151, 0x51515151, 0x51515151, 0x51515151, 0x36515151, 0x51515136,
    0x36515151, 0x5151513F, 0x51515151, 0x51515151, 0x51515151, 0x51515151, 0x51515151, 0x51515151,
    0x52515151, 0x52525252, 0x51515151, 0x52525252, 0x51515151, 0x52525151, 0x36515151, 0x52515136,
    0x36515151, 0x5151513F, 0x51515151, 0x51515151, 0x51515151, 0x51515151, 0x51515151, 0x51515151,
    0x52525252, 0x52525252, 0x52525252, 0x52525252, 0x52525252, 0x52525252, 0x36525252, 0x52525236,
    0x36525252, 0x5252523F, 0x52525251, 0x52525252, 0x52515151, 0x52525252, 0x51515151, 0x52525251,
    0x52525252, 0x52525252, 0x52525252, 0x52525252, 0x52525252, 0x52525252, 0x36525252, 0x52525236,
    0x36525252, 0x5252523F, 0x52525252, 0x52525252, 0x52525252, 0x52525252, 0x52525252, 0x52525252,
    0x52525252, 0x51515151, 0x52525252, 0x51515151, 0x52525252, 0x51515151, 0x36525252, 0x51515136,
    0x36525252, 0x5151513F, 0x51525252, 0x51515151, 0x51515252, 0x51515151, 0x51515252, 0x51515151,
    0x51515151, 0x51515151, 0x51515151, 0x51515151, 0x51515151, 0x51515151, 0x35515151, 0x51515135,
    0x35515151, 0x51515140, 0x51515151, 0x51515151, 0x51515151, 0x51515151, 0x53535151, 0x51515153,
    0x52525151, 0x52525252, 0x52515151, 0x52525252, 0x52515151, 0x52525252, 0x36515151, 0x52525236,
    0x36515151, 0x5252513F, 0x51515151, 0x51515151, 0x51515151, 0x51515151, 0x51515151, 0x51515151,
    0x52525252, 0x52525252, 0x52525252, 0x52525252, 0x52525252, 0x52525252, 0x36525252, 0x52525236,
    0x36525252, 0x5252523F, 0x51515151, 0x51515151, 0x51515151, 0x51515151, 0x51515151, 0x51515151,
    0x52525252, 0x52525252, 0x52525252, 0x52525252, 0x52525252, 0x52525252, 0x36525252, 0x51515236,
    0x36525252, 0x5151513F, 0x51515151, 0x51515151, 0x51515151, 0x51515151, 0x51515151, 0x51515151,
    0x52525252, 0x51515252, 0x51525252, 0x51515151, 0x51515151, 0x51515151, 0x35515151, 0x51515135,
    0x35515151, 0x51515140, 0x51515151, 0x51515151, 0x51515151, 0x51515151, 0x51515151, 0x51515151,
    0x51515151, 0x51515151, 0x51515151, 0x51515151, 0x51515151, 0x51515151, 0x35515151, 0x51515135,
    0x35515151, 0x51515140, 0x51515151, 0x51515151, 0x51515151, 0x51515151, 0x51515151, 0x51515151,
    0x51515151, 0x51515151, 0x51515151, 0x51515151, 0x51515151, 0x51515151, 0x35515151, 0x51515136,
    0x35515151, 0x5151513F, 0x51515151, 0x51515151, 0x51515151, 0x51515151, 0x51515151, 0x51515151,
    0x52525252, 0x52525252, 0x52525252, 0x52525252, 0x52525252, 0x52525252, 0x36525252, 0x52525236,
    0x36525252, 0x5252523F, 0x52525252, 0x52525252, 0x52525251, 0x52525252, 0x52525151, 0x52525252,
    0x52525252, 0x52525252, 0x52525252, 0x52525252, 0x52525252, 0x52525252, 0x36525252, 0x51525236,
    0x36525252, 0x5152523F, 0x52525252, 0x51515252, 0x52525252, 0x51515152, 0x52525252, 0x51515152,
    0x51515152, 0x51515151, 0x51515152, 0x51515151, 0x51515151, 0x51515151, 0x35515151, 0x51515135,
    0x35515151, 0x51515140, 0x51515151, 0x51515151, 0x51515151, 0x51515151, 0x51515151, 0x51515151,
    0x51515151, 0x51515151, 0x51515151, 0x51515151, 0x51515151, 0x51515151, 0x35515151, 0x51515135,
    0x35515151, 0x51515140, 0x51515151, 0x51515151, 0x51515151, 0x51515151, 0x51515151, 0x51515151,
    0x51515151, 0x51515151, 0x51515151, 0x51515151, 0x51515151, 0x51515151, 0x35515151, 0x51515135,
    0x35515151, 0x51515140, 0x53535351, 0x51515151, 0x53535353, 0x51515153, 0x53535353, 0x51515153,
    0x51515151, 0x66515151, 0x51515151, 0x66515151, 0x51515151, 0x66515151, 0x35515151, 0x66515136,
    0x35515151, 0x6651513F, 0x51515151, 0x66515151, 0x51515151, 0x66515151, 0x51515151, 0x66515151,
    0x38383826, 0x38383838, 0x383A3826, 0x38383837, 0x383A3826, 0x38383837, 0x383A3826, 0x38383837,
    0x383A3A26, 0x38383837, 0x38383A26, 0x38383837, 0x38383826, 0x3A383837, 0x37383826, 0x3A3A3837,
    0x38383838, 0x38373737, 0x38383838, 0x38373737, 0x38383838, 0x38373838, 0x38383838, 0x38373838,
    0x38383838, 0x38373838, 0x3838383A, 0x38373737, 0x3838383A, 0x38373737, 0x3838383A, 0x38383738,
    0x3738383A, 0x3B3B3A38, 0x3737383A, 0x3D3B3A38, 0x3737383A, 0x3D3A3837, 0x3737383A, 0x3D3A3837,
    0x3737383A, 0x3D3B3A37, 0x3737383A, 0x3B3B3A37, 0x3738383A, 0x3A3D3A37, 0x38383838, 0x3A3D3A38,
    0x3A3A3A3A, 0x3737383A, 0x3A3A3A3A, 0x3737383A, 0x3A3B3A3A, 0x3737373A, 0x3A3B3A3A, 0x3737373A,
    0x3A3A3A3A, 0x3737373A, 0x3A3A3A3A, 0x37373838, 0x38383A3A, 0x37373838, 0x3838383A, 0x37383838,
    0x3A383837, 0x303A3A3A, 0x3A383737, 0x303B3A3A, 0x3A383737, 0x303B3A3A, 0x3A383737, 0x303B3A3A,
    0x3A383737, 0x303B3A3A, 0x3A383837, 0x303A3A3A, 0x3A383837, 0x303A3A3A, 0x3A383837, 0x303A3A3A,
    0x38383842, 0x3838383A, 0x38383842, 0x3838383A, 0x383A3A42, 0x3837383A, 0x3A3A3A42, 0x3737373A,
    0x483A3A42, 0x3737373D, 0x3D3A3A42, 0x3737372B, 0x383A3A42, 0x3837383A, 0x30303030, 0x30303030,
    0x3A383838, 0x38383A3A, 0x3A383838, 0x3838383A, 0x38383838, 0x3838383A, 0x38383838, 0x3838383A,
    0x38383838, 0x3838383A, 0x38383838, 0x3838383A, 0x38383838, 0x3838383A, 0x30303030, 0x30303030,
    0x38383838, 0x38383737, 0x38383838, 0x38383838, 0x38383838, 0x38383838, 0x38383838, 0x38383838,
    0x38383838, 0x38383838, 0x38383838, 0x38383838, 0x38383838, 0x383A3A38, 0x30303030, 0x30303030,
    0x3A383738, 0x3A3A3A38, 0x3A383838, 0x38383A38, 0x3A383838, 0x38383A3A, 0x38383838, 0x38383A3A,
    0x3A383838, 0x3838383A, 0x3A3A3838, 0x3838383A, 0x3A3A3838, 0x38383838, 0x30303030, 0x30303030,
    0x38383A3A, 0x263A3A3A, 0x38383A3A, 0x263A3A38, 0x38383A3A, 0x26383A38, 0x38383A38, 0x26383A38,
    0x48383A38, 0x26383A3D, 0x3D383A38, 0x26383A2B, 0x383A3A38, 0x26383A38, 0x30303030, 0x26303030,
    0x51515166, 0x51515151, 0x51515166, 0x51515151, 0x51515166, 0x51515151, 0x35515166, 0x51515135,
    0x35515166, 0x51515140, 0x51515166, 0x51515151, 0x51515166, 0x51515151, 0x51515166, 0x51515151,
    0x51515151, 0x51515151, 0x51515151, 0x51515151, 0x51515151, 0x51515151, 0x35515151, 0x51515135,
    0x35515151, 0x51515140, 0x51515151, 0x51515151, 0x51515151, 0x51515151, 0x51515151, 0x51515151,
    0x51515151, 0x51515151, 0x51515151, 0x51515151, 0x51515151, 0x51515151, 0x35515151, 0x54535135,
    0x35515151, 0x53535340, 0x51515151, 0x51535354, 0x54515151, 0x51515454, 0x50515151, 0x51515154,
    0x51515151, 0x51515151, 0x51515151, 0x51515151, 0x51515151, 0x51515151, 0x344A5454, 0x51514D33,
    0x344A5454, 0x51494938, 0x51515151, 0x46474951, 0x51515151, 0x45465151, 0x51515151, 0x41515151,
    0x51515151, 0x51515151, 0x51515151, 0x51515151, 0x51515151, 0x51515151, 0x36515151, 0x51515136,
    0x35515151, 0x5151513F, 0x51515151, 0x51515151, 0x51515144, 0x51515151, 0x51515141, 0x51515151,
    0x52525252, 0x52525252, 0x52525151, 0x52525252, 0x51515151, 0x51515151, 0x36515151, 0x51515136,
    0x36515151, 0x5151513F, 0x51515151, 0x51515151, 0x51515151, 0x51515151, 0x51515151, 0x51515151,
    0x51515152, 0x51515151, 0x51515151, 0x51515151, 0x51515151, 0x51515151, 0x35515151, 0x53515135,
    0x35515151, 0x53515140, 0x51515151, 0x53535151, 0x51515151, 0x50535151, 0x51515151, 0x4A535151,
    0x53535351, 0x51535353, 0x53535353, 0x53535353, 0x53535353, 0x53535353, 0x34545353, 0x4E4F4A34,
    0x34545453, 0x4E4F4A3C, 0x54545454, 0x53545454, 0x54545450, 0x54545454, 0x5454544A, 0x54545454,
    0x51515151, 0x51515151, 0x51515151, 0x51515151, 0x51515153, 0x51515151, 0x3553494E, 0x51515135,
    0x3547494D, 0x51535340, 0x45464753, 0x53535353, 0x44455354, 0x53535341, 0x41545454, 0x53535341,
    0x51515151, 0x51515151, 0x51515151, 0x51515151, 0x51515151, 0x51515151, 0x35515151, 0x51515135,
    0x35515151, 0x51515140, 0x51515153, 0x51515151, 0x51535353, 0x51515151, 0x53535353, 0x51515151,
    0x51515151, 0x51515151, 0x51515151, 0x51515151, 0x51515151, 0x51515151, 0x35515151, 0x51515135,
    0x35515151, 0x51515140, 0x51515151, 0x51515151, 0x51515151, 0x51515151, 0x51515151, 0x51515151,
    0x51515151, 0x51515151, 0x51515151, 0x53515151, 0x51515151, 0x53535151, 0x35515151, 0x54545335,
    0x35515151, 0x54545440, 0x53515151, 0x53545454, 0x50515151, 0x53535454, 0x4A535151, 0x53535350,
    0x51515151, 0x51515151, 0x53535353, 0x51515353, 0x53535353, 0x53535353, 0x344F4A50, 0x53534932,
    0x334F4A54, 0x53474938, 0x53535353, 0x45464753, 0x54545454, 0x44455454, 0x54545454, 0x41545454,
    0x51515151, 0x51515151, 0x51515151, 0x51515151, 0x51515151, 0x51515151, 0x35515153, 0x51515135,
    0x35515353, 0x51515140, 0x51515353, 0x51515151, 0x51535341, 0x51515151, 0x53535341, 0x51515151,
    0x52515151, 0x52525252, 0x51515151, 0x51515151, 0x51515151, 0x51515151, 0x35515151, 0x51515135,
    0x35515151, 0x51515140, 0x51515151, 0x51515151, 0x51515151, 0x51515151, 0x51515151, 0x51515151,
    0x51525252, 0x51515151, 0x51515151, 0x51515151, 0x51515151, 0x51515151, 0x35515151, 0x51515135,
    0x35515151, 0x51515140, 0x51515151, 0x51515151, 0x51515151, 0x54515151, 0x51515151, 0x50515151,
    0x51515151, 0x51515151, 0x51515151, 0x51515151, 0x51515151, 0x51515151, 0x34545151, 0x4F4F5034,
    0x34545451, 0x4E4F503C, 0x51545454, 0x53535353, 0x53515454, 0x53535353, 0x53535350, 0x53535353,
    0x51515151, 0x53515151, 0x51515151, 0x53515151, 0x51515151, 0x53535353, 0x3553494E, 0x53535335,
    0x3547494E, 0x53535340, 0x45464953, 0x53535353, 0x44455353, 0x53535341, 0x41535353, 0x53535341,
    0x53535353, 0x51515153, 0x53535353, 0x51515151, 0x51535353, 0x51515151, 0x35515153, 0x51515135,
    0x35515153, 0x51515140, 0x51515153, 0x51515151, 0x51515153, 0x51515151, 0x51515353, 0x51515151,
    0x51515151, 0x66515151, 0x51515151, 0x66515151, 0x51515151, 0x66515151, 0x35515151, 0x66515135,
    0x35515151, 0x66515140, 0x51515151, 0x66515151, 0x51515151, 0x66515151, 0x51515151, 0x66515151,
    0x38373826, 0x3A3A3838, 0x38373826, 0x3A3A3838, 0x38373726, 0x3A3A383A, 0x38373726, 0x3A3A383A,
    0x48373726, 0x3A3A383D, 0x3D383726, 0x3A3A382B, 0x38383726, 0x3A3A383A, 0x30303026, 0x30303030,
    0x3838383A, 0x38383838, 0x3838383A, 0x38383838, 0x3837383A, 0x383A3A3A, 0x3837383A, 0x383A3B3A,
    0x3837383A, 0x383A3B3A, 0x3837383A, 0x383A3A3A, 0x38373838, 0x383A3A3A, 0x30303030, 0x30303030,
    0x38383838, 0x3A3B3A38, 0x38383838, 0x3A3B3A38, 0x38383838, 0x3A3B3A3A, 0x3A3A3838, 0x3A3B3B3A,
    0x3A3A3838, 0x3A3B3B3B, 0x3A3A3838, 0x3A3A3B3B, 0x3A3A3838, 0x383A3A3B, 0x30303030, 0x30303030,
    0x38383838, 0x38383838, 0x38383838, 0x38383838, 0x3A383838, 0x3838383A, 0x3A383838, 0x3838383A,
    0x3A383838, 0x38383A3A, 0x3A383838, 0x38383A3A, 0x3A3A3838, 0x38383A3A, 0x30303030, 0x30303030,
    0x3A383837, 0x303A3A3A, 0x3A383838, 0x303A3A3A, 0x38383838, 0x303A3A3A, 0x38383838, 0x303A3A3A,
    0x48383838, 0x303A3A3D, 0x3D383838, 0x303A3A2B, 0x38383837, 0x303A3A3A, 0x30303030, 0x30303030,
    0x42424242, 0x42424242, 0x38383A42, 0x3A383838, 0x38383A42, 0x3A383838, 0x38383A42, 0x3A383838,
    0x48383A42, 0x3A3A3A3D, 0x3D383A42, 0x3A3A3A2B, 0x38383A42, 0x3A3A3A38, 0x38383A42, 0x3A3A3A38,
    0x42424242, 0x42424242, 0x3838383A, 0x3838383A, 0x3838383A, 0x3738383A, 0x3838383A, 0x37373A3A,
    0x38383838, 0x37373A3A, 0x38383838, 0x37373A3A, 0x3A383838, 0x37373A3A, 0x3A3A3838, 0x3737383A,
    0x42424242, 0x42424242, 0x38383838, 0x383A3A38, 0x38383838, 0x383A3A38, 0x38383837, 0x373A3A38,
    0x38383837, 0x37383A38, 0x38383837, 0x37383A38, 0x38383837, 0x383A3A38, 0x383A3837, 0x383A3838,
    0x42424242, 0x42424242, 0x3A3A3838, 0x38383838, 0x3A3A3837, 0x38383838, 0x3A3A3837, 0x38383838,
    0x3A3A3837, 0x38383838, 0x3A383837, 0x38383838, 0x3A383837, 0x38383838, 0x3A383837, 0x38383838,
    0x42424242, 0x26424242, 0x38383838, 0x2638383A, 0x38383838, 0x2638383A, 0x38373838, 0x2637383A,
    0x48373838, 0x2637383D, 0x3D373838, 0x2637382B, 0x38373738, 0x2637383A, 0x38373738, 0x2638383A,
    0x51515166, 0x51515151, 0x51515166, 0x51515151, 0x51515166, 0x51515151, 0x35515166, 0x51515135,
    0x35515166, 0x51515140, 0x51515166, 0x51515151, 0x51515166, 0x53535151, 0x51515166, 0x53535351,
    0x51515151, 0x51515151, 0x51515151, 0x51515151, 0x51515151, 0x51515151, 0x35515151, 0x51515135,
    0x35515151, 0x51515140, 0x51515151, 0x53535351, 0x53535353, 0x53535353, 0x53535353, 0x53535353,
    0x4A515151, 0x51515150, 0x4F515151, 0x5151514F, 0x4E515151, 0x5151514E, 0x32515151, 0x51515132,
    0x31535351, 0x51535336, 0x46535353, 0x53534546, 0x53535353, 0x53414144, 0x53535353, 0x403F4153,
    0x51515151, 0x41515151, 0x51515151, 0x40515151, 0x51515151, 0x3C515151, 0x35515151, 0x38515135,
    0x35515151, 0x38515140, 0x51515353, 0x38375151, 0x53535353, 0x37373751, 0x38383C3C, 0x53363737,
    0x5151513F, 0x51515151, 0x51515140, 0x51515151, 0x5151513C, 0x51515151, 0x35515139, 0x51515135,
    0x35515138, 0x51515140, 0x51515138, 0x51515151, 0x53535351, 0x53535353, 0x53535353, 0x53535353,
    0x51515151, 0x51515151, 0x51515151, 0x51515151, 0x51515151, 0x51515151, 0x35515151, 0x51515135,
    0x35515151, 0x51515140, 0x51515151, 0x51515151, 0x51515353, 0x51515151, 0x53535353, 0x51515151,
    0x51515151, 0x4F535351, 0x51515151, 0x4E535351, 0x51515151, 0x4E535351, 0x35515151, 0x49535335,
    0x35515151, 0x47535340, 0x51515151, 0x46535353, 0x51515151, 0x53535353, 0x51515151, 0x53535353,
    0x5454544F, 0x54545454, 0x5454544E, 0x54545454, 0x5454544E, 0x54545454, 0x34545449, 0x54545434,
    0x34545446, 0x5454543C, 0x54544445, 0x54545454, 0x54414144, 0x54545454, 0x403F4153, 0x3738383C,
    0x3F545454, 0x53535340, 0x3C545454, 0x5353543C, 0x3C545454, 0x5353543C, 0x25545454, 0x53535425,
    0x24545454, 0x5353542C, 0x37375454, 0x53535337, 0x36363654, 0x53535353, 0x53363637, 0x53535353,
    0x53535353, 0x51515153, 0x53535353, 0x53535353, 0x53535353, 0x53535353, 0x35535353, 0x53535335,
    0x35535353, 0x5353533E, 0x53535353, 0x53535353, 0x53535353, 0x53535353, 0x53535353, 0x54545453,
    0x51515151, 0x51515151, 0x51515153, 0x51515151, 0x53535353, 0x53535353, 0x35535353, 0x53535335,
    0x35535353, 0x53535340, 0x53535353, 0x53535353, 0x53535353, 0x53535353, 0x53535353, 0x54545454,
    0x4F535351, 0x5453534F, 0x4E535353, 0x5454534F, 0x4E535353, 0x5454534E, 0x32535353, 0x54545432,
    0x31535353, 0x54545436, 0x46545353, 0x54544445, 0x54545454, 0x54414144, 0x54545454, 0x3E3F4154,
    0x54545454, 0x3F545454, 0x54545454, 0x3C545454, 0x54545454, 0x3C545454, 0x34545454, 0x38545434,
    0x34545454, 0x3854543C, 0x54545454, 0x37375454, 0x54545454, 0x36363654, 0x3738383C, 0x54363636,
    0x5353533F, 0x51515153, 0x5353533C, 0x51515153, 0x5353533C, 0x51515353, 0x35535338, 0x51535335,
    0x35535338, 0x51535340, 0x53535337, 0x53535353, 0x53535454, 0x53535353, 0x53535454, 0x53535353,
    0x51515151, 0x51515151, 0x51515151, 0x51515151, 0x51515151, 0x51515151, 0x35515151, 0x51515135,
    0x35515151, 0x51515140, 0x51515151, 0x51515151, 0x51515151, 0x51515151, 0x51515153, 0x51515151,
    0x51515151, 0x4F515151, 0x51515151, 0x4F515151, 0x51515151, 0x4E515151, 0x35515151, 0x49515135,
    0x35515151, 0x49515140, 0x51515151, 0x46515151, 0x51515151, 0x51515151, 0x51515151, 0x51515151,
    0x5353534A, 0x53535353, 0x5353534F, 0x53535353, 0x5353534E, 0x53535353, 0x35535349, 0x54535335,
    0x35535347, 0x5453533E, 0x53534546, 0x54545353, 0x53414345, 0x54545353, 0x403F4151, 0x3738383C,
    0x3F535353, 0x5353533F, 0x3E535353, 0x5353533C, 0x3C545453, 0x5353533C, 0x25545454, 0x53545425,
    0x24545454, 0x5454542C, 0x37375454, 0x54545437, 0x36363654, 0x54545454, 0x54353636, 0x54545454,
    0x51535353, 0x51515151, 0x53535353, 0x51515353, 0x53535353, 0x53535353, 0x35535353, 0x53535335,
    0x35535354, 0x5353533E, 0x54545454, 0x53535454, 0x54545454, 0x54545454, 0x54545454, 0x54545454,
    0x51515151, 0x66515151, 0x51515151, 0x66515151, 0x51515151, 0x66515151, 0x35535353, 0x66515135,
    0x35535353, 0x66535340, 0x53535353, 0x66535353, 0x53535354, 0x66535353, 0x54545454, 0x66545454,
    0x42424226, 0x42424242, 0x3A383826, 0x3838383A, 0x3A3A3826, 0x37383A3A, 0x3A3A3826, 0x37383A3A,
    0x483A3826, 0x37383A3D, 0x3D3A3826, 0x37383A2B, 0x3A383826, 0x37383A3A, 0x38383826, 0x37383A3A,
    0x42424242, 0x42424242, 0x38383838, 0x3A3A3838, 0x38383838, 0x3A3A3838, 0x38383837, 0x3A3A3A3A,
    0x38383837, 0x3B3A3A3A, 0x38383837, 0x3B3A3A3A, 0x38383837, 0x3B3A3A3A, 0x3A3A3838, 0x3A3A3A3A,
    0x42424242, 0x42424242, 0x3A3A383A, 0x3838383A, 0x3A3A3A3A, 0x38383838, 0x383A3A3A, 0x37373738,
    0x38383A3B, 0x37373738, 0x38383A3B, 0x37373738, 0x383A3A3B, 0x37373738, 0x3A3A3A3B, 0x38373738,
    0x42424242, 0x42424242, 0x383A3A38, 0x37383838, 0x383A3A38, 0x37383838, 0x38383A38, 0x37383837,
    0x37383A38, 0x38383837, 0x37383A38, 0x38383737, 0x38383A38, 0x38383837, 0x38383A3A, 0x38383837,
    0x42424242, 0x30424242, 0x3A383837, 0x303A3A3A, 0x38383837, 0x303A3A3A, 0x38383837, 0x303A3A3A,
    0x48383837, 0x303A3A3D, 0x3D383837, 0x303A3B2B, 0x38383837, 0x303A3A3A, 0x3A383838, 0x303A3A3A,
    0x3A383A42, 0x3A3A3A3A, 0x3A383A42, 0x3A3A3A3A, 0x3A383A42, 0x383A3A3A, 0x3A3A3A42, 0x383A3A3A,
    0x3A3A3A42, 0x383A3A3A, 0x3A3A3A42, 0x383A3A3A, 0x3A3A3A42, 0x383A3A3A, 0x3A3A3A42, 0x383A3A3A,
    0x3A3A3838, 0x3737383A, 0x3A3A3838, 0x3737383A, 0x3A3A3838, 0x37383838, 0x3A3A3838, 0x37383838,
    0x383A3A38, 0x37383838, 0x383A3A38, 0x37383838, 0x383A3A38, 0x37383838, 0x383A3A38, 0x37383838,
    0x383A3837, 0x383A3838, 0x38383837, 0x383A3737, 0x37383837, 0x38383737, 0x37383837, 0x38383737,
    0x37383737, 0x38373737, 0x37373737, 0x38373737, 0x37373737, 0x38373737, 0x37373737, 0x38373737,
    0x3A383838, 0x37383838, 0x38383838, 0x37383838, 0x38383838, 0x37383838, 0x38383A38, 0x38383838,
    0x37383A38, 0x38383838, 0x37383A38, 0x38383838, 0x37383A38, 0x38383838, 0x37383A3A, 0x38383837,
    0x38373737, 0x2638383A, 0x38373737, 0x26383838, 0x38373737, 0x26383838, 0x38373737, 0x26383838,
    0x37373737, 0x26383838, 0x37373737, 0x26383837, 0x37373737, 0x26383737, 0x37373737, 0x26383737,
    0x51515166, 0x53535351, 0x51515166, 0x53535351, 0x51515166, 0x53535351, 0x35515166, 0x53535335,
    0x35515166, 0x53535340, 0x53515166, 0x53535353, 0x53535166, 0x53535353, 0x53535366, 0x54535353,
    0x53535353, 0x53535353, 0x53535353, 0x54535353, 0x53535353, 0x54545453, 0x35535353, 0x54545434,
    0x34545353, 0x5454543C, 0x54545453, 0x54545454, 0x54545454, 0x54545454, 0x54545454, 0x54545454,
    0x53535353, 0x3C405353, 0x54545454, 0x54545454, 0x54545454, 0x54545454, 0x34545454, 0x54545434,
    0x34545454, 0x5454543C, 0x54545454, 0x54545454, 0x54545454, 0x54545454, 0x54545454, 0x54545454,
    0x3838383C, 0x53533637, 0x53535353, 0x53535353, 0x53535454, 0x53535353, 0x34545454, 0x54545434,
    0x34545454, 0x5454543C, 0x54545454, 0x54545454, 0x54545454, 0x54545454, 0x54545454, 0x54545454,
    0x53535353, 0x53535353, 0x53535353, 0x54545353, 0x54535353, 0x54545454, 0x34545454, 0x54545434,
    0x34545454, 0x5454543C, 0x54545454, 0x54545454, 0x54545454, 0x50545454, 0x54545454, 0x50505454,
    0x53535353, 0x51515153, 0x53535353, 0x51515353, 0x53535454, 0x53535353, 0x35545454, 0x53535335,
    0x34545454, 0x5353533E, 0x4F4A5050, 0x494D4E4F, 0x4F505050, 0x49494E4F, 0x54545450, 0x47545454,
    0x51515151, 0x53535353, 0x53515151, 0x53535353, 0x53515151, 0x53535353, 0x35535353, 0x53535335,
    0x35535353, 0x53535340, 0x53535353, 0x53535353, 0x53535347, 0x53535353, 0x54544546, 0x53535353,
    0x3C405453, 0x3738383C, 0x54545353, 0x53535454, 0x53535353, 0x53535353, 0x35535353, 0x53535335,
    0x35535353, 0x5353533E, 0x53535353, 0x53535353, 0x53535353, 0x53535353, 0x53535353, 0x53535353,
    0x53533637, 0x53535353, 0x53535353, 0x53535353, 0x53535353, 0x53535353, 0x35535353, 0x53535335,
    0x35535353, 0x5353533E, 0x53535353, 0x53535353, 0x53535353, 0x54535353, 0x53535353, 0x54535353,
    0x54545353, 0x54545454, 0x54545453, 0x54545454, 0x54545454, 0x54545454, 0x34545454, 0x54545434,
    0x34545454, 0x5454543C, 0x54545454, 0x4F4A5050, 0x54545454, 0x4F505054, 0x54505454, 0x54545454,
    0x54545454, 0x54545454, 0x54545454, 0x54545454, 0x54545454, 0x54545454, 0x34545454, 0x54545434,
    0x34545454, 0x5454543C, 0x494C4E4F, 0x54545454, 0x49494E4F, 0x54545446, 0x47545454, 0x54544446,
    0x54545454, 0x3C405454, 0x54545454, 0x54545454, 0x54545454, 0x54545454, 0x34545454, 0x54545434,
    0x34545454, 0x5454543C, 0x54545454, 0x54545454, 0x54545454, 0x54545454, 0x54545454, 0x54545454,
    0x3738383C, 0x54543636, 0x54545454, 0x54545454, 0x54545454, 0x54545454, 0x34545454, 0x54545434,
    0x34545454, 0x5454543C, 0x54545454, 0x54545454, 0x54545454, 0x54545454, 0x54545454, 0x54545454,
    0x53535454, 0x53535353, 0x53545454, 0x53535353, 0x54545454, 0x53535353, 0x34545454, 0x53535334,
    0x34545454, 0x5353543C, 0x54545454, 0x54545454, 0x54545454, 0x54545454, 0x54545454, 0x50505454,
    0x51515353, 0x51515151, 0x51535353, 0x51515151, 0x53535353, 0x51515353, 0x35535353, 0x53535335,
    0x35535353, 0x5353533E, 0x4A505054, 0x494E4E4F, 0x4A505454, 0x494C4E4F, 0x54545454, 0x47545454,
    0x51515151, 0x51515151, 0x51515151, 0x51515151, 0x51515151, 0x53535151, 0x35535353, 0x53535335,
    0x35535353, 0x53535340, 0x53535353, 0x53535353, 0x54545447, 0x54545454, 0x54544546, 0x54545454,
    0x3C3F5351, 0x3738383C, 0x53535353, 0x54545453, 0x53535353, 0x54545454, 0x35535353, 0x54545434,
    0x34535353, 0x5454543C, 0x54545353, 0x54545454, 0x54545454, 0x54545454, 0x54545454, 0x54545454,
    0x54543636, 0x54545454, 0x54545454, 0x54545454, 0x54545454, 0x54545454, 0x34545454, 0x54545434,
    0x34545454, 0x5454543C, 0x54545454, 0x54545454, 0x54545454, 0x54545454, 0x54545454, 0x54545454,
    0x54545454, 0x54545454, 0x54545454, 0x54545454, 0x54545454, 0x54545454, 0x34545454, 0x54545434,
    0x34545454, 0x5454543C, 0x54545454, 0x54545454, 0x54545454, 0x54545454, 0x54545454, 0x54545454,
    0x54545454, 0x66545454, 0x54545454, 0x66545454, 0x54545454, 0x66545454, 0x34545454, 0x66545434,
    0x34545454, 0x6654543C, 0x54545454, 0x66545454, 0x54545454, 0x66545454, 0x54545454, 0x66545454,
    0x38383826, 0x37383A3A, 0x38383826, 0x3838383A, 0x38383726, 0x3838383A, 0x38383726, 0x3838383A,
    0x38383726, 0x3838383A, 0x38383726, 0x3838383A, 0x38383726, 0x3838383A, 0x38383726, 0x38383838,
    0x3A3A3838, 0x3A3A3A3A, 0x3A3A3A38, 0x3A3A3A3A, 0x3A3B3A38, 0x3A3A3A3A, 0x3B3D3A38, 0x383A3A3A,
    0x3B3D3A38, 0x383A3A3A, 0x3D3D3A38, 0x383A3A3A, 0x3D3D3A38, 0x383A3A3A, 0x3B3D3A38, 0x3838383A,
    0x3A3A3A3A, 0x38373738, 0x3A3A383A, 0x38373738, 0x3A3A3838, 0x38373738, 0x3B3A3838, 0x38373738,
    0x3B3A3838, 0x38373738, 0x3B3A3837, 0x38373738, 0x3D3A3837, 0x38373738, 0x3D3A3837, 0x37373838,
    0x38383A3A, 0x38383838, 0x38383A3A, 0x38383838, 0x38383A3A, 0x3A383838, 0x38383A3A, 0x3A383838,
    0x38383A3A, 0x3A3A3738, 0x38383A3A, 0x3B3A3738, 0x38383A3A, 0x3B3A3738, 0x38383A3A, 0x3A3A3838,
    0x3A383838, 0x303A3A3A, 0x3A383838, 0x30383A3A, 0x3A383838, 0x3038383A, 0x3838383A, 0x30383838,
    0x3837383A, 0x30383838, 0x3837383A, 0x30383737, 0x3837383A, 0x30383737, 0x3838383A, 0x30383838,
    0x38383A42, 0x38383838, 0x38383842, 0x38383838, 0x38383842, 0x38383838, 0x38383842, 0x38383838,
    0x37383842, 0x38383837, 0x37383842, 0x38383837, 0x37383842, 0x38383837, 0x37373842, 0x38383837,
    0x383A3A38, 0x37383838, 0x383A3838, 0x37383837, 0x38383838, 0x37373837, 0x38383838, 0x37373737,
    0x37383838, 0x37373737, 0x37383738, 0x37373737, 0x37383737, 0x37373737, 0x37383738, 0x37373737,
    0x37383737, 0x38373737, 0x38383737, 0x38373737, 0x38383737, 0x38373738, 0x38383737, 0x38373838,
    0x38383737, 0x38373838, 0x37383737, 0x38373838, 0x37383737, 0x38373838, 0x38383737, 0x38383838,
    0x37383A3A, 0x38383838, 0x38383A3A, 0x38383838, 0x38383A3A, 0x38383838, 0x3838383A, 0x38383838,
    0x3838383A, 0x38383838, 0x3A383838, 0x38373838, 0x3A3A3838, 0x38373738, 0x3A3A3838, 0x38373838,
    0x37373738, 0x26383737, 0x38383838, 0x26383737, 0x38383838, 0x263A3737, 0x38383A38, 0x263A3838,
    0x38383A3A, 0x263A3838, 0x38383A3A, 0x263A3838, 0x38383B3A, 0x263A3838, 0x38383B3A, 0x263A3838,
    0x53535366, 0x54535353, 0x53535366, 0x54545353, 0x53535366, 0x54545353, 0x35535366, 0x54545435,
    0x35535366, 0x5454543E, 0x53535366, 0x54545454, 0x54535366, 0x54545454, 0x54545466, 0x54545454,
    0x54545454, 0x54545454, 0x54545454, 0x54545454, 0x54545454, 0x54545454, 0x34545454, 0x54545434,
    0x34545454, 0x5454543C, 0x54545454, 0x54545454, 0x54545454, 0x54545454, 0x54545454, 0x54545454,
    0x54545454, 0x54545454, 0x54545454, 0x54545454, 0x54545454, 0x54545454, 0x34545454, 0x54545434,
    0x34545454, 0x5454543C, 0x54545454, 0x54545454, 0x54545454, 0x54545454, 0x54545454, 0x54545454,
    0x54545454, 0x54545454, 0x54545454, 0x54545454, 0x54545454, 0x54545454, 0x34545454, 0x54545434,
    0x34545454, 0x5454543C, 0x54545454, 0x54545454, 0x54545454, 0x54545454, 0x50505050, 0x50505050,
    0x54545454, 0x504A4F54, 0x54545454, 0x544F4F54, 0x54545454, 0x544F4F54, 0x34545454, 0x544E4E34,
    0x34545454, 0x5449493C, 0x54545454, 0x54494954, 0x54545454, 0x54464654, 0x54545454, 0x43444554,
    0x54545454, 0x54545454, 0x54545454, 0x54545454, 0x54545454, 0x54545454, 0x34545454, 0x54545434,
    0x34545454, 0x5454543C, 0x54545454, 0x54545454, 0x54545454, 0x54545454, 0x54545054, 0x54545454,
    0x54414345, 0x53535354, 0x543F4154, 0x53535454, 0x54403F54, 0x53535454, 0x343C3C54, 0x53545434,
    0x343C3C54, 0x5354543C, 0x54383854, 0x54545454, 0x54383754, 0x54545454, 0x54373636, 0x54545454,
    0x53535353, 0x53535353, 0x53535353, 0x53535353, 0x53535353, 0x53535353, 0x35535353, 0x53535335,
    0x35535353, 0x53535340, 0x53535353, 0x53535353, 0x53535354, 0x53535353, 0x53545454, 0x53535353,
    0x53535353, 0x54535353, 0x53535353, 0x54545353, 0x53535353, 0x54545353, 0x35535353, 0x54545435,
    0x35535353, 0x5454543C, 0x53535353, 0x54545454, 0x54535353, 0x54545454, 0x54545453, 0x54545454,
    0x50504A54, 0x54545454, 0x544A4F54, 0x54545454, 0x544F4F54, 0x54545454, 0x344E4E54, 0x54545434,
    0x344D4D54, 0x5454543C, 0x54494954, 0x54545454, 0x54464754, 0x54545454, 0x44454654, 0x54545454,
    0x54545454, 0x54414144, 0x54545454, 0x543F4154, 0x54545454, 0x54403F54, 0x34545454, 0x543C3C34,
    0x34545454, 0x54393C3C, 0x54545454, 0x54383854, 0x54545454, 0x54373754, 0x54545454, 0x54363636,
    0x54545454, 0x54545454, 0x54545454, 0x54545454, 0x54545454, 0x54545454, 0x34545454, 0x54545434,
    0x34545454, 0x5454543C, 0x54545454, 0x54545454, 0x54545454, 0x54545454, 0x54545454, 0x54545454,
    0x54545454, 0x54545454, 0x54545454, 0x54545454, 0x54545454, 0x54545454, 0x34545454, 0x54545434,
    0x34545454, 0x5454543C, 0x54545454, 0x54545454, 0x54545454, 0x54545454, 0x54545454, 0x54545454,
    0x54545454, 0x504A4A54, 0x54545454, 0x544F4F54, 0x54545454, 0x544F4F54, 0x34545454, 0x544E4E34,
    0x34545454, 0x5449493C, 0x54545454, 0x54494954, 0x54545454, 0x54464654, 0x54545454, 0x44454554,
    0x54545454, 0x54545454, 0x54545454, 0x54545454, 0x54545454, 0x54545454, 0x34545454, 0x54545434,
    0x34545454, 0x5454543C, 0x54545454, 0x54545454, 0x54545454, 0x54545454, 0x54545454, 0x54545454,
    0x54414345, 0x54545454, 0x543F4154, 0x54545454, 0x54403F54, 0x54545454, 0x343C3C54, 0x54545434,
    0x34393C54, 0x5454543C, 0x54383854, 0x54545454, 0x54373754, 0x54545454, 0x54363636, 0x54545454,
    0x54545454, 0x54545454, 0x54545454, 0x54545454, 0x54545454, 0x54545454, 0x34545454, 0x54545434,
    0x34545454, 0x5454543C, 0x54545454, 0x54545454, 0x54545454, 0x54545454, 0x54545454, 0x54545454,
    0x54545454, 0x54545454, 0x54545454, 0x54545454, 0x54545454, 0x54545454, 0x34545454, 0x54545434,
    0x34545454, 0x5454543C, 0x54545454, 0x50545454, 0x54545454, 0x50505454, 0x54545454, 0x50505050,
    0x54545454, 0x54545454, 0x50545454, 0x50505050, 0x50505454, 0x50505050, 0x34505054, 0x50505034,
    0x34505050, 0x5050503C, 0x50505050, 0x50505050, 0x50505050, 0x50505050, 0x50505050, 0x50505050,
    0x50505054, 0x66505050, 0x50505050, 0x66505050, 0x50505050, 0x66505050, 0x34505050, 0x66505034,
    0x34505050, 0x6650503C, 0x50505050, 0x66505050, 0x50505050, 0x66505050, 0x50505050, 0x66505050,
    0x38383826, 0x38383838, 0x38383826, 0x38383838, 0x38383826, 0x38383838, 0x38383826, 0x38383838,
    0x38383A26, 0x37383837, 0x38383A26, 0x37383837, 0x37383A26, 0x37373837, 0x37383A26, 0x37373737,
    0x3B3B3A3A, 0x3838383A, 0x3B3A3A3A, 0x3838383A, 0x3B3A3A3A, 0x3838383A, 0x3A3A3A38, 0x3838383A,
    0x3A3A3A38, 0x3838383A, 0x3A3A3838, 0x38383838, 0x3A3A3838, 0x38383838, 0x3A3A3837, 0x38383838,
    0x3B3A3837, 0x37373838, 0x3B3A3837, 0x37373838, 0x3A383737, 0x37383838, 0x38383737, 0x37383838,
    0x38383738, 0x38383838, 0x37373738, 0x38373838, 0x37373738, 0x38373838, 0x37373738, 0x38373838,
    0x38383A38, 0x3A3A3838, 0x38383A38, 0x3A383838, 0x38383A38, 0x3A383837, 0x38383A38, 0x3A3A3837,
    0x37383838, 0x3A3A3837, 0x37383838, 0x3A3A3837, 0x37383838, 0x3B3A3837, 0x37383838, 0x3B3A3737,
    0x38383838, 0x30383838, 0x38383838, 0x30383838, 0x38383838, 0x30383838, 0x3838383A, 0x30383838,
    0x38383A3A, 0x303A3838, 0x38383A3A, 0x303A3838, 0x383A3A3A, 0x303A3838, 0x383A3A3A, 0x303A3838,
    0x37373842, 0x383A3837, 0x37373842, 0x383A3837, 0x37373842, 0x383A3A38, 0x37373842, 0x38383838,
    0x37373842, 0x38383838, 0x37373842, 0x38383838, 0x37373842, 0x38373838, 0x37373842, 0x38373838,
    0x37383838, 0x37373737, 0x37383838, 0x37373737, 0x37383838, 0x37373737, 0x37383838, 0x38373737,
    0x38383838, 0x38383737, 0x38383A3A, 0x38383738, 0x38383A3A, 0x38383738, 0x38383A3A, 0x38383738,
    0x38383837, 0x38383838, 0x38383838, 0x38383838, 0x3A383838, 0x38383838, 0x3A383838, 0x38383838,
    0x3A383838, 0x38383838, 0x3A3A3A38, 0x38383838, 0x3A3A3A3A, 0x37383838, 0x3A3A3A3A, 0x37373738,
    0x3A3A3838, 0x38383838, 0x3A3A3838, 0x3838383A, 0x3A3A3838, 0x3838383A, 0x3A383838, 0x38383838,
    0x38383838, 0x38383838, 0x38383837, 0x37383838, 0x38383837, 0x37373738, 0x38383837, 0x37373738,
    0x383A3A3A, 0x263A3838, 0x383A3A3A, 0x263A3837, 0x383A3A38, 0x263A3737, 0x37383838, 0x263A3737,
    0x37383838, 0x263A3737, 0x37373737, 0x263A3737, 0x37373737, 0x263A3737, 0x37373737, 0x263A3737,
    0x54545466, 0x54545454, 0x54545466, 0x54545454, 0x54545466, 0x54545454, 0x34545466, 0x54545434,
    0x34545466, 0x5454543C, 0x54545466, 0x54545454, 0x54545466, 0x50545454, 0x54545466, 0x50505454,
    0x54545454, 0x54545454, 0x54545454, 0x50505454, 0x54545454, 0x50505050, 0x34545454, 0x50505034,
    0x34505454, 0x5050503C, 0x50505054, 0x50505050, 0x50505050, 0x50505050, 0x50505050, 0x50505050,
    0x54545454, 0x50505054, 0x50505050, 0x50505050, 0x50505050, 0x50505050, 0x34505050, 0x50505034,
    0x34505050, 0x5050503C, 0x50505050, 0x50505050, 0x50505050, 0x50505050, 0x50505050, 0x4F4F5050,
    0x50505050, 0x50505050, 0x50505050, 0x50505050, 0x50505050, 0x50505050, 0x34505050, 0x50505034,
    0x34505050, 0x5050503C, 0x50505050, 0x50505050, 0x50505050, 0x50505050, 0x494E4E4F, 0x4A4A4749,
    0x50505050, 0x41415050, 0x50505050, 0x3F505050, 0x50505050, 0x50505050, 0x34505050, 0x50505034,
    0x34505050, 0x4A4A4A3C, 0x4A4A5050, 0x4A4A4A4A, 0x4A4A4A4A, 0x4A4A4A4A, 0x4A4A4A4A, 0x4A4A4A4A,
    0x5050503F, 0x35545450, 0x383C3C40, 0x35363638, 0x38383C3C, 0x35353637, 0x34505050, 0x50505034,
    0x34504A4A, 0x5050503C, 0x4A4A4A4A, 0x50505050, 0x4A4A4A4A, 0x5050504A, 0x4A4A4A4A, 0x50504A4A,
    0x54543635, 0x54545454, 0x54545435, 0x54545454, 0x54545454, 0x54545454, 0x34545454, 0x54545434,
    0x34545450, 0x5454543C, 0x54505050, 0x54545454, 0x50505050, 0x54545050, 0x50505050, 0x50505050,
    0x54545454, 0x54545454, 0x54545454, 0x54545454, 0x54545454, 0x54545454, 0x34545454, 0x54545434,
    0x34545454, 0x5454543C, 0x54545454, 0x54545454, 0x54545454, 0x54545454, 0x4F4A5450, 0x4E4E4F4F,
    0x54545454, 0x54545454, 0x54545454, 0x54545454, 0x54545454, 0x54545454, 0x34545454, 0x54545434,
    0x34545454, 0x5454543C, 0x54545454, 0x54545454, 0x54545454, 0x54545454, 0x54544949, 0x54545454,
    0x41435454, 0x54545441, 0x41545454, 0x383C3C40, 0x54545454, 0x38393C3E, 0x34545454, 0x54545434,
    0x34545454, 0x5454543C, 0x54545454, 0x54545454, 0x54545454, 0x54545454, 0x54545454, 0x50505054,
    0x35545454, 0x54543635, 0x35363738, 0x54545435, 0x35363738, 0x54545454, 0x34545454, 0x54545434,
    0x34545454, 0x5454543C, 0x54545454, 0x54545454, 0x54545454, 0x54545454, 0x54545454, 0x54545454,
    0x54545454, 0x54545454, 0x54545454, 0x54545454, 0x54545454, 0x54545454, 0x34545454, 0x54545434,
    0x34545454, 0x5454543C, 0x54545454, 0x54545454, 0x54545454, 0x54545454, 0x54545454, 0x4F4A5454,
    0x54545454, 0x54545454, 0x54545454, 0x54545454, 0x54545454, 0x54545454, 0x34545454, 0x54545434,
    0x34545454, 0x5454543C, 0x54545454, 0x54545454, 0x54545454, 0x54545454, 0x4D4E4F4F, 0x50504949,
    0x54545454, 0x41415454, 0x54545454, 0x3F545454, 0x54545454, 0x54545454, 0x34545454, 0x54545434,
    0x34545454, 0x5454543C, 0x54545454, 0x54545454, 0x54545454, 0x50545454, 0x54545450, 0x50545454,
    0x5454543F, 0x35505050, 0x383C3C40, 0x35353638, 0x38383C3C, 0x35353637, 0x34505054, 0x50505034,
    0x34505050, 0x5050503C, 0x50505050, 0x50505050, 0x50505050, 0x50505050, 0x50505050, 0x50505050,
    0x54543535, 0x54545454, 0x50505035, 0x50505050, 0x50505050, 0x50505050, 0x34505050, 0x50505034,
    0x34505050, 0x5050503C, 0x50505050, 0x50505050, 0x50505050, 0x50505050, 0x50505050, 0x50505050,
    0x50505454, 0x50505050, 0x50505050, 0x50505050, 0x50505050, 0x50505050, 0x34505050, 0x50505034,
    0x34505050, 0x5050503C, 0x50505050, 0x50505050, 0x50505050, 0x50505050, 0x4F4F5050, 0x4C4E4E4F,
    0x50505050, 0x50505050, 0x50505050, 0x50505050, 0x50505050, 0x50505050, 0x34505050, 0x50505034,
    0x34505050, 0x5050503C, 0x50505050, 0x50505050, 0x50505050, 0x50505050, 0x50504749, 0x50505050,
    0x50505050, 0x50505050, 0x50505050, 0x50505050, 0x50505050, 0x50505050, 0x34505050, 0x50505034,
    0x34505050, 0x5050503C, 0x50505050, 0x50505050, 0x50505050, 0x50505050, 0x50505050, 0x50505050,
    0x50505050, 0x66505050, 0x50505050, 0x66505050, 0x50505050, 0x66505050, 0x34505050, 0x66545434,
    0x34505050, 0x6654543C, 0x54545050, 0x66545454, 0x54545050, 0x66545454, 0x54545050, 0x66545454,
    0x37383A26, 0x37373737, 0x37383A26, 0x37373737, 0x37383A26, 0x37373737, 0x37383A26, 0x38373737,
    0x37383A26, 0x38383737, 0x37383826, 0x3A383837, 0x37383826, 0x3A3A3837, 0x37383826, 0x3A3A3837,
    0x3A3A3837, 0x38383838, 0x3A3A3837, 0x38383A3A, 0x383A3838, 0x383A3A38, 0x38383838, 0x383A3A38,
    0x38383838, 0x383A3A38, 0x38383A3A, 0x383A3A38, 0x38383A3B, 0x3A3A3A38, 0x38383A3D, 0x3A3A3A38,
    0x37373837, 0x38383838, 0x37383837, 0x37383837, 0x38383837, 0x37383837, 0x38383838, 0x37383837,
    0x38383A38, 0x37383838, 0x383A3A38, 0x38383838, 0x383A3B3A, 0x38383838, 0x383A3B3A, 0x38383838,
    0x37383838, 0x3D3A3737, 0x38383838, 0x3D3A3737, 0x38383838, 0x3D3A3737, 0x38383838, 0x3B3A3738,
    0x38383838, 0x3A383738, 0x38383838, 0x38383838, 0x38383838, 0x38383838, 0x38383838, 0x38383838,
    0x383A3A3B, 0x303A3838, 0x383A3A3B, 0x30383838, 0x383A3A3D, 0x30383A3A, 0x383A3A3B, 0x30383A3A,
    0x38383A3A, 0x30383A3A, 0x38383838, 0x303A3A3A, 0x38383838, 0x303A3A38, 0x38383838, 0x303A3A38,
    0x37373842, 0x38373838, 0x37373842, 0x38373838, 0x37373842, 0x38373838, 0x37373842, 0x38373838,
    0x48373742, 0x3838383D, 0x3D373742, 0x3838382B, 0x37373742, 0x38383838, 0x30303030, 0x30303030,
    0x38383A3A, 0x38383838, 0x383A3A38, 0x38383838, 0x383A3838, 0x38383838, 0x383A3838, 0x38383838,
    0x383A3838, 0x38383838, 0x383A3838, 0x38383A38, 0x38383838, 0x38383A3A, 0x30303030, 0x30303030,
    0x3A3A3A3A, 0x37383738, 0x3A3A3A38, 0x37383738, 0x383A3838, 0x38383737, 0x38383838, 0x38383737,
    0x38383838, 0x38383737, 0x38383838, 0x38383737, 0x38383838, 0x37383737, 0x30303030, 0x30303030,
    0x38383737, 0x37373738, 0x38383737, 0x37383838, 0x38383838, 0x37383838, 0x3A383838, 0x38383838,
    0x3A383838, 0x3838383A, 0x3A383838, 0x3838383A, 0x3A383837, 0x3A38383A, 0x30303030, 0x30303030,
    0x37373737, 0x263A3737, 0x37373737, 0x263A3737, 0x38373737, 0x263A3838, 0x38383737, 0x263A3838,
    0x48383838, 0x263A383D, 0x3D383838, 0x263A382B, 0x38383838, 0x2638383A, 0x30303030, 0x26303030,
    0x54545466, 0x50505054, 0x54545466, 0x50505050, 0x50505466, 0x50505050, 0x34505066, 0x50505034,
    0x34505066, 0x5050503C, 0x50505066, 0x4A505050, 0x50505066, 0x4A4A5050, 0x50505066, 0x4A4A5050,
    0x50505050, 0x50505050, 0x50505050, 0x4A4A4A4A, 0x4A505050, 0x4A4A4A4A, 0x344A4A50, 0x4A4A4A34,
    0x344A4A4A, 0x4F4A4A3C, 0x4A4A4A4A, 0x4F4F4A4A, 0x4A4A4A4A, 0x4F4F4F4F, 0x4F4A4A4A, 0x4F4F4F4F,
    0x4A4A4A4A, 0x4F4F4F4A, 0x4A4A4A4A, 0x4A4F4F4F, 0x4E4A4A4A, 0x4A4A4F4F, 0x334A4A4A, 0x4F4F4F33,
    0x324F4F4F, 0x4F4F4F38, 0x494F4F4F, 0x4F4F4F49, 0x474F4F4F, 0x4F4F4F49, 0x464F4F4F, 0x4F4F4F46,
    0x494E4E4F, 0x4A454649, 0x4A4A4A4A, 0x4144454A, 0x4F4F4A4A, 0x41414F4F, 0x344F4F4F, 0x3F4F4F34,
    0x344F4F4F, 0x3C4F4F3C, 0x4F4F4F4F, 0x3C4F4F4F, 0x4F4F4F4F, 0x384F4F4F, 0x4F4F4F4F, 0x374F4F4F,
    0x4A4A4A4A, 0x4A4A4A4A, 0x4A4A4A4A, 0x4A4A4A4A, 0x4A4F4F3F, 0x4A4A4A4A, 0x344F4F40, 0x4A4A4A34,
    0x344F4F3C, 0x4A4A4A3C, 0x4F4F4F39, 0x4A4A4A4F, 0x4F4F4F38, 0x4A4A4F4F, 0x4F4F4F37, 0x4F4F4F4F,
    0x4A4A4A4A, 0x4A4A4A4A, 0x4A4A4A4A, 0x4A4A4A4A, 0x4A4A4A4A, 0x4A4A4A4A, 0x344A4A4A, 0x4F4F4F34,
    0x344F4A4A, 0x4F4F4F3C, 0x4F4F4F4A, 0x4F4F4F4F, 0x4F4F4F4F, 0x4F4F4F4F, 0x4F4F4F4F, 0x4F4F4F4F,
    0x50505050, 0x50505050, 0x504A4A4A, 0x50505050, 0x4A4A4A4A, 0x4F50504A, 0x344A4A4F, 0x4E504A34,
    0x344F4F4F, 0x4E4A4A3C, 0x4F4F4F4F, 0x494A4A4A, 0x4F4F4F4F, 0x494A4A4F, 0x4F4F4F4F, 0x464A4F4F,
    0x4A4A4A50, 0x4D4E4F4F, 0x504A4A4F, 0x50505050, 0x50504F4F, 0x50505050, 0x3450504F, 0x50505034,
    0x3450504E, 0x5050503C, 0x5050504D, 0x50505050, 0x50505049, 0x50505050, 0x50504A46, 0x50505050,
    0x54464749, 0x54545454, 0x44454654, 0x54545454, 0x41445050, 0x54545441, 0x2B505050, 0x5050502B,
    0x2B505050, 0x50505031, 0x3C505050, 0x5050503C, 0x38505050, 0x50505038, 0x38505050, 0x50505038,
    0x54545454, 0x50505050, 0x50545454, 0x50505050, 0x50505054, 0x50505050, 0x34505050, 0x50505034,
    0x34505050, 0x5050503C, 0x50505050, 0x50505050, 0x50505050, 0x50505050, 0x50505050, 0x50505050,
    0x54545050, 0x54545454, 0x50505050, 0x54545454, 0x50505050, 0x50505050, 0x34505050, 0x50505034,
    0x34505050, 0x5050503C, 0x50505050, 0x50505050, 0x50505050, 0x50505050, 0x50505050, 0x50505050,
    0x54545454, 0x4A4A4A50, 0x50505454, 0x504A4A4F, 0x4F505050, 0x50504F4F, 0x34505050, 0x50505034,
    0x33505050, 0x50505038, 0x4D505050, 0x5050504D, 0x49505050, 0x4A4A5049, 0x47505050, 0x4A4A4A47,
    0x4D4E4F4F, 0x50464749, 0x50505050, 0x44454650, 0x50505050, 0x41445050, 0x34505050, 0x3F505034,
    0x34505050, 0x4050503C, 0x4A4A4A4A, 0x3C50504A, 0x4A4A4A4A, 0x38504A4A, 0x4A4A4A4A, 0x384A4A4A,
    0x54505050, 0x50545454, 0x50505050, 0x50505454, 0x50505041, 0x50505050, 0x3450503F, 0x50505034,
    0x3450503E, 0x5050503C, 0x5050503C, 0x50505050, 0x50505038, 0x50505050, 0x50505038, 0x50505050,
    0x50505050, 0x50505050, 0x50505050, 0x50505050, 0x50505050, 0x50505050, 0x34505050, 0x50505034,
    0x34505050, 0x5050503C, 0x50505050, 0x50505050, 0x50505050, 0x50505050, 0x50505050, 0x50505050,
    0x50505050, 0x50505050, 0x50505050, 0x50505050, 0x50505050, 0x4F505050, 0x34505050, 0x4E505034,
    0x34505050, 0x4E50503C, 0x50505050, 0x4C505050, 0x50505050, 0x49505050, 0x50505050, 0x474A5050,
    0x4F4F4F50, 0x494E4F4F, 0x504F4F4F, 0x50505050, 0x50504F4F, 0x50505050, 0x3450504F, 0x50505034,
    0x3450504E, 0x5050503C, 0x5050504D, 0x50505050, 0x4A4A4A49, 0x50505050, 0x4A4A4A46, 0x4A4A4A4A,
    0x50454649, 0x50505050, 0x43454650, 0x50505050, 0x41435050, 0x50505041, 0x2B505050, 0x5050502B,
    0x2B505050, 0x50505031, 0x3C505050, 0x5050503C, 0x38505050, 0x50505038, 0x384A4A4A, 0x50505038,
    0x50505050, 0x50505050, 0x50505050, 0x50505050, 0x50505050, 0x54505050, 0x34505050, 0x54545434,
    0x34505050, 0x5454543C, 0x54545050, 0x54545454, 0x54545050, 0x54545454, 0x54505050, 0x54545454,
    0x54545450, 0x66545454, 0x54545454, 0x66545454, 0x54545454, 0x66545454, 0x34545454, 0x66545434,
    0x34545454, 0x6654543C, 0x54545454, 0x66545454, 0x54545454, 0x66545454, 0x54545454, 0x66545454,
    0x37383826, 0x3B3A3837, 0x37383826, 0x3A3A3837, 0x37383826, 0x3A3A3837, 0x37383826, 0x3A383837,
    0x48383826, 0x3A38383D, 0x3D383826, 0x3A38382B, 0x38383726, 0x3A383837, 0x30303026, 0x30303030,
    0x38383A3D, 0x3A3A3A38, 0x38383A3A, 0x3A3A3A3A, 0x3838383A, 0x3A383A3A, 0x3837383A, 0x3A383A3A,
    0x38373838, 0x3A383A3A, 0x38373738, 0x3A383838, 0x37373738, 0x38383838, 0x30303030, 0x30303030,
    0x383A3D3A, 0x38383838, 0x383A3B3A, 0x38383838, 0x383A3B3B, 0x38383838, 0x38383A3B, 0x3838383A,
    0x383A3A3B, 0x3A383A3A, 0x3A3A3A3A, 0x3A383A3A, 0x3A3A3A3A, 0x3A383A3B, 0x30303030, 0x30303030,
    0x38383838, 0x38383838, 0x38383838, 0x38383838, 0x38383838, 0x38383838, 0x3837383A, 0x38383A38,
    0x38383A3A, 0x38383838, 0x38383A3A, 0x38383838, 0x38383A3A, 0x38383838, 0x30303030, 0x30303030,
    0x38373838, 0x303A3A38, 0x38383838, 0x303A3A38, 0x38383838, 0x30383A38, 0x38383838, 0x30383A38,
    0x48383838, 0x3038383D, 0x3D383838, 0x3038382B, 0x38383838, 0x30383A38, 0x30303030, 0x30303030,
    0x42424242, 0x42424242, 0x38373742, 0x3A383838, 0x38373742, 0x3A3A3838, 0x38373742, 0x3A3A3838,
    0x48373742, 0x3A3A383D, 0x3D383842, 0x3A3A3A2B, 0x38383842, 0x3A3A3A38, 0x38383842, 0x3A3A3A3A,
    0x42424242, 0x42424242, 0x3A383838, 0x383A3A3A, 0x3A383838, 0x383A3A3B, 0x3A383838, 0x38383A3D,
    0x3A383838, 0x38383A3D, 0x3A383A3A, 0x38383A3D, 0x3A3A3A3A, 0x38383A3B, 0x3A3A3A3A, 0x38383A3B,
    0x42424242, 0x42424242, 0x37373838, 0x37383737, 0x38373838, 0x37383737, 0x3837383A, 0x37383738,
    0x3837383A, 0x38383838, 0x38373838, 0x38383838, 0x38373838, 0x38383838, 0x38373838, 0x38383838,
    0x42424242, 0x42424242, 0x3A3A3837, 0x3A38383A, 0x3A3A3837, 0x3A38383A, 0x3A3A3837, 0x3A38383A,
    0x3A383837, 0x38383838, 0x3A383838, 0x38383838, 0x38383838, 0x3A3A3838, 0x38383A38, 0x3A3A3A38,
    0x42424242, 0x26424242, 0x3A383838, 0x26383A3A, 0x3A383838, 0x26383A3A, 0x3A383838, 0x263A3A3A,
    0x48383838, 0x263A3A3D, 0x3D383838, 0x263A3A2B, 0x38383838, 0x263A3A38, 0x38383838, 0x263A3838,
    0x50505066, 0x4A4A4A50, 0x50505066, 0x4A4A4A4A, 0x4A505066, 0x4A4A4A4A, 0x344A4A66, 0x4F4A4A34,
    0x344A4A66, 0x4F4A4A3C, 0x4A4A4A66, 0x4F4F4A4A, 0x4A4A4A66, 0x4F4F4F4F, 0x4F4F4A66, 0x4F4F4F4F,
    0x4F4F4A4A, 0x4F4F4F4F, 0x4F4F4F4A, 0x4F4F4F4F, 0x4F4F4F4F, 0x4F4F4F4F, 0x344F4F4F, 0x4F4F4F34,
    0x344F4F4F, 0x4F4F4F3C, 0x4F4F4F4F, 0x4F4F4F4F, 0x4F4F4F4F, 0x4F4F4F4F, 0x4F4F4F4F, 0x4F4F4F4F,
    0x454F4F4F, 0x4F4F4F44, 0x434F4F4F, 0x4F4F4141, 0x4F4F4F4F, 0x4F403F41, 0x344F4F4F, 0x3C3C4034,
    0x344F4F4F, 0x383C4F3C, 0x4F4F4F4F, 0x4F4F4F4F, 0x4F4F4F4F, 0x4F4F4F4F, 0x4F4F4F4F, 0x4F4F4F4F,
    0x4F4F4F4F, 0x354F4F4F, 0x4F4F4F4F, 0x35344F4F, 0x4F4F4F4F, 0x3434344F, 0x24363838, 0x4F343421,
    0x24363738, 0x4F4F342B, 0x4F4F4F4F, 0x4F4F4F4F, 0x4F4F4F4F, 0x4F4F4F4F, 0x4F4F4F4F, 0x4F4F4F4F,
    0x4F4F4F36, 0x4F4F4F4F, 0x4F4F4F35, 0x4F4F4F4F, 0x4F4F4F4F, 0x4F4F4F4F, 0x344F4F4F, 0x4F4F4F34,
    0x344F4F4F, 0x4F4F4F3C, 0x4F4F4F4F, 0x4F4F4F4F, 0x4F4F4F4F, 0x4F4F4F4F, 0x4F4F4F4F, 0x4F4F4F4F,
    0x4F4F4F4F, 0x4F4F4F4F, 0x4F4F4F4F, 0x4F4F4F4F, 0x4F4F4F4F, 0x4F4F4F4F, 0x344F4F4F, 0x4F4F4F34,
    0x344F4F4F, 0x4F4F4F3C, 0x4F4F4F4F, 0x4F4F4F4F, 0x4F4F4F4F, 0x4F4F4F4F, 0x4F4F4F4F, 0x4F4F4F4F,
    0x4F4F4F4F, 0x454A4F4F, 0x4F4F4F4F, 0x444F4F4F, 0x4F4F4F4F, 0x4A4F4F4F, 0x344F4F4F, 0x4F4F4F34,
    0x344F4F4F, 0x4F4F4F3C, 0x4F4F4F4F, 0x4F4F4F4F, 0x4F4F4F4F, 0x4F4F4F4F, 0x4F4F4F4F, 0x4F4F4F4F,
    0x4A4A4A45, 0x4A4A4A4A, 0x4A4A4144, 0x4A4A4A4A, 0x4A3F4141, 0x4A4A4A4A, 0x2B3E404A, 0x36373826,
    0x263C4F4F, 0x3537382D, 0x4F4F4F4F, 0x4A4A4F4F, 0x4F4F4F4F, 0x4A4F4F4F, 0x4F4F4F4F, 0x4A4F4F4F,
    0x37505050, 0x50505037, 0x36354A4A, 0x50505036, 0x3535354A, 0x50505050, 0x34353535, 0x50505034,
    0x344A3535, 0x5050503C, 0x4A4A4A4A, 0x50505050, 0x4A4A4A4A, 0x50505050, 0x4A4A4A4A, 0x5050504A,
    0x50505050, 0x50505050, 0x50505050, 0x50505050, 0x50505050, 0x50505050, 0x34505050, 0x50505034,
    0x34505050, 0x5050503C, 0x50505050, 0x50505050, 0x50505050, 0x50505050, 0x50505050, 0x50505050,
    0x50505050, 0x50505050, 0x50505050, 0x50505050, 0x50505050, 0x50505050, 0x34505050, 0x50505034,
    0x34505050, 0x5050503C, 0x50505050, 0x50505050, 0x50505050, 0x50505050, 0x50505050, 0x4A505050,
    0x46505050, 0x4A4A4A45, 0x44505050, 0x4A4A4144, 0x50505050, 0x4A3F4141, 0x34505050, 0x3C3E3F34,
    0x344A5050, 0x3C3C4A3C, 0x4A4A4A50, 0x4A4A4A4A, 0x4A4A4A4A, 0x4A4A4A4A, 0x4A4A4A4A, 0x4A4A4A4A,
    0x4A4A4A4A, 0x374A4A4A, 0x4A4A4A4A, 0x35354A4A, 0x4A4A4A4A, 0x3535354A, 0x24373838, 0x4A343524,
    0x24373838, 0x4A4A342B, 0x4A4A4A4A, 0x4A4A4A4A, 0x4A4A4A4A, 0x4A4A4A4A, 0x4F4A4A4A, 0x4A4A4A4F,
    0x50505037, 0x50505050, 0x50505036, 0x50505050, 0x50505050, 0x50505050, 0x34504A4A, 0x50505034,
    0x344A4A4A, 0x4A4A4A3C, 0x4A4A4A4A, 0x4A4A4A4A, 0x4A4A4A4A, 0x4A4A4A4A, 0x4A4A4A4A, 0x4F4F4F4A,
    0x50505050, 0x50505050, 0x50505050, 0x50505050, 0x50505050, 0x50505050, 0x34505050, 0x50505034,
    0x344A4A4A, 0x4A4A4A3C, 0x4A4A4A4A, 0x4A4A4A4A, 0x4A4A4A4A, 0x4A4A4A4A, 0x4F4F4F4F, 0x4F4F4F4F,
    0x50505050, 0x464A4A50, 0x50505050, 0x444A4A4A, 0x4A505050, 0x4A4A4A4A, 0x344A4A50, 0x4A4A4A34,
    0x344A4A4A, 0x4A4A4A3C, 0x4A4A4A4A, 0x4A4A4A4A, 0x4A4A4A4A, 0x4A4A4A4A, 0x4F4F4F4F, 0x4A4A4A4A,
    0x4A4A4A45, 0x4A4A4A4A, 0x4A4A4144, 0x4A4A4A4A, 0x4A3F4141, 0x4A4A4A4A, 0x2B3E3F4A, 0x36373826,
    0x2B3C4A4A, 0x3637382D, 0x4A4A4A4A, 0x4A4A4A4A, 0x4A4A4A4A, 0x4A4A4A4A, 0x4A4A4A4A, 0x4A4A4A4A,
    0x364A4A4A, 0x50505037, 0x35354A4A, 0x50505036, 0x3535354A, 0x5050504A, 0x34353535, 0x50505034,
    0x344A3535, 0x5050503C, 0x4A4A4A4A, 0x5050504A, 0x5050504A, 0x4A4A4A50, 0x5050504A, 0x4A4A4A50,
    0x50505050, 0x54545450, 0x50505050, 0x50505050, 0x50505050, 0x50505050, 0x34505050, 0x50505034,
    0x34505050, 0x5050503C, 0x50505050, 0x50505050, 0x5050504A, 0x50505050, 0x4A4A4A4A, 0x4A4A4A4A,
    0x54545454, 0x66545454, 0x54545454, 0x66545454, 0x50505050, 0x66545450, 0x34505050, 0x66505034,
    0x34505050, 0x6650503C, 0x50505050, 0x66505050, 0x4A505050, 0x66504A4A, 0x4A4A4A4A, 0x664A4A4A,
    0x42424226, 0x42424242, 0x38373726, 0x3A383837, 0x38373726, 0x3A383837, 0x38383726, 0x38383837,
    0x48383726, 0x3838383D, 0x3D383726, 0x3A38382B, 0x38383726, 0x3A3A3837, 0x38383826, 0x3A3A3837,
    0x42424242, 0x42424242, 0x37373738, 0x38373737, 0x37373738, 0x38383737, 0x37373838, 0x38383737,
    0x3737383A, 0x38383737, 0x3737383A, 0x38383737, 0x3838383A, 0x38383837, 0x38383A3A, 0x38383838,
    0x42424242, 0x42424242, 0x3D3D3A3A, 0x3A3A3A3D, 0x3D3B3A38, 0x3A3A3A3D, 0x3D3A3838, 0x3A3A3A3B,
    0x3B3A3838, 0x3A383A3A, 0x3A3A3838, 0x3838383A, 0x3A383838, 0x38383838, 0x38383838, 0x38373738,
    0x42424242, 0x42424242, 0x38383A3A, 0x38383737, 0x37383A3A, 0x38383737, 0x37383A3A, 0x38383837,
    0x37383A3A, 0x38383837, 0x37383A3A, 0x38383837, 0x37383838, 0x38383737, 0x37383838, 0x38373737,
    0x42424242, 0x30424242, 0x38383838, 0x30383838, 0x38383838, 0x30383838, 0x38383838, 0x30373838,
    0x48383838, 0x3037373D, 0x3D383838, 0x3037372B, 0x383A3838, 0x30373738, 0x383A3A38, 0x30373738,
    0x38383842, 0x3A3A3A3A, 0x383A3842, 0x3A3A3A3A, 0x3A3A3842, 0x3A3A3A3A, 0x3A3A3A42, 0x3A383A3B,
    0x3A3A3A42, 0x3A383A3B, 0x3A3A3842, 0x3A383A3A, 0x383A3842, 0x3A383A3A, 0x38383842, 0x3A383A3A,
    0x3A3A3A3A, 0x38383B3A, 0x3A3A3A3B, 0x38383B3A, 0x3A3A3A3A, 0x38383A3A, 0x3A3A3A3A, 0x38383A3A,
    0x3A3A3A3A, 0x383A3A3A, 0x3A3A3A3A, 0x383A3A3A, 0x3A3A3A3A, 0x383A3A3A, 0x3A3A3A3A, 0x38383A3A,
    0x38383838, 0x38383738, 0x38383838, 0x3A383738, 0x38383838, 0x38383738, 0x37383737, 0x38383837,
    0x37383837, 0x38383837, 0x37383837, 0x38383837, 0x38383838, 0x38383838, 0x383A3838, 0x38383838,
    0x38383A3A, 0x3A3A3A38, 0x38383A3A, 0x3A3A3A38, 0x38383A3A, 0x3A3A3A38, 0x38383A3A, 0x3A3A3A38,
    0x38383838, 0x3A3A3A37, 0x38383838, 0x383A3A38, 0x38383838, 0x3A3A3A38, 0x38383838, 0x3A3A3A38,
    0x3738383A, 0x263A3837, 0x3738383A, 0x263A3837, 0x3738383A, 0x263A3837, 0x37373838, 0x263A3837,
    0x37373838, 0x263A3837, 0x37373838, 0x263A3837, 0x37373838, 0x26383837, 0x38383838, 0x26383837,
    0x4F4F4F66, 0x4F4F4F4F, 0x4F4F4F66, 0x4F4F4F4F, 0x4F4F4F66, 0x4F4F4F4F, 0x344F4F66, 0x4F4F4F34,
    0x344F4F66, 0x4F4F4F3C, 0x4F4F4F66, 0x4F4F4F4F, 0x4F4F4F66, 0x4F4F4F4F, 0x4F4F4F66, 0x4F4F4F4F,
    0x4F4F4F4F, 0x4F4F4F4F, 0x4F4F4F4F, 0x4F4F4F4F, 0x4F4F4F4F, 0x4F4F4F4F, 0x344F4F4F, 0x4F4F4F34,
    0x344F4F4F, 0x4F4F4F3C, 0x4F4F4F4F, 0x4F4F4F4F, 0x4F4F4F4F, 0x4F4F4F4F, 0x4F4F4F4F, 0x4F4F4F4F,
    0x4F4F4F4F, 0x4F4F4F4F, 0x4F4F4F4F, 0x4F4F4F4F, 0x4F4F4F4F, 0x4F4F4F4F, 0x344F4F4F, 0x4F4F4F34,
    0x344F4F4F, 0x4F4F4F39, 0x4F4F4F4F, 0x4F4F4F4F, 0x4F4F4F4F, 0x4F4F4F4F, 0x4F4F4F4F, 0x4F4F4F4F,
    0x4F4F4F4F, 0x4F4F4F4F, 0x4F4F4F4F, 0x4F4F4F4F, 0x4F4F4F4F, 0x4F4F4F4F, 0x344F4F4F, 0x4F4F4F34,
    0x344F4F4F, 0x4F4F4F38, 0x4F4F4F4F, 0x4F4F4F4F, 0x4F4F4F4F, 0x4F4F4F4F, 0x4F4F4F4F, 0x4F4F4F4F,
    0x4F4F4F4F, 0x4F4F4F4F, 0x4F4F4F4F, 0x4F4F4F4F, 0x4F4F4F4F, 0x4E4F4F4F, 0x344F4F4F, 0x4E4E4F34,
    0x344F4F4F, 0x4E4E4E3C, 0x4F4F4F4F, 0x4F4E4E4F, 0x4F4F4F4F, 0x4F4D494F, 0x4F4F4F4F, 0x4F49494F,
    0x4F4F4F4F, 0x4F4F4F4F, 0x4E4E4E4E, 0x4649494C, 0x4E4E4E4E, 0x4647494D, 0x344F4F4F, 0x454F4F34,
    0x344F4F4F, 0x4F4F4F3C, 0x4F4F4F4F, 0x4F4F4F4F, 0x4F4F4F4F, 0x4F4F4F4F, 0x4F4F4F4F, 0x4F4F4F4F,
    0x4A4A4A4F, 0x4F4F4F4F, 0x4A4A4A4A, 0x4F4F4F4F, 0x4A4A4A45, 0x4F4F4F4F, 0x344A4144, 0x4F4F4F34,
    0x343F4141, 0x4F4F4F3C, 0x4F403F4F, 0x4F4F4F4F, 0x4F3C3C4F, 0x4F4F4F4F, 0x4F3C3C4F, 0x4F4F4F4F,
    0x4F4F4F4F, 0x4F4F4F4F, 0x4F4F4F4F, 0x4F4F4F4F, 0x4F4F4F4F, 0x4F4F4F4F, 0x344F4F4F, 0x4F4F4F34,
    0x344F4F4F, 0x4F4F4F3C, 0x4F4F4F4F, 0x4F4F4F4F, 0x4F4F4F4F, 0x4F4F4F4F, 0x4F4F4F4F, 0x4F4F4F4F,
    0x4A4A4A4A, 0x5050504A, 0x4A4A4A4A, 0x50504A4A, 0x4A4A4A4A, 0x504A4A4A, 0x344A4A4A, 0x4A4A4A34,
    0x344A4A4F, 0x4A4A4A3C, 0x4A4A4F4F, 0x4A4A4A4A, 0x4F4F4F4F, 0x4A4F4F4F, 0x4F4F4F4F, 0x4F4F4F4F,
    0x50505050, 0x50505050, 0x50505050, 0x4F4F4F4F, 0x4F505050, 0x4F4F4F4F, 0x344F504A, 0x50505034,
    0x344F4F4A, 0x5050503C, 0x4A4E4E4A, 0x5050504A, 0x4A4E4E4A, 0x4A4A4A4A, 0x4A49494F, 0x4A4A4A4A,
    0x50505050, 0x4A4A5050, 0x47494D4E, 0x4A4A4A50, 0x4649494E, 0x4A4A4A45, 0x2D505050, 0x4A4A412D,
    0x34505050, 0x4A3F4134, 0x4A4A4A50, 0x4A403F4A, 0x4A4A4A4A, 0x4F3C3E4A, 0x4A4A4A4A, 0x4F3C3C4A,
    0x4A4A4A4A, 0x4A4A4A4A, 0x4A4A4A4A, 0x4F4F4A4A, 0x4A4A4A4A, 0x4F4F4F4F, 0x344A4A4A, 0x4F4F4F34,
    0x344F4F4A, 0x4F4F4F3C, 0x4F4F4F4F, 0x4F4F4F4F, 0x4F4F4F4F, 0x4F4F4F4F, 0x4F4F4F4F, 0x4F4F4F4F,
    0x4F4F4F4F, 0x4F4F4F4F, 0x4F4F4F4F, 0x4F4F4F4F, 0x4F4F4F4F, 0x4F4F4F4F, 0x344F4F4F, 0x4F4F4F34,
    0x344F4F4F, 0x4F4F4F3C, 0x4F4F4F4F, 0x4F4F4F4F, 0x4F4F4F4F, 0x4F4F4F4F, 0x4F4F4F4F, 0x4F4F4F4F,
    0x4F4F4F4F, 0x4F4F4F4F, 0x4F4F4F4F, 0x4F4F4F4F, 0x4F4F4F4F, 0x4F4F4F4F, 0x344F4F4F, 0x4F4E4F34,
    0x344F4F4F, 0x4E4E4E3C, 0x4F4F4F4F, 0x4F4E4E4F, 0x4F4F4F4F, 0x4F4D494F, 0x4F4F4F4F, 0x4F49494F,
    0x4F4F4F4F, 0x4F4F4F4F, 0x4E4E4E4F, 0x4647494C, 0x4E4E4F4F, 0x4647494C, 0x344F4F4F, 0x454F4F34,
    0x344F4F4F, 0x4F4F4F3C, 0x4F4F4F4F, 0x4F4F4F4F, 0x4F4F4F4F, 0x4F4F4F4F, 0x4F4F4F4F, 0x4F4F4F4F,
    0x4F4F4F4F, 0x4A4A4F4F, 0x4F4F4F4F, 0x4F4F4F4F, 0x4F4F4F44, 0x4F4F4F4F, 0x344F4143, 0x4F4F4F34,
    0x343F3F41, 0x4F4F4F3C, 0x4F3E404F, 0x4F4F4F4F, 0x4F3C3C4F, 0x4F4F4F4F, 0x4F38384F, 0x4F4F4F4F,
    0x4A4A4A4A, 0x4A4A4A4A, 0x4A4A4A4A, 0x4A4A4A4A, 0x4A4A4F4F, 0x4A4A4A4A, 0x344F4F4F, 0x4A4A4A34,
    0x344F4F4F, 0x4A4A4A3C, 0x4F4F4F4F, 0x4A4A4F4F, 0x4F4F4F4F, 0x4A4F4F4F, 0x4F4F4F4F, 0x4F4F4F4F,
    0x5050504A, 0x4A4A4A50, 0x50504A4A, 0x4A4A4A4A, 0x4A4A4A4A, 0x4A4A4A4A, 0x344A4A4A, 0x4A4A4A34,
    0x344A4A4A, 0x4A4A4A3C, 0x4A4A4A4A, 0x4A4A4A4A, 0x4A4A4A4A, 0x4A4A4A4A, 0x4A4A4A4A, 0x4A4A4A4A,
    0x4A4A4A4A, 0x4A4A4A4A, 0x4A4A4A4A, 0x4A4A4A4A, 0x4A4A4A4A, 0x4A4A4A4A, 0x344A4A4A, 0x4A4A4A34,
    0x344A4A4A, 0x4A4A4A3C, 0x4A4A4A4A, 0x4A4A4A4A, 0x4A4A4A4A, 0x4F4A4A4A, 0x4F4F4A4A, 0x4F4F4F4F,
    0x4A4A4A4A, 0x664A4A4A, 0x4A4A4A4A, 0x664A4A4A, 0x4A4A4A4A, 0x664A4A4A, 0x344A4A4A, 0x664A4A34,
    0x344F4A4A, 0x664F4F3C, 0x4F4F4F4A, 0x664F4F4F, 0x4F4F4F4F, 0x664F4F4F, 0x4F4F4F4F, 0x664F4F4F,
    0x38383826, 0x3B3A3837, 0x38383826, 0x3B3A3837, 0x38383826, 0x3A3A3837, 0x38383826, 0x3A3A3837,
    0x38383826, 0x3A383837, 0x38383826, 0x38383838, 0x38383826, 0x38383838, 0x38383826, 0x3A383838,
    0x38383A3A, 0x38383838, 0x383A3A3B, 0x38383838, 0x383A3A3B, 0x38383838, 0x38383A3D, 0x38373838,
    0x38383A3B, 0x37373838, 0x38383A3B, 0x37373838, 0x38383A3A, 0x37373838, 0x3838383A, 0x38383838,
    0x38383838, 0x37373737, 0x38373738, 0x37373737, 0x38373738, 0x37373737, 0x38373738, 0x37373737,
    0x38373738, 0x37373737, 0x38373737, 0x37373737, 0x38383738, 0x38373737, 0x38383738, 0x38373737,
    0x37383838, 0x37373737, 0x37383838, 0x37373737, 0x37383838, 0x37373737, 0x37383838, 0x37373737,
    0x37383838, 0x37373837, 0x38383838, 0x37373837, 0x38383838, 0x37373838, 0x38383838, 0x37373838,
    0x383A3A38, 0x30373738, 0x383A3A38, 0x30383738, 0x383A3A38, 0x30383738, 0x383A3A38, 0x30383738,
    0x383A3838, 0x30383738, 0x383A3838, 0x30383737, 0x38383838, 0x30373737, 0x38383838, 0x30373738,
    0x38373742, 0x3A3A3A38, 0x37373742, 0x3A3A3A38, 0x37373742, 0x3A3A3838, 0x37373742, 0x3A3A3838,
    0x37373742, 0x3A383837, 0x37373742, 0x38383837, 0x37383842, 0x38383837, 0x37383842, 0x38383837,
    0x3A3A3A3A, 0x38383838, 0x3A3A3A3A, 0x38383838, 0x3A3A3A3A, 0x38383838, 0x3A3A3A3A, 0x38383838,
    0x3A3A3A3A, 0x3838383A, 0x3A3A3838, 0x3838383A, 0x3A3A3838, 0x3838383A, 0x3A3A3838, 0x3738383A,
    0x383A3838, 0x38383838, 0x383A3A38, 0x38383A38, 0x3A3A3A38, 0x38383A3A, 0x3A3A3A38, 0x38383A3A,
    0x3A3A3A38, 0x38383A3A, 0x3B3A3A38, 0x3838383A, 0x3D3A3A38, 0x3838383A, 0x3B3A3A38, 0x38383838,
    0x38383837, 0x3A3B3A38, 0x3A383837, 0x3A3B3A3A, 0x3A383837, 0x3A3B3A3A, 0x3A3A3837, 0x3A3B3A3A,
    0x3A3A3838, 0x3A3A3A3A, 0x3A3A3838, 0x3A3A3A38, 0x3A3A3838, 0x383A3A38, 0x3A3A3838, 0x38383838,
    0x3838383A, 0x26383738, 0x3838383A, 0x26383738, 0x38383A3A, 0x26383738, 0x38383A3A, 0x26383738,
    0x3838383A, 0x26383838, 0x38383838, 0x26383838, 0x38383838, 0x26383838, 0x3A383838, 0x26383A3A,
    0x4F4F4F66, 0x4F4F4F4F, 0x4F4F4F66, 0x4F4F4F4F, 0x4F4F4F66, 0x4F4F4F4F, 0x344F4F66, 0x4F4F4F34,
    0x344F4F66, 0x4F4F4F39, 0x4F4F4F66, 0x4F4F4F4F, 0x4F4F4F66, 0x4F4F4F4F, 0x4F4F4F66, 0x4F4F4F4F,
    0x4F4F4F4F, 0x4F4F4F4F, 0x4F4F4F4F, 0x4F4F4F4F, 0x4F4F4F4F, 0x4F4F4F4F, 0x344F4F4F, 0x4F4F4F34,
    0x344F4F4F, 0x4F4F4F38, 0x4F4F4F4F, 0x4F4F4F4F, 0x4F4F4F4F, 0x4E4F4F4F, 0x4F4F4F4F, 0x4E4E4F4F,
    0x4F4F4F4F, 0x4F4F4F4F, 0x4F4F4F4F, 0x4F4F4F4F, 0x4E4E4F4F, 0x4E4E4E4E, 0x344E4E4F, 0x4E4E4E34,
    0x344E4E4E, 0x4E4E4E38, 0x4E4E4E4E, 0x4E4E4E4E, 0x4E4E4E4E, 0x4E4E4E4E, 0x4E4E4E4E, 0x4E4E4E4E,
    0x4F4F4F4F, 0x4F4F4F4F, 0x4F4F4F4F, 0x4F4F4F4F, 0x4F4F4F4E, 0x4F4F4F4F, 0x344F4E4E, 0x4F4F4F34,
    0x344E4E4E, 0x4F4F4F38, 0x4E4E4E4E, 0x4F4F4E4E, 0x4E4E4E4E, 0x4F4E4E4E, 0x4E4E4E4E, 0x4E4E4E4E,
    0x4F4F4F4F, 0x4F47474F, 0x4F4F4F4F, 0x4F46464F, 0x4F4F4F4F, 0x4F44444F, 0x344F4F4F, 0x41414134,
    0x344F4F4F, 0x3F414F38, 0x4F4F4F4F, 0x404F4F4F, 0x4F4F4F4F, 0x4F4F4F4F, 0x4F4F4F4F, 0x4F4F4F4F,
    0x4F4F4F4F, 0x4F4F4F4F, 0x4F4F4F4F, 0x4F4F4F4F, 0x4F4F4F4F, 0x4F4F4F4F, 0x344F4F4F, 0x4F4F4F34,
    0x344F4F40, 0x344F4F3C, 0x38383C3C, 0x34343536, 0x3738383C, 0x34343536, 0x4F4F4F4F, 0x4F4F4F4F,
    0x4F38384F, 0x4F4F4F4F, 0x4F37374F, 0x4F4F4F4F, 0x4F36364F, 0x4F4F4F4F, 0x34353535, 0x4F4F4F34,
    0x344F3434, 0x4F4F4F3C, 0x4F4F4F34, 0x4F4F4F4F, 0x4F4F4F4F, 0x4F4F4F4F, 0x4F4F4F4F, 0x4F4F4F4F,
    0x4A4A4A4F, 0x4F4F4F4F, 0x4A4A4A4F, 0x4F4F4F4A, 0x4A4A4F4F, 0x4F4F4F4F, 0x344F4F4F, 0x4F4F4F34,
    0x344F4F4F, 0x4F4F4F3C, 0x4F4F4F4F, 0x4F4F4F4F, 0x4F4F4F4F, 0x4F4F4F4F, 0x4F4F4F4F, 0x4F4F4F4F,
    0x4F4F4F4F, 0x4F4F4F4F, 0x4F4F4F4F, 0x4F4F4F4F, 0x4F4F4F4F, 0x4F4F4F4F, 0x344F4F4F, 0x4F4F4F34,
    0x344F4F4F, 0x4F4F4F3C, 0x4F4F4F4F, 0x4F4F4F4F, 0x4F4F4F4F, 0x4F4F4F4F, 0x4F4F4F4F, 0x4F4F4F4F,
    0x4A49494F, 0x4A4A4A4A, 0x4F46464F, 0x4A4A4A4A, 0x4F45454F, 0x4A4A4F4F, 0x2C41444F, 0x4F4F4F34,
    0x2B414F4F, 0x4F4F4F32, 0x404F4F4F, 0x38383C3C, 0x4F4F4F4F, 0x3838393C, 0x4F4F4F4F, 0x4F4F4F4F,
    0x4A4A4A4A, 0x4F38384A, 0x4A4A4A4A, 0x4F37374F, 0x4F4F4A4A, 0x4F36364F, 0x344F4F4F, 0x4F353524,
    0x244F4F4F, 0x4F4F342B, 0x34353536, 0x4F4F4F34, 0x34353536, 0x4F4F4F4F, 0x4F4F4F4F, 0x4F4F4F4F,
    0x4F4F4F4F, 0x4F4F4F4F, 0x4F4F4F4F, 0x4F4F4F4F, 0x4F4F4F4F, 0x4F4F4F4F, 0x344F4F4F, 0x4F4F4F34,
    0x344F4F4F, 0x4F4F4F3C, 0x4F4F4F4F, 0x4F4F4F4F, 0x4F4F4F4F, 0x4F4F4F4F, 0x4F4F4F4F, 0x4F4F4F4F,
    0x4F4F4F4F, 0x4F4F4F4F, 0x4F4F4F4F, 0x4F4F4F4F, 0x4F4F4F4F, 0x4F4F4F4F, 0x344F4F4F, 0x4F4F4F34,
    0x344F4F4F, 0x4F4F4F38, 0x4F4F4F4F, 0x4F4F4F4F, 0x4F4F4F4F, 0x4F4F4F4F, 0x4F4F4F4F, 0x4F4F4F4F,
    0x4F4F4F4F, 0x4F47474F, 0x4F4F4F4F, 0x4F46464F, 0x4F4F4F4F, 0x4F44444F, 0x344F4F4F, 0x41414134,
    0x344F4F4F, 0x3F3F4F38, 0x4F4F4F4F, 0x3E4F4F4F, 0x4F4F4F4F, 0x4F4F4F4F, 0x4F4F4F4F, 0x4E4F4F4F,
    0x4F4F4F4F, 0x4F4F4F4F, 0x4F4F4F4F, 0x4F4F4F4F, 0x4F4F4F4F, 0x4F4F4F4F, 0x344F4F4F, 0x4E4E4E34,
    0x344F4F3E, 0x344E4E38, 0x3738393C, 0x34343435, 0x3638383C, 0x34343435, 0x4E4E4E4E, 0x4E4E4E4E,
    0x4F38384F, 0x4F4F4F4F, 0x4F36364F, 0x4F4F4F4F, 0x4F35354F, 0x4F4F4F4F, 0x34343434, 0x4F4F4F34,
    0x344E3434, 0x4F4F4F38, 0x4E4E4E34, 0x4F4F4E4E, 0x4E4E4E4E, 0x4F4F4E4E, 0x4E4E4E4E, 0x4F4E4E4E,
    0x4F4F4F4F, 0x4F4F4F4F, 0x4F4F4F4F, 0x4F4F4F4F, 0x4F4F4F4F, 0x4F4F4F4F, 0x344F4F4F, 0x4F4F4F34,
    0x344F4F4F, 0x4F4F4F3C, 0x4F4F4F4F, 0x4F4F4F4F, 0x4F4F4F4F, 0x4F4F4F4F, 0x4F4F4F4F, 0x4F4F4F4F,
    0x4A4A4F4F, 0x4F4F4A4A, 0x4F4F4F4F, 0x4F4F4F4F, 0x4F4F4F4F, 0x4F4F4F4F, 0x344F4F4F, 0x4F4F4F34,
    0x344F4F4F, 0x4F4F4F3C, 0x4F4F4F4F, 0x4F4F4F4F, 0x4F4F4F4F, 0x4F4F4F4F, 0x4F4F4F4F, 0x4F4F4F4F,
    0x4F4F4F4F, 0x4F4F4F4F, 0x4F4F4F4F, 0x4F4F4F4F, 0x4F4F4F4F, 0x4F4F4F4F, 0x344F4F4F, 0x4F4F4F34,
    0x344F4F4F, 0x4F4F4F3C, 0x4F4F4F4F, 0x4F4F4F4F, 0x4F4F4F4F, 0x4F4F4F4F, 0x4F4F4F4F, 0x4F4F4F4F,
    0x4F4F4F4F, 0x664F4F4F, 0x4F4F4F4F, 0x664F4F4F, 0x4F4F4F4F, 0x664F4F4F, 0x344F4F4F, 0x664F4F34,
    0x344F4F4F, 0x664F4F3C, 0x4F4F4F4F, 0x664F4F4F, 0x4F4F4F4F, 0x664F4F4F, 0x4F4F4F4F, 0x664F4F4F,
    0x38383826, 0x3A383838, 0x38383826, 0x3A383838, 0x38383826, 0x3A383838, 0x38383826, 0x3A3A3A3A,
    0x38383826, 0x3A3A3A3A, 0x3A383826, 0x3A3A3A3A, 0x3A383826, 0x383A3A3A, 0x3A383A26, 0x3A3A3A3A,
    0x3837383A, 0x38383838, 0x38373838, 0x3A383838, 0x38373838, 0x3A383838, 0x38373838, 0x38383838,
    0x3837383A, 0x38383738, 0x3837383A, 0x38383738, 0x3837383A, 0x38383738, 0x3837383A, 0x38383738,
    0x38383738, 0x38373737, 0x3838373A, 0x38373737, 0x3838373A, 0x38373737, 0x38383838, 0x38373738,
    0x3A383838, 0x38373738, 0x3A3A3838, 0x38373738, 0x3A3A3838, 0x38373838, 0x3A3A3838, 0x3838383A,
    0x38383838, 0x38383838, 0x383A3838, 0x38383738, 0x383A3838, 0x38383838, 0x383A3838, 0x38383838,
    0x383A3838, 0x38383838, 0x383A3838, 0x38383838, 0x38383838, 0x38383838, 0x38383838, 0x38383838,
    0x38383837, 0x30373738, 0x38383837, 0x30373738, 0x38383837, 0x30373738, 0x38383837, 0x30373738,
    0x38383838, 0x30373738, 0x38383838, 0x30373738, 0x38383838, 0x30373838, 0x383A3A38, 0x30383838,
    0x38383742, 0x38383838, 0x38383742, 0x38383838, 0x3A383742, 0x38383838, 0x3A383742, 0x3838383A,
    0x3A383742, 0x3838383A, 0x38383742, 0x3838383A, 0x38383842, 0x38383838, 0x38383842, 0x3A383838,
    0x3A383838, 0x3738383A, 0x38383738, 0x3738383A, 0x38383738, 0x37383A38, 0x38383737, 0x37373838,
    0x38383737, 0x3737383A, 0x38383738, 0x3737383A, 0x38383738, 0x3737383A, 0x38383738, 0x3838383A,
    0x3A3B3A38, 0x38383738, 0x3A3D3A37, 0x3A383738, 0x3A3D3A37, 0x3A383737, 0x383D3A37, 0x3A383737,
    0x383D3A37, 0x38383737, 0x383B3A37, 0x38383737, 0x383B3A38, 0x38383738, 0x383B3A38, 0x38383838,
    0x3A383838, 0x38383838, 0x3838383A, 0x38383838, 0x3838383A, 0x37383838, 0x3838383A, 0x37383838,
    0x3838383A, 0x37383837, 0x38383838, 0x37383837, 0x37373838, 0x38383837, 0x37373838, 0x38383837,
    0x3A383838, 0x263A3A3A, 0x3A3A3838, 0x263A3A3B, 0x3D3A3838, 0x263A3A3D, 0x3D3A3838, 0x263A3B3D,
    0x3D3A3838, 0x263A3B3D, 0x3B3A3838, 0x263A3B3D, 0x3A383838, 0x263A3B3D, 0x3A383838, 0x263A3B3B,
    0x4E4E4E66, 0x4F4F4F4F, 0x4E4E4E66, 0x4E4E4E4E, 0x4E4E4E66, 0x4E4E4E4E, 0x334E4E66, 0x4E4E4E33,
    0x334E4E66, 0x4E4E4E38, 0x4E4E4E66, 0x4E4E4E4E, 0x4E4E4E66, 0x4E4E4E4E, 0x4E4E4E66, 0x4E4E4E4E,
    0x4F4F4F4F, 0x4E4E4E4E, 0x4E4E4E4E, 0x4E4E4E4E, 0x4E4E4E4E, 0x4E4E4E4E, 0x344E4E4E, 0x4E4E4E34,
    0x344E4E4E, 0x4E4E4E38, 0x4E4E4E4E, 0x4E4E4E4E, 0x4E4E4E4E, 0x4E4E4E4E, 0x4E4E4E4E, 0x4E4E4E4E,
    0x4E4E4E4E, 0x4E4E4E4E, 0x4E4E4E4E, 0x4E4E4E4E, 0x4E4E4E4E, 0x4E4E4E4E, 0x334E4E4E, 0x4D4E4E33,
    0x334E4E4E, 0x4E4E4E38, 0x4E4E4E4E, 0x4E4E4E4D, 0x494E4E4E, 0x4E4E4D4C, 0x494E4E4E, 0x4E4E4E49,
    0x4E4E4E4E, 0x4E4E4E4E, 0x4E4E4E4E, 0x4E4E4E4E, 0x4E4E4E4E, 0x4E4E4E4E, 0x31494949, 0x4E4E452D,
    0x3149494D, 0x4E414435, 0x4E4E4E4E, 0x4141444E, 0x4E4E4E4E, 0x3F414E4E, 0x4E4E4E4E, 0x3C4E4E4E,
    0x4F4F4F4E, 0x4F4F4F4F, 0x4F4F4F4E, 0x4F4F4F4F, 0x4F4F4E4E, 0x4F4F4F4F, 0x344F4E4E, 0x4F4F4F34,
    0x344E4E4E, 0x4F4F4F38, 0x4F4E4E4E, 0x4F4F4F4F, 0x4E4E4E40, 0x4F4F4F4F, 0x4E4E4E3C, 0x4F4F4F4F,
    0x4F4F4F4F, 0x4F4F4F4F, 0x4F4F4F4F, 0x4F4F4F4F, 0x4F4F4F4F, 0x4F4F4F4F, 0x344F4F4F, 0x4F4F4F34,
    0x344F4F4F, 0x4F4F4F39, 0x4F4F4F4F, 0x4F4F4F4F, 0x4F4F4F4F, 0x4F4F4F4F, 0x4F4F4F4F, 0x4F4F4F4F,
    0x4F4F4F4F, 0x4F4F4F4F, 0x4F4F4F4F, 0x4F4F4F4F, 0x4F4F4F4F, 0x4F4F4F4F, 0x344F4F4F, 0x4F4F4F34,
    0x344F4F4F, 0x4F4F4F3C, 0x4F4F4F4F, 0x4F4F4F4F, 0x4F4F4F4F, 0x4E4F4F4F, 0x4F4F4F4F, 0x4D4F4F4F,
    0x4F4F4F4F, 0x4F4F4F4F, 0x4F4F4F4F, 0x4F4F4F4F, 0x4F4F4F4F, 0x4F4F4F4F, 0x344E4F4F, 0x49494E33,
    0x344E4E4F, 0x49494E38, 0x4F4E4E4E, 0x4F4F4F4F, 0x4F4F4E4E, 0x4F4F4F4F, 0x4F4F4F4E, 0x4F4F4F4F,
    0x4F4F4F4F, 0x4F4F4F4F, 0x4F4F4F4F, 0x4F4F4F4F, 0x4F4F4F4F, 0x4F4F4F4F, 0x344F4647, 0x4F4F4F34,
    0x34444546, 0x4F4F4F38, 0x4141444F, 0x4E4E4F4F, 0x3F414F4F, 0x4E4E4E40, 0x3E4E4E4F, 0x4E4E4E3C,
    0x4F4F4F4F, 0x4F4F4F4F, 0x4F4F4F4F, 0x4F4F4F4F, 0x4F4F4F4F, 0x4F4F4F4F, 0x344F4F4F, 0x4F4F4F34,
    0x344F4F4F, 0x4F4F4F38, 0x4E4E4E4E, 0x4E4E4E4E, 0x4E4E4E4E, 0x4E4E4E4E, 0x4E4E4E4E, 0x4E4E4E4E,
    0x4F4F4F4F, 0x4F4F4F4F, 0x4F4F4F4F, 0x4F4F4F4F, 0x4F4F4F4F, 0x4F4F4F4F, 0x344F4F4F, 0x4F4F4F34,
    0x344F4F4F, 0x4F4F4F38, 0x4F4F4F4F, 0x4F4F4F4F, 0x4E4E4E4E, 0x4F4F4F4F, 0x4E4E4E4E, 0x4E4E4E4E,
    0x4F4F4F4F, 0x4F4F4F4F, 0x4F4F4F4F, 0x4F4F4F4F, 0x4F4F4F4F, 0x4E4F4F4F, 0x344F4F4F, 0x4E4E4F34,
    0x344F4F4F, 0x4E4E4E38, 0x4F4F4F4F, 0x4E4E4E4E, 0x4D4F4F4F, 0x4E4E4E4E, 0x494E4E4E, 0x4E4E4E4D,
    0x4E4E4E4F, 0x4F4F4E4E, 0x4E4E4E4E, 0x4E4E4E4E, 0x4E4E4E4E, 0x4E4E4E4E, 0x3149494D, 0x4E4E452D,
    0x3149494E, 0x4E434535, 0x4E4E4E4E, 0x4141444E, 0x4E4E4E4E, 0x3F414E4E, 0x4E4E4E4E, 0x3E4E4E4E,
    0x4F4F4F4F, 0x4E4E4F4F, 0x4F4F4F4F, 0x4E4E4E4F, 0x4E4E4E4E, 0x4E4E4E4E, 0x344E4E4E, 0x4E4E4E34,
    0x344E4E4E, 0x4E4E4E38, 0x4E4E4E4E, 0x4E4E4E4E, 0x4E4E4E40, 0x4E4E4E4E, 0x4E4E4E3C, 0x4E4E4E4E,
    0x4E4E4E4E, 0x4E4E4E4E, 0x4E4E4E4E, 0x4E4E4E4E, 0x4E4E4E4E, 0x4E4E4E4E, 0x334E4E4E, 0x4E4E4E33,
    0x334E4E4E, 0x4E4E4E38, 0x4E4E4E4E, 0x4E4E4E4E, 0x4E4E4E4E, 0x4E4E4E4E, 0x4E4E4E4E, 0x4E4E4E4E,
    0x4E4E4E4E, 0x4F4E4E4E, 0x4E4E4E4E, 0x4F4E4E4E, 0x4E4E4E4E, 0x4F4E4E4E, 0x334E4E4E, 0x4F4E4E34,
    0x334E4E4E, 0x4E4E4E38, 0x4E4E4E4E, 0x4E4E4E4E, 0x4E4E4E4E, 0x4D4E4E4E, 0x4E4E4E4E, 0x494E4E4E,
    0x4F4F4F4F, 0x4F4F4F4F, 0x4F4F4F4F, 0x4F4F4F4F, 0x4F4F4F4F, 0x4F4F4F4F, 0x334E4F4F, 0x49494D32,
    0x334E4E4F, 0x49494D38, 0x4F4E4E4E, 0x4F4F4F4F, 0x4F4F4E4E, 0x4F4F4F4F, 0x4F4E4E4C, 0x4F4F4F4F,
    0x4F4F4F4F, 0x4F4F4F4F, 0x4F4F4F4F, 0x4F4F4F4F, 0x4F4F4F4F, 0x4F4F4F4F, 0x344F4647, 0x4F4F4F34,
    0x34444546, 0x4F4F4F39, 0x4141444F, 0x4F4F4F4F, 0x3F414F4F, 0x4F4F4F3F, 0x404F4F4F, 0x4F4F4F3C,
    0x4F4F4F4F, 0x4F4F4F4F, 0x4F4F4F4F, 0x4F4F4F4F, 0x4F4F4F4F, 0x4F4F4F4F, 0x344F4F4F, 0x4F4F4F34,
    0x344F4F4F, 0x4F4F4F3C, 0x4F4F4F4F, 0x4F4F4F4F, 0x4F4F4F4F, 0x4F4F4F4F, 0x4F4F4F4F, 0x4F4F4F4F,
    0x4F4F4F4F, 0x664F4F4F, 0x4F4F4F4F, 0x664F4F4F, 0x4F4F4F4F, 0x664F4F4F, 0x344F4F4F, 0x664F4F34,
    0x344F4F4F, 0x664E4E38, 0x4E4E4F4F, 0x664E4E4E, 0x4E4E4E4F, 0x664E4E4E, 0x4E4E4E4F, 0x664E4E4E,
    0x38383A26, 0x3A3A3A3A, 0x383A3B26, 0x3A3A383A, 0x383A3D26, 0x3B3A383A, 0x383A3D26, 0x3B3A3838,
    0x383A3D26, 0x3B3A3838, 0x383A3D26, 0x3A3A3838, 0x383A3B26, 0x3A3A3A3A, 0x383A3A26, 0x3B3A3A3A,
    0x3737383A, 0x38383838, 0x3737373A, 0x38383838, 0x37373738, 0x38383838, 0x37373738, 0x38383838,
    0x37373738, 0x38383838, 0x37373738, 0x38383838, 0x38373738, 0x38383838, 0x38383838, 0x38383A38,
    0x3A3A3838, 0x3838383A, 0x3A383838, 0x383A3A3A, 0x3A383838, 0x3A3B3B3A, 0x3A383838, 0x3A3D3B3A,
    0x3A383838, 0x3A3D3D3A, 0x38383838, 0x383D3D3A, 0x38383838, 0x383D3B3A, 0x38383838, 0x383B3A3A,
    0x38383738, 0x3A383838, 0x38373737, 0x3A3A3838, 0x38373737, 0x3A3A3838, 0x38373737, 0x3A3A3838,
    0x38373737, 0x3A3A3A38, 0x38373737, 0x3A3A3A38, 0x38373737, 0x38383A38, 0x38373737, 0x38383838,
    0x38383A38, 0x30383838, 0x38383A38, 0x30383838, 0x38383A38, 0x303A3838, 0x383A3A38, 0x303A3A38,
    0x38383A3A, 0x303A3A3A, 0x3A383A3A, 0x303A3A3A, 0x3A383A3A, 0x303A3A3A, 0x3A383A3A, 0x303A3A3A,
    0x38383842, 0x3A383A38, 0x38383742, 0x3A3A3A38, 0x38383742, 0x383A3A38, 0x38373742, 0x383D3A38,
    0x48373742, 0x3A3D3A3D, 0x3D373742, 0x383B3A2B, 0x38373742, 0x383A3A38, 0x30303030, 0x30303030,
    0x38383738, 0x3838383A, 0x3A383838, 0x3837383A, 0x3A383838, 0x3837383A, 0x3A3A3838, 0x3837383A,
    0x3A3A3838, 0x3837383A, 0x383A3838, 0x38383838, 0x383A3838, 0x38383838, 0x30303030, 0x30303030,
    0x3A3B3A38, 0x38383838, 0x3A3B3A38, 0x3838383A, 0x3B3D3A38, 0x38383A3A, 0x3D3D3B3A, 0x38383A3A,
    0x3D3D3B3A, 0x38383A3B, 0x3B3D3B3A, 0x38383A3A, 0x3A3B3A3A, 0x38383A3A, 0x30303030, 0x30303030,
    0x37373838, 0x38383737, 0x37373838, 0x38383737, 0x37373838, 0x38383737, 0x37373838, 0x38383737,
    0x37373838, 0x38383737, 0x37373838, 0x38373737, 0x37373838, 0x37373737, 0x30303030, 0x30303030,
    0x3A3A3838, 0x263A3A3B, 0x3A3A3A38, 0x263A3A3A, 0x3A3A3A38, 0x263A3A3A, 0x3A3A3A38, 0x263A3A3A,
    0x483A3A38, 0x263A3A3D, 0x3D3A3A38, 0x26383A2B, 0x3A3A3A38, 0x26383A3B, 0x30303030, 0x26303030,
    0x4E4E4E66, 0x4E4E4E4E, 0x4E4E4E66, 0x4E4E4E4E, 0x4E4E4E66, 0x4E4E4E4E, 0x324E4E66, 0x4E4E4E32,
    0x324E4E66, 0x4E4E4E38, 0x4E4E4E66, 0x4E4E4E4E, 0x4E4D4D66, 0x4E4E4E4E, 0x4D4D4D66, 0x4E4E4E4E,
    0x4E4E4E4E, 0x4E4E4E4E, 0x4E4E4E4E, 0x4E4E4E4E, 0x4E4E4E4E, 0x4E4E4E4E, 0x334E4E4E, 0x4E4E4E33,
    0x334E4E4E, 0x4E4E4E38, 0x4E4E4E4E, 0x4E4E4E4E, 0x4E4E4E4E, 0x4E4E4E4E, 0x4E4E4E4E, 0x4E4E4E4E,
    0x494E4E4E, 0x4E4E4E49, 0x474E4E4E, 0x4E4E4E47, 0x464E4E4E, 0x4E4E4E46, 0x2D4E4E4E, 0x4E4E4E2D,
    0x2C4E4E4E, 0x4E4E4E34, 0x414E4E4E, 0x4E4E3F3F, 0x4E4E4E4E, 0x4E3C3E40, 0x4E4E4E4E, 0x383C3C4E,
    0x4E4E4E4E, 0x3C4E4E4E, 0x4E4E4E4E, 0x384E4E4E, 0x4E4E4E4E, 0x384E4E4E, 0x334E4E4E, 0x364E4E33,
    0x334E4E4E, 0x354E4E38, 0x4E4E4E4E, 0x34344E4E, 0x4E4E4E4E, 0x3434344E, 0x34353638, 0x4E343434,
    0x4E4E4E3C, 0x4F4F4F4E, 0x4E4E4E38, 0x4F4E4E4E, 0x4E4E4E37, 0x4E4E4E4E, 0x344E4E36, 0x4E4E4E34,
    0x344E4E35, 0x4E4E4E38, 0x4E4E4E34, 0x4E4E4E4E, 0x4E4E4E4E, 0x4E4E4E4E, 0x4E4E4E4E, 0x4E4E4E4E,
    0x4F4F4F4F, 0x4F4F4F4F, 0x4F4F4F4F, 0x4F4F4F4F, 0x4E4E4E4E, 0x4F4F4F4F, 0x344E4E4E, 0x4E4E4E34,
    0x344E4E4E, 0x4E4E4E38, 0x4E4E4E4E, 0x4E4E4E4E, 0x4E4E4E4E, 0x4E4E4E4E, 0x4E4E4E4E, 0x4E4E4E4E,
    0x4F4F4F4F, 0x494F4F4F, 0x4F4F4F4F, 0x494F4F4F, 0x4F4F4F4F, 0x464F4F4F, 0x344E4E4E, 0x454E4E34,
    0x344E4E4E, 0x444E4E38, 0x4E4E4E4E, 0x414E4E4E, 0x4E4E4E4E, 0x4E4E4E4E, 0x4E4E4E4E, 0x4E4E4E4E,
    0x4F4F4F49, 0x4F4F4F4F, 0x4F4F4F49, 0x4E4F4F4F, 0x4F4F4F46, 0x4E4E4E4F, 0x344E4E45, 0x4E4E4E34,
    0x344E4E43, 0x4E4E4E38, 0x4E4E3F41, 0x4E4E4E4E, 0x4E3C403F, 0x4E4E4E4E, 0x383C3C4E, 0x34353738,
    0x3C4E4E4E, 0x4E4E4E3C, 0x384E4E4E, 0x4E4E4E38, 0x374E4E4E, 0x4E4E4E37, 0x244E4E4E, 0x4E4E4E24,
    0x244E4E4E, 0x4E4E4E2B, 0x34344E4E, 0x4E4E4E34, 0x3434344E, 0x4E4E4E4E, 0x4E343434, 0x4E4E4E4E,
    0x4E4E4E4E, 0x4E4E4E4E, 0x4E4E4E4E, 0x4E4E4E4E, 0x4E4E4E4E, 0x4E4E4E4E, 0x334E4E4E, 0x4E4E4E33,
    0x334E4E4E, 0x4E4E4E38, 0x4E4E4E4E, 0x4E4E4E4E, 0x4E4E4E4E, 0x4E4E4E4E, 0x4E4E4E4E, 0x4E4E4E4E,
    0x4E4E4E4E, 0x4E4E4E4E, 0x4E4E4E4E, 0x4E4E4E4E, 0x4E4E4E4E, 0x4E4E4E4E, 0x334E4E4E, 0x4E4E4E33,
    0x334E4E4E, 0x4E4E4E38, 0x4E4E4E4E, 0x4E4E4E4E, 0x4E4E4E4E, 0x4E4E4E4E, 0x4E4E4E4E, 0x4E4E4E4E,
    0x494E4E4E, 0x4E4E4E49, 0x474E4E4E, 0x4E4E4E49, 0x464E4E4E, 0x4E4E4E46, 0x2D4E4E4E, 0x4E4E4E2D,
    0x2D4E4E4E, 0x4E4E4E34, 0x414E4E4E, 0x4E4E3F41, 0x4E4E4E4E, 0x4E3C403F, 0x4E4E4E4E, 0x383C3C4E,
    0x4E4E4E4E, 0x3C4E4E4E, 0x4E4E4E4E, 0x384E4E4E, 0x4E4E4E4E, 0x384E4E4E, 0x344E4E4E, 0x364E4E34,
    0x344F4E4E, 0x354E4E38, 0x4F4F4F4E, 0x34344E4E, 0x4F4F4E4E, 0x3434344E, 0x34353738, 0x4E343434,
    0x4E4E4E3C, 0x4E4E4E4E, 0x4E4E4E38, 0x4E4E4E4E, 0x4E4E4E38, 0x4E4E4E4E, 0x334E4E36, 0x4E4E4E33,
    0x334E4E35, 0x4E4E4E38, 0x4E4E4E34, 0x4E4E4E4E, 0x4E4E4E4E, 0x4E4E4E4E, 0x4E4E4E4E, 0x4E4E4E4E,
    0x4E4E4E4E, 0x4E4E4E4E, 0x4E4E4E4E, 0x4E4E4E4E, 0x4E4E4E4E, 0x4E4E4E4E, 0x334E4E4E, 0x4E4E4E33,
    0x334E4E4E, 0x4E4E4E38, 0x4E4E4E4E, 0x4E4E4E4E, 0x4E4E4E4E, 0x4E4E4E4E, 0x4E4E4E4E, 0x4E4E4E4E,
    0x4E4E4E4E, 0x494E4E4E, 0x4E4E4E4E, 0x474E4E4E, 0x4E4E4E4E, 0x464E4E4E, 0x334E4E4E, 0x454E4E33,
    0x334E4E4E, 0x414E4E38, 0x4E4E4E4E, 0x414E4E4E, 0x4E4E4E4E, 0x4E4E4E4E, 0x4E4E4E4E, 0x4E4E4E4E,
    0x4E4E4E49, 0x4F4F4E4E, 0x4E4E4E47, 0x4E4E4E4E, 0x4E4E4E46, 0x4E4E4E4E, 0x334E4E44, 0x4E4E4E34,
    0x334E4E41, 0x4E4E4E38, 0x4E4E3F41, 0x4E4E4E4E, 0x4E3C4040, 0x4E4E4E4E, 0x383C3C4E, 0x34353638,
    0x3C4F4F4F, 0x4F4F4F3C, 0x384F4F4F, 0x4F4F4F38, 0x384F4E4E, 0x4F4F4F38, 0x244E4E4E, 0x4F4F4F24,
    0x244E4E4E, 0x4F4F4F2B, 0x34344E4E, 0x4F4F4F34, 0x3434344E, 0x4F4F4E4E, 0x4E343434, 0x4E4E4E4E,
    0x4F4F4F4F, 0x4F4F4F4F, 0x4F4F4F4F, 0x4E4F4F4F, 0x4F4F4F4F, 0x4E4E4F4F, 0x344F4F4F, 0x4E4E4E34,
    0x344F4F4F, 0x4E4E4E38, 0x4F4F4F4F, 0x4E4E4E4E, 0x4E4F4F4F, 0x4E4E4E4E, 0x4E4E4E4F, 0x4E4E4E4E,
    0x4E4E4E4E, 0x664E4E4E, 0x4E4E4E4E, 0x664E4E4E, 0x4E4E4E4E, 0x664E4E4E, 0x334E4E4E, 0x664E4E33,
    0x334E4E4E, 0x664E4E38, 0x4E4E4E4E, 0x664E4E4E, 0x4E4E4E4E, 0x664E4E4E, 0x4E4E4E4E, 0x664E4E4E,
    0x3A383A26, 0x3A3A3A3A, 0x3A383826, 0x3A3A3A3A, 0x3A383826, 0x3A3A3A3A, 0x3A383826, 0x3A3A3A3A,
    0x48383826, 0x3A3A3A3D, 0x3D383726, 0x3A3A3A2B, 0x3A383726, 0x3A3A3A3B, 0x30303026, 0x30303030,
    0x38383838, 0x383A3A38, 0x38383838, 0x383A3A38, 0x38383838, 0x3A3A3A38, 0x38383838, 0x3A3D3A38,
    0x38383838, 0x3A3D3A3A, 0x3838383A, 0x3A3D3A3A, 0x3838383A, 0x3A3D3A38, 0x30303030, 0x30303030,
    0x38383838, 0x383A3A38, 0x37383838, 0x383A3838, 0x37373838, 0x38383837, 0x37373838, 0x38383737,
    0x37373838, 0x38383737, 0x37373838, 0x38383737, 0x37373838, 0x38383837, 0x30303030, 0x30303030,
    0x38373737, 0x38383838, 0x38373737, 0x38373838, 0x37383737, 0x37373737, 0x37383738, 0x37373737,
    0x37383738, 0x37373737, 0x38383738, 0x37373738, 0x38383838, 0x37373838, 0x30303030, 0x30303030,
    0x3A3A383A, 0x30383838, 0x3A3A383A, 0x30383838, 0x3838383A, 0x30383838, 0x38383838, 0x30383838,
    0x483A3838, 0x3038383D, 0x3D3A3A38, 0x3038382B, 0x3A3A3A38, 0x30373838, 0x30303030, 0x30303030,
    0x42424242, 0x42424242, 0x38373742, 0x383A3838, 0x37373742, 0x3A3A3838, 0x37373742, 0x3A3A3A38,
    0x48373742, 0x3A3A3A3D, 0x3D373742, 0x3A3A382B, 0x37373742, 0x3A3A3838, 0x38383742, 0x383A3838,
    0x42424242, 0x42424242, 0x38383838, 0x38383837, 0x38383838, 0x38383838, 0x37373738, 0x38383838,
    0x37373738, 0x38383838, 0x37373738, 0x38383838, 0x37373838, 0x38383737, 0x37373838, 0x38383737,
    0x42424242, 0x42424242, 0x383A3A3A, 0x38383A3A, 0x38383838, 0x383A3A3A, 0x38383838, 0x383A3A38,
    0x38373838, 0x383A3A38, 0x38373838, 0x383A3A38, 0x38373838, 0x383A3A38, 0x38383838, 0x383A3A38,
    0x42424242, 0x42424242, 0x37383838, 0x37383837, 0x37373837, 0x38383837, 0x37373837, 0x383A3838,
    0x37373737, 0x383A3838, 0x37373737, 0x383A3A38, 0x37383837, 0x3A3A3A38, 0x38383837, 0x3A3A3A38,
    0x42424242, 0x26424242, 0x3A383838, 0x26383A3A, 0x38383838, 0x26383838, 0x38383838, 0x26383838,
    0x48383738, 0x2638383D, 0x3D383738, 0x2638382B, 0x38383738, 0x26383838, 0x38383737, 0x263A3838,
    0x4D4D4D66, 0x4E4E4D4D, 0x4D4D4D66, 0x4E4D4D4D, 0x4D4D4D66, 0x4D4D4D4D, 0x324D4D66, 0x4D4D4D32,
    0x324D4D66, 0x4D4D4D38, 0x4D4D4D66, 0x4D4D4D4D, 0x4D4D4D66, 0x4D4D4D4D, 0x4D4E4E66, 0x4D4D4D4D,
    0x4E4E4E4E, 0x4E4E4E4E, 0x4E4E4E4E, 0x4E4E4E4E, 0x4E4E4E4E, 0x4E4E4E4E, 0x324E4E4E, 0x4E4E4E32,
    0x324E4E4D, 0x4E4E4E38, 0x4E4E4D4D, 0x4E4E4E4E, 0x4E4E4D4D, 0x4E4E4E4E, 0x4E4E4D4D, 0x4E4E4E4E,
    0x4E4E4E4E, 0x38384E4E, 0x4E4E4E4E, 0x4E4E4E4E, 0x4E4E4E4E, 0x4E4E4E4E, 0x324E4E4E, 0x4E4E4E32,
    0x324E4E4E, 0x4E4E4E38, 0x4E4E4E4E, 0x4E4E4E4E, 0x4E4E4E4E, 0x4E4E4E4E, 0x4E4E4E4E, 0x4E4E4E4E,
    0x34353637, 0x4E4E3434, 0x4E4E4E4E, 0x4E4E4E4E, 0x4E4E4E4E, 0x4E4E4E4E, 0x334E4E4E, 0x4E4E4E33,
    0x324E4E4E, 0x4E4E4E38, 0x4E4E4E4E, 0x4E4E4E4E, 0x4E4E4E4E, 0x4E4E4E4E, 0x4D4E4E4E, 0x4E4D4D4D,
    0x4E4E4E4E, 0x4E4E4E4E, 0x4E4E4E4E, 0x4E4E4E4E, 0x4E4E4E4E, 0x4E4E4E4E, 0x334E4E4E, 0x4E4E4E33,
    0x334E4E4E, 0x4E4E4E38, 0x4E4E4E4E, 0x4E4E4E4E, 0x4E4E4E4E, 0x4D4E4E4E, 0x4E4E4E4E, 0x4D494E4E,
    0x4E4E4E4E, 0x4E4E4E4E, 0x4E4E4E4E, 0x4E4E4E4E, 0x4E4E4E4E, 0x4E4E4E4E, 0x334E4E4E, 0x4E4E4E33,
    0x334E4E4E, 0x4E4E4E38, 0x4949494D, 0x44454647, 0x49494C4D, 0x44454647, 0x4E4E4E4D, 0x414E4E4E,
    0x4E4E4E4E, 0x4E4E4E4E, 0x4E4E4E4E, 0x4E4E4E4E, 0x4E4E4E4E, 0x4E4E4E4E, 0x334E4E4E, 0x4E4E4E33,
    0x334E4E4E, 0x4E4E4E38, 0x4E4E4E4E, 0x4E4E4E4E, 0x4E4E4E41, 0x4E4E4E4E, 0x4E4E3F41, 0x4E4E4E4E,
    0x38394E4E, 0x34353638, 0x4E4E4E4E, 0x4E4E4E4E, 0x4E4E4E4E, 0x4E4E4E4E, 0x334E4E4E, 0x4E4E4E33,
    0x334E4E4E, 0x4E4E4E38, 0x4E4E4E4E, 0x4E4E4E4E, 0x4E4E4E4E, 0x4E4E4E4E, 0x4E4E4E4E, 0x4E4E4E4E,
    0x4E4E3434, 0x4E4E4E4E, 0x4E4E4E4E, 0x4E4E4E4E, 0x4E4E4E4E, 0x4E4E4E4E, 0x334E4E4E, 0x4E4E4E33,
    0x334E4E4E, 0x4E4E4E38, 0x4E4E4E4E, 0x4E4E4E4E, 0x4E4E4E4E, 0x4E4E4E4E, 0x4E4E4E4E, 0x4E4E4E4E,
    0x4E4E4E4E, 0x4E4E4E4E, 0x4E4E4E4E, 0x4E4E4E4E, 0x4E4E4E4E, 0x4D4D4D4D, 0x324E4E4E, 0x4D4D4D32,
    0x324D4E4E, 0x4D4D4D38, 0x4D4D4D4E, 0x47494949, 0x494D4D4E, 0x47494949, 0x49494D4E, 0x49494949,
    0x4E4E4E4E, 0x4E4E4E4E, 0x4E4E4E4E, 0x4E4E4E4E, 0x4E4E4D4D, 0x4E4E4E4E, 0x324D4D4D, 0x4E4E4E32,
    0x324D4D4D, 0x4E4E4E38, 0x44454646, 0x4E4E4E4E, 0x41444646, 0x4E4E4E41, 0x414C4949, 0x4E4E3F41,
    0x4E4E4E4E, 0x383C4E4E, 0x4E4E4E4E, 0x4E4E4E4E, 0x4E4E4E4E, 0x4E4E4E4E, 0x334E4E4E, 0x4E4E4E33,
    0x334E4E4E, 0x4E4E4E38, 0x4E4E4E4E, 0x4E4E4E4E, 0x4E4E4E4E, 0x4E4E4E4E, 0x4E4E4E4E, 0x4E4E4E4E,
    0x34353638, 0x4E4E3434, 0x4E4E4E4E, 0x4E4E4E4E, 0x4E4E4E4E, 0x4E4E4E4E, 0x334E4E4E, 0x4E4E4E33,
    0x334E4E4E, 0x4E4E4E38, 0x4E4E4E4E, 0x4E4E4E4E, 0x4E4E4E4E, 0x4E4E4E4E, 0x4E4E4E4E, 0x4E4E4E4E,
    0x4E4E4E4E, 0x4E4E4E4E, 0x4E4E4E4E, 0x4E4E4E4E, 0x4E4E4E4E, 0x4E4E4E4E, 0x334E4E4E, 0x4E4E4E32,
    0x324E4E4E, 0x4E4E4E38, 0x4E4E4E4E, 0x4E4E4E4E, 0x4E4E4E4E, 0x494E4E4E, 0x4D4E4E4E, 0x49494D4D,
    0x4E4E4E4E, 0x4E4E4E4E, 0x4E4E4E4E, 0x4E4E4E4E, 0x4E4E4E4E, 0x4E4E4E4E, 0x324E4E4E, 0x4E4E4E32,
    0x324E4E4E, 0x4E4E4E38, 0x49494949, 0x44454647, 0x49494949, 0x43454647, 0x4E4E4D49, 0x414E4E4E,
    0x4E4E4E4E, 0x4E4E4E4E, 0x4E4E4E4E, 0x4E4E4E4E, 0x4E4E4E4E, 0x4E4E4E4E, 0x324E4E4E, 0x4E4E4E32,
    0x324E4E4E, 0x4E4E4D38, 0x4D4D4E4E, 0x4E4D4D4D, 0x4D4D4D41, 0x4D4D4D4D, 0x4D4D3F41, 0x4D4D4D4D,
    0x38384E4E, 0x34353637, 0x4E4E4E4E, 0x4E4E4E4E, 0x4E4E4E4E, 0x4E4E4E4E, 0x334E4E4E, 0x4E4E4E33,
    0x334E4E4E, 0x4E4E4E38, 0x4E4E4E4E, 0x4E4E4E4E, 0x4E4E4E4E, 0x4E4E4E4E, 0x4E4E4E4E, 0x4E4E4E4E,
    0x4E4E3434, 0x4E4E4E4E, 0x4E4E4E4E, 0x4E4E4E4E, 0x4E4E4E4E, 0x4E4E4E4E, 0x334E4E4E, 0x4E4E4E33,
    0x334E4E4E, 0x4E4E4E38, 0x4E4E4E4E, 0x4E4E4E4E, 0x4E4E4E4E, 0x4E4E4E4E, 0x4E4E4E4E, 0x4E4E4E4E,
    0x4E4E4E4E, 0x4E4E4E4E, 0x4E4E4E4E, 0x4E4E4E4E, 0x4E4E4E4E, 0x4E4E4E4E, 0x344E4E4E, 0x4E4E4E33,
    0x344E4E4E, 0x4E4E4E38, 0x4E4E4E4E, 0x4E4E4E4E, 0x4E4E4E4E, 0x4E4E4E4E, 0x4E4E4E4E, 0x4E4E4E4E,
    0x4E4E4E4E, 0x664E4E4E, 0x4E4E4E4E, 0x664E4E4E, 0x4E4E4E4E, 0x664E4E4E, 0x324E4E4E, 0x664D4E32,
    0x324E4E4E, 0x664D4D38, 0x4E4E4E4E, 0x664D4D4E, 0x4E4E4E4E, 0x664D4D4E, 0x4E4E4E4E, 0x664D4D4E,
    0x42424226, 0x42424242, 0x3A383726, 0x3A3A3A3B, 0x3A383726, 0x3B3A3A3A, 0x3A383726, 0x3B3A3A3A,
    0x48383726, 0x3D3A3A3D, 0x3D383726, 0x3B3A3A2B, 0x38383726, 0x3A3A3A3A, 0x3A383726, 0x3A38383A,
    0x42424242, 0x42424242, 0x3837383A, 0x383A3838, 0x38373838, 0x38383838, 0x38383838, 0x37373838,
    0x38383738, 0x37373838, 0x37373738, 0x37373838, 0x37373738, 0x37373737, 0x37373738, 0x37373737,
    0x42424242, 0x42424242, 0x38383837, 0x38383838, 0x38383837, 0x38383838, 0x38383737, 0x38383838,
    0x38383737, 0x38383838, 0x3A383737, 0x3838383A, 0x3A383737, 0x38383A3A, 0x3A383737, 0x383A3A3A,
    0x42424242, 0x42424242, 0x38383838, 0x38383838, 0x38383838, 0x37373738, 0x38383838, 0x37373738,
    0x38383838, 0x37373738, 0x38383838, 0x37373738, 0x38383838, 0x37373737, 0x37373838, 0x37373737,
    0x42424242, 0x30424242, 0x3A3A3A38, 0x30373838, 0x383A3A38, 0x30373738, 0x38383838, 0x30383738,
    0x48383838, 0x3038373D, 0x3D383838, 0x3038372B, 0x38383838, 0x30383738, 0x383A3838, 0x30383838,
    0x38383742, 0x383B3838, 0x38383742, 0x383B3A38, 0x3A383742, 0x3A3D3A38, 0x3A383742, 0x3A3D3A3A,
    0x3B3A3842, 0x3A3D3A3A, 0x3D3A3842, 0x3B3D3A3A, 0x3D3A3842, 0x3A3D3A3A, 0x3D3A3842, 0x3A3B3A3A,
    0x37373838, 0x38383737, 0x37373838, 0x38383738, 0x38373838, 0x38383838, 0x38383838, 0x38383838,
    0x38383838, 0x3838383A, 0x3A38383A, 0x3838383A, 0x3A38383A, 0x3838383A, 0x3A38383A, 0x3838383A,
    0x38383838, 0x383A3A38, 0x38383838, 0x383A3838, 0x38383838, 0x383A3838, 0x38383838, 0x38383838,
    0x3A3A3838, 0x38383738, 0x3A3A3A38, 0x3A383738, 0x3A3A3A38, 0x3A373738, 0x3A3B3A38, 0x3A383738,
    0x38383837, 0x3A3A3A38, 0x38383838, 0x3A3A3838, 0x38383A38, 0x3A3A3838, 0x38383A38, 0x3A3A3A38,
    0x37383A3A, 0x3A3A3A38, 0x37383A3A, 0x3A3A3A38, 0x37383A3B, 0x3A3A3A38, 0x37383A3B, 0x3A3A3838,
    0x38383737, 0x263A3838, 0x38383737, 0x263A3838, 0x38383738, 0x263A3838, 0x38383738, 0x263A383A,
    0x3A383838, 0x263A3A3A, 0x3A383838, 0x263A3A3A, 0x3A383838, 0x263A3A3A, 0x3A383838, 0x263A3A3A,
    0x4E4E4E66, 0x4D4D4E4E, 0x4E4E4E66, 0x4E4E4E4E, 0x4E4E4E66, 0x4E4E4E4E, 0x324E4E66, 0x4E4E4E32,
    0x324E4E66, 0x4E4E4E38, 0x4E4E4E66, 0x4E4E4E4E, 0x4E4E4E66, 0x4E4E4E4E, 0x4E4E4E66, 0x4E4E4E4E,
    0x4E4E4D4D, 0x4E4E4E4E, 0x4E4E4E4E, 0x4E4E4E4E, 0x4E4E4E4E, 0x4E4E4E4E, 0x324E4E4E, 0x4E4E4E32,
    0x324E4E4E, 0x4E4E4E38, 0x4E4E4E4E, 0x4E4E4E4E, 0x4E4E4E4E, 0x4E4E4E4E, 0x4E4E4E4E, 0x4E4E4E4E,
    0x4E4E4E4E, 0x4E4E4E4E, 0x4E4E4E4E, 0x4E4E4E4E, 0x4E4E4E4E, 0x4E4E4E4E, 0x324E4E4E, 0x4E4E4E32,
    0x324E4E4E, 0x4E4E4E38, 0x4E4E4E4E, 0x4E4E4E4E, 0x4E4E4E4E, 0x4E4E4E4E, 0x4E4E4E4E, 0x4E4E4E4E,
    0x4D4D4E4E, 0x4D4D4D4D, 0x4D4D4E4E, 0x4D4D4D4D, 0x4D4E4E4E, 0x4D4D4D4D, 0x324E4E4E, 0x4E4E4E32,
    0x324E4E4E, 0x4E4E4E38, 0x4E4E4E4E, 0x4E4E4E4E, 0x4E4E4E4E, 0x4E4E4E4E, 0x4E4E4E4E, 0x4E4E4E4E,
    0x4E4E4E4E, 0x4C49494E, 0x4E4E4E4E, 0x4E49494E, 0x4E4E4E4E, 0x4E49474E, 0x324E4E4E, 0x4E464632,
    0x324E4E4E, 0x4E454538, 0x4E4E4E4E, 0x4E44444E, 0x4E4E4E4E, 0x4E41414E, 0x4E4E4E4E, 0x403F414E,
    0x4E4E4E4E, 0x4E4E4E4E, 0x4E4E4E4E, 0x4E4E4E4E, 0x4E4E4E4E, 0x4E4E4E4E, 0x324E4E4E, 0x4E4E4E32,
    0x324E4E4E, 0x4E4E4E38, 0x4E4E4E4E, 0x4E4E4E4E, 0x4E4E4E4E, 0x4E4E4E4E, 0x4E4E4E4E, 0x4E4E4E4E,
    0x4E3C403F, 0x4E4E4E4E, 0x4E3C3C4E, 0x4E4E4E4E, 0x4E38394E, 0x4E4E4E4E, 0x3238384E, 0x4E4E4E32,
    0x3237374E, 0x4E4E4E38, 0x4E35354E, 0x4E4E4E4E, 0x4E34344E, 0x4E4E4E4E, 0x4E343434, 0x4E4E4E4E,
    0x4E4E4E4E, 0x4E4E4E4E, 0x4E4E4E4E, 0x4E4E4E4E, 0x4E4E4E4E, 0x4E4E4E4E, 0x334E4E4E, 0x4E4E4E33,
    0x334E4E4E, 0x4E4E4E38, 0x4E4E4E4E, 0x4E4E4E4E, 0x4E4E4E4E, 0x4E4E4E4E, 0x4E4E4E4E, 0x4D4E4E4E,
    0x4E4E4E4E, 0x4E4E4E4E, 0x4E4E4E4E, 0x4E4E4E4E, 0x4E4E4E4E, 0x4D4E4E4E, 0x324E4E4E, 0x4D4D4E32,
    0x324E4E4E, 0x4D4D4D38, 0x4D4E4E4E, 0x4C4D4D4D, 0x4D4D4D4E, 0x494C4D4D, 0x4D4D4D4D, 0x49494C4C,
    0x4949494D, 0x49494949, 0x4949474D, 0x49494949, 0x4947464D, 0x49494949, 0x3246464D, 0x49494932,
    0x3245454C, 0x49494938, 0x49414149, 0x49494949, 0x49414149, 0x49494949, 0x40403F49, 0x49494949,
    0x4D4C4949, 0x4E3C403F, 0x4C494949, 0x4D3C3C4D, 0x49494949, 0x4D38384C, 0x32494949, 0x4D383832,
    0x32494949, 0x49363638, 0x49494949, 0x49353449, 0x49494949, 0x49343449, 0x49494949, 0x49343434,
    0x4E4E4E4E, 0x4E4E4E4E, 0x4E4E4E4E, 0x4E4E4E4E, 0x4D4D4D4D, 0x4D4D4D4D, 0x324D4D4D, 0x4D4D4D32,
    0x324C4C4C, 0x4C4C4C38, 0x49494949, 0x49494949, 0x49494949, 0x49494949, 0x49494949, 0x49494949,
    0x4E4E4E4E, 0x4E4E4E4E, 0x4E4E4E4E, 0x4D4D4E4E, 0x4D4D4D4D, 0x4D4D4D4D, 0x324D4D4D, 0x4C4D4D32,
    0x324C4C4C, 0x49494C38, 0x49494949, 0x49494949, 0x49494949, 0x49494949, 0x49494949, 0x49494949,
    0x4D4D4D4D, 0x4949494D, 0x4D4D4D4D, 0x4D49474D, 0x4C4C4D4D, 0x4C47464C, 0x3249494C, 0x4C464632,
    0x32494949, 0x49454438, 0x49494949, 0x49414149, 0x49494949, 0x49414149, 0x49494949, 0x40403F49,
    0x4D4D4D4D, 0x4D4D4D4D, 0x4D4D4D4D, 0x4D4D4D4D, 0x4D4D4D4D, 0x4D4D4D4D, 0x324C4C4C, 0x4D4D4D32,
    0x32494949, 0x4C4C4C38, 0x49494949, 0x49494949, 0x49494949, 0x49494949, 0x49494949, 0x49494949,
    0x4D3C403F, 0x4D4D4D4D, 0x4D3C3C4D, 0x4D4D4D4D, 0x4D38384D, 0x4D4D4D4D, 0x3238384D, 0x4D4D4C32,
    0x3236364C, 0x4D4C4C38, 0x49353549, 0x4D4C4C49, 0x49343449, 0x4D4C4949, 0x49343434, 0x4D4C4949,
    0x4E4E4E4D, 0x4E4E4E4E, 0x4E4E4D4D, 0x4E4E4E4E, 0x4E4E4D4D, 0x4E4E4E4E, 0x324D4D4D, 0x4E4E4E32,
    0x324D4D4D, 0x4E4E4E38, 0x4E4D4D4D, 0x4E4E4E4E, 0x4D4D4D4D, 0x4E4E4E4E, 0x4D4D4D4D, 0x4E4E4E4E,
    0x4E4E4E4E, 0x4E4E4E4E, 0x4E4E4E4E, 0x4E4E4E4E, 0x4E4E4E4E, 0x4E4E4E4E, 0x334E4E4E, 0x4E4E4E33,
    0x334E4E4E, 0x4E4E4E38, 0x4E4E4E4E, 0x4E4E4E4E, 0x4E4E4E4E, 0x4E4E4E4E, 0x4E4E4E4E, 0x4E4E4E4E,
    0x4E4E4E4E, 0x4E4E4E4E, 0x4E4E4E4E, 0x4E4E4E4E, 0x4E4E4E4E, 0x4E4E4E4E, 0x334E4E4E, 0x4E4E4E33,
    0x334E4E4E, 0x4E4E4E38, 0x4E4E4E4E, 0x4E4E4E4E, 0x4E4E4E4E, 0x4E4E4E4E, 0x4E4E4E4E, 0x4E4E4E4E,
    0x4E4E4E4E, 0x664D4D4E, 0x4E4E4E4E, 0x664D4E4E, 0x4E4E4E4E, 0x664E4E4E, 0x324E4E4E, 0x664E4E32,
    0x324E4E4E, 0x664E4E38, 0x4E4E4E4E, 0x664E4E4E, 0x4E4E4E4E, 0x664E4E4E, 0x4E4E4E4E, 0x664E4E4E,
    0x3A383826, 0x3838383A, 0x3A383826, 0x3838383A, 0x3A383826, 0x3738383A, 0x38383826, 0x37373838,
    0x38383826, 0x37373838, 0x38383A26, 0x37373838, 0x38383A26, 0x37373838, 0x38383826, 0x37373838,
    0x37373838, 0x37383737, 0x38373838, 0x38383737, 0x38383838, 0x38383838, 0x38383838, 0x38383838,
    0x38383837, 0x383A3838, 0x38383837, 0x383A3A38, 0x38383837, 0x383A3A3A, 0x38383837, 0x383A3A3A,
    0x3A383737, 0x383A3A3A, 0x3A383737, 0x38383A3A, 0x38383738, 0x3838383A, 0x38373738, 0x37383838,
    0x37373737, 0x37373838, 0x37373738, 0x37373738, 0x37373738, 0x37373737, 0x37373738, 0x37373737,
    0x37373838, 0x38373737, 0x37373838, 0x38373737, 0x37373838, 0x38383737, 0x37373737, 0x38383737,
    0x37373737, 0x38383737, 0x37373737, 0x38383737, 0x37373737, 0x38383838, 0x38373737, 0x38383838,
    0x383A3A38, 0x30383838, 0x38383838, 0x30383838, 0x38383838, 0x30383838, 0x38383838, 0x30383838,
    0x37373838, 0x30383A38, 0x37373838, 0x30383A38, 0x37373738, 0x30383A38, 0x37373738, 0x30383A38,
    0x3A3A3842, 0x3A3A3A3A, 0x3A3A3842, 0x383A3A3A, 0x3A3A3842, 0x383A3A38, 0x383A3842, 0x383A3838,
    0x38383842, 0x3A383838, 0x38383842, 0x3A383838, 0x37383842, 0x3A383838, 0x37383842, 0x38383838,
    0x3A3A3A38, 0x3838383A, 0x3A3A3A38, 0x38383838, 0x383A3A38, 0x38383838, 0x38383A38, 0x3A383838,
    0x38383838, 0x3A383838, 0x38383838, 0x3A3A3838, 0x38383838, 0x3A3A3838, 0x38383838, 0x3A3A3838,
    0x383B3A38, 0x3A383838, 0x383B3A3A, 0x3A383838, 0x383A3A3A, 0x3A383838, 0x383A3A3A, 0x3A383838,
    0x38383A3A, 0x3A383838, 0x3838383A, 0x3A383838, 0x3738383A, 0x3A383838, 0x3737383A, 0x3A383838,
    0x37383A3B, 0x3A383838, 0x37383A3B, 0x38383838, 0x37383A3B, 0x38383838, 0x38383A3B, 0x38383838,
    0x38383A3B, 0x38373838, 0x3838383D, 0x37373738, 0x3838383D, 0x37373738, 0x3838383D, 0x37373738,
    0x3A383838, 0x263A3A3A, 0x3A383838, 0x26383A3A, 0x3A383838, 0x26383A3A, 0x3A383838, 0x2638383A,
    0x3A3A3838, 0x2638383A, 0x3A3A3A38, 0x2638383A, 0x3A3A3A38, 0x2638383A, 0x3A3A3A38, 0x2638383A,
    0x4E4E4E66, 0x4E4E4E4E, 0x4E4E4E66, 0x4E4E4E4E, 0x4E4E4E66, 0x4D4E4E4E, 0x324E4E66, 0x4D4E4E32,
    0x324E4E66, 0x4D4D4E38, 0x4E4E4E66, 0x4D4D4D4E, 0x4D4D4E66, 0x4D4D4D4D, 0x4D4D4D66, 0x4D4D4D4D,
    0x4D4D4D4E, 0x4E4E4D4D, 0x4D4D4D4D, 0x4D4D4D4D, 0x4D4D4D4D, 0x4D4D4D4D, 0x324D4D4D, 0x4D4D4D32,
    0x324D4D4D, 0x4D4D4D38, 0x4D4D4D4D, 0x4D4D4D4D, 0x4D4D4D4D, 0x4D4D4D4D, 0x4D4D4D4D, 0x4D4D4D4D,
    0x4E4E4E4E, 0x4E4E4E4E, 0x4E4E4D4D, 0x4E4E4E4E, 0x4D4D4D4D, 0x4E4E4D4D, 0x324D4D4D, 0x4E4E4D32,
    0x324D4D4D, 0x4D4D4D38, 0x4D4D4D4D, 0x4D4D4D4D, 0x4D4D4D4D, 0x4D4D4D4D, 0x4D4D4D4D, 0x4D4D4D4D,
    0x4E4E4E4E, 0x4E4E4E4E, 0x4E4E4E4E, 0x4E4E4E4E, 0x4E4E4E4E, 0x4E4E4E4E, 0x334E4E4E, 0x4E4E4E33,
    0x324E4E4E, 0x4E4E4E38, 0x4E4E4E4D, 0x4E4E4E4E, 0x4D4D4D4D, 0x4D4E4E4E, 0x4D4D4D4D, 0x4D4D4D4D,
    0x4E4E4E4E, 0x3C404D4E, 0x4E4E4E4E, 0x3C4D4D4D, 0x4E4E4E4E, 0x4D4D4D4D, 0x324E4E4E, 0x4D4D4D32,
    0x324D4E4E, 0x4D4D4D38, 0x4D4D4D4E, 0x4D4D4D4D, 0x4D4D4D4D, 0x4C4C4C4D, 0x4C4D4D4D, 0x4C4C4C4C,
    0x4E4E4E3C, 0x344E4E4E, 0x36373839, 0x34343434, 0x35373838, 0x34343434, 0x324D4D4D, 0x4E4E4E32,
    0x324D4D4D, 0x4E4E4E38, 0x4D4D4D4D, 0x4E4E4E4D, 0x4D4D4D4C, 0x4E4E4D4D, 0x4D4D4C4C, 0x4E4D4D4D,
    0x4E4E3434, 0x4E4E4E4E, 0x4E4E4E34, 0x4E4E4E4E, 0x4E4E4E4E, 0x4E4E4E4E, 0x324E4E4E, 0x4D4E4E32,
    0x324E4E4E, 0x4D4D4E38, 0x4E4E4E4E, 0x4D4D4E4E, 0x4E4E4E4E, 0x4D4D4D4E, 0x4E4E4E4E, 0x4C4D4D4D,
    0x4D4D4D4E, 0x4D4D4D4D, 0x4D4D4D4D, 0x4D4D4D4D, 0x4D4D4D4D, 0x4D4D4D4D, 0x324D4D4D, 0x4D4D4D32,
    0x324D4D4D, 0x4D4D4D38, 0x4C4C4D4D, 0x4C4C4C4C, 0x4C4C4C4C, 0x4C4C4C4C, 0x4949494C, 0x49494949,
    0x4C4D4D4D, 0x49494949, 0x494C4D4D, 0x49494949, 0x494C4C4D, 0x49494949, 0x32494C4C, 0x49494932,
    0x32494C4C, 0x49494938, 0x49494C4C, 0x49494949, 0x4949494C, 0x49494949, 0x49494949, 0x49494949,
    0x3C3C4949, 0x4949493C, 0x3C494949, 0x35363838, 0x49494949, 0x34353738, 0x32494949, 0x49494932,
    0x32494949, 0x49494937, 0x49494949, 0x49494949, 0x49494949, 0x49494949, 0x49494949, 0x49494949,
    0x33494949, 0x49493333, 0x33343434, 0x49494933, 0x33333434, 0x49494949, 0x32494949, 0x49494932,
    0x32494949, 0x49494937, 0x49494949, 0x49494949, 0x49494949, 0x49494949, 0x49494949, 0x49494949,
    0x49494949, 0x49494949, 0x49494949, 0x49494949, 0x49494949, 0x49494949, 0x32494949, 0x49494932,
    0x32494949, 0x49494937, 0x49494949, 0x49494949, 0x49494949, 0x49494949, 0x49494949, 0x49494949,
    0x49494949, 0x49494949, 0x49494949, 0x49494949, 0x49494949, 0x49494949, 0x32494949, 0x49494932,
    0x32494949, 0x49494937, 0x49494949, 0x49494949, 0x49494949, 0x49494949, 0x49494949, 0x49494949,
    0x49494949, 0x3C3C4949, 0x49494949, 0x3C494949, 0x49494949, 0x49494949, 0x32494949, 0x49494932,
    0x32494949, 0x49494937, 0x49494949, 0x49494949, 0x49494949, 0x49494949, 0x49494949, 0x49494949,
    0x4949493C, 0x34494949, 0x35363838, 0x33343434, 0x34353738, 0x33343434, 0x32494949, 0x49494932,
    0x32494949, 0x49494937, 0x49494949, 0x49494949, 0x49494949, 0x49494949, 0x49494949, 0x49494949,
    0x49493434, 0x4C4C4949, 0x49494933, 0x4C494949, 0x49494949, 0x49494949, 0x32494949, 0x49494932,
    0x32494949, 0x49494938, 0x49494949, 0x49494949, 0x49494949, 0x49494949, 0x49494949, 0x49494949,
    0x4D4D4D4D, 0x4E4E4E4D, 0x4D4D4D4D, 0x4E4E4D4D, 0x4D4D4D4C, 0x4D4D4D4D, 0x324D4C4C, 0x4D4D4D32,
    0x324C4949, 0x4D4D4D38, 0x4C494949, 0x4D4D4D4D, 0x49494949, 0x4D4D4C4C, 0x49494949, 0x4D4D4C49,
    0x4E4E4E4E, 0x4E4E4E4E, 0x4E4E4E4E, 0x4E4E4E4E, 0x4E4E4E4E, 0x4E4E4E4E, 0x324E4E4D, 0x4E4E4E32,
    0x324E4D4D, 0x4E4E4E38, 0x4E4D4D4D, 0x4E4E4E4E, 0x4D4D4D4D, 0x4E4E4E4E, 0x4D4D4D4D, 0x4E4E4E4D,
    0x4E4E4E4E, 0x4E4E4E4E, 0x4E4E4E4E, 0x4E4E4E4E, 0x4E4E4E4E, 0x4E4E4E4E, 0x324E4E4E, 0x4E4E4E32,
    0x324E4E4E, 0x4E4E4E38, 0x4E4E4E4E, 0x4E4E4E4E, 0x4E4E4E4E, 0x4E4E4E4E, 0x4E4E4E4E, 0x4D4E4E4E,
    0x4E4E4E4E, 0x664E4E4E, 0x4E4E4E4E, 0x664E4E4E, 0x4E4E4E4E, 0x664E4E4E, 0x324E4E4E, 0x664E4E32,
    0x324E4E4E, 0x664E4E38, 0x4E4E4E4E, 0x664E4E4E, 0x4D4D4D4E, 0x664D4D4D, 0x4D4D4D4D, 0x664C4D4D,
    0x38383826, 0x37373838, 0x38383826, 0x37373838, 0x38383826, 0x37373838, 0x383A3826, 0x37373838,
    0x383A3A26, 0x37373838, 0x3A3A3A26, 0x37373838, 0x3A3A3A26, 0x37373838, 0x3A3A3A26, 0x37373838,
    0x38383837, 0x38383A3A, 0x38383837, 0x38383A3A, 0x38383837, 0x38383A3A, 0x3A383837, 0x38383A3A,
    0x3A383837, 0x3A3A3A3A, 0x3A383837, 0x3A3A3A3A, 0x3A383838, 0x3A3A3A3A, 0x3A383838, 0x3A3A3A3A,
    0x37373738, 0x37373737, 0x37373838, 0x37373737, 0x38383838, 0x37373737, 0x38383838, 0x37373737,
    0x38383A3A, 0x37373737, 0x38383A3A, 0x37373738, 0x38383B3B, 0x37373738, 0x383A3B3B, 0x37373738,
    0x38373737, 0x38383838, 0x38373837, 0x38383838, 0x38383837, 0x38383838, 0x38383837, 0x38383838,
    0x38383737, 0x37383A38, 0x38383737, 0x37383A38, 0x38383737, 0x37383A3A, 0x3A383837, 0x37383A3A,
    0x38373738, 0x30383A38, 0x38373737, 0x30383838, 0x38373737, 0x30383838, 0x38373737, 0x30383838,
    0x38383737, 0x30373838, 0x38383837, 0x30373838, 0x38383837, 0x30373838, 0x38383837, 0x30373738,
    0x38383842, 0x38383838, 0x38383842, 0x38383838, 0x38383842, 0x383A3837, 0x38383842, 0x383A3837,
    0x38383842, 0x38383838, 0x37383842, 0x38383838, 0x37383842, 0x38383838, 0x37383842, 0x38383838,
    0x38383838, 0x3A3A3838, 0x38383838, 0x3A3A3838, 0x38383838, 0x3A3A3838, 0x38383838, 0x38383838,
    0x38383838, 0x38383838, 0x38383A38, 0x38383838, 0x38383A38, 0x38383838, 0x383A3A3A, 0x38383A38,
    0x3737383A, 0x3A383838, 0x3737383A, 0x3A383838, 0x3837383A, 0x3A383A38, 0x3837383A, 0x3A383A38,
    0x38383838, 0x38383A38, 0x38383838, 0x383A3A3A, 0x383A3838, 0x383A3A3A, 0x383A3A38, 0x383A3A3A,
    0x38383A3B, 0x37373738, 0x38383A3B, 0x37373738, 0x38383A3A, 0x37373838, 0x38383A3A, 0x37383838,
    0x38383838, 0x38383838, 0x38383838, 0x38383838, 0x3A383737, 0x3A3A3A38, 0x3A383737, 0x3A3A3A38,
    0x3A3A3838, 0x2638383A, 0x3A383838, 0x2638383A, 0x3A383838, 0x2638383A, 0x38383838, 0x2638383A,
    0x38383838, 0x26383838, 0x38383838, 0x26373838, 0x38383838, 0x26373838, 0x38383838, 0x26373738,
    0x4D4D4D66, 0x4D4D4D4D, 0x4D4D4D66, 0x4D4D4D4D, 0x4D4C4C66, 0x4D4D4D4D, 0x32494966, 0x4D4C4C32,
    0x32494966, 0x49494938, 0x49494966, 0x49494949, 0x4B4B2828, 0x28284B4B, 0x4B4B4B28, 0x2828284B,
    0x4D4D4D4D, 0x4D4D4D4D, 0x4D4D4D4D, 0x4C4C4D4D, 0x4D4D4D4D, 0x4C4C4C4D, 0x324D4D4D, 0x49494C32,
    0x324C4C4C, 0x49494938, 0x49494949, 0x49494949, 0x4B4B2828, 0x28284B4B, 0x4B4B4B28, 0x2828284B,
    0x4C4C4C4C, 0x4C4C4C4C, 0x49494C4C, 0x49494949, 0x49494949, 0x49494949, 0x32494949, 0x49494932,
    0x32494949, 0x49494938, 0x49494949, 0x49494949, 0x4B4B2828, 0x28284B4B, 0x4B4B4B28, 0x2828284B,
    0x4D4D4D4C, 0x4D4D4D4D, 0x4C4C4949, 0x494C4C4C, 0x49494949, 0x49494949, 0x32494949, 0x49494932,
    0x32494949, 0x49494938, 0x49494949, 0x49494949, 0x4B4B2828, 0x28284B4B, 0x4B4B4B28, 0x2828284B,
    0x4C4C4C4C, 0x49494949, 0x49494949, 0x49494949, 0x49494949, 0x49494949, 0x32494949, 0x49494932,
    0x32494949, 0x49494938, 0x49494949, 0x49494949, 0x4B4B2828, 0x28284B4B, 0x4B4B4B28, 0x2828284B,
    0x4D4C4C49, 0x4D4D4D4D, 0x4C494949, 0x4D4D4D4D, 0x49494949, 0x4D4D4C4C, 0x32494949, 0x4D4C4C32,
    0x32494949, 0x4C494938, 0x49494949, 0x49494949, 0x4B4B2828, 0x28284B4B, 0x4B4B4B28, 0x2828284B,
    0x4D4E4E4E, 0x4C4D4D4D, 0x4D4D4D4D, 0x494C4D4D, 0x4D4D4D4D, 0x49494C4D, 0x324D4D4D, 0x49494932,
    0x324C4C4C, 0x49494938, 0x49494949, 0x49494949, 0x4B4B2828, 0x28284B4B, 0x4B4B4B28, 0x2828284B,
    0x49494949, 0x49494949, 0x49494949, 0x49494949, 0x49494949, 0x49494949, 0x32494949, 0x49494932,
    0x32494949, 0x49494937, 0x49494949, 0x49494949, 0x4B4B2828, 0x28284B4B, 0x4B4B4B28, 0x2828284B,
    0x49494949, 0x49494949, 0x49494949, 0x49494949, 0x49494949, 0x49494949, 0x32494949, 0x49494932,
    0x32494949, 0x49494938, 0x49494949, 0x49494949, 0x4B4B2828, 0x28284B4B, 0x4B4B4B28, 0x2828284B,
    0x49494949, 0x49494949, 0x49494949, 0x49494949, 0x49494949, 0x49494949, 0x32494949, 0x49494932,
    0x32494949, 0x49494937, 0x49494949, 0x49494949, 0x4B4B2828, 0x28284B4B, 0x4B4B4B28, 0x2828284B,
    0x49494949, 0x49494949, 0x49494949, 0x49494949, 0x49494949, 0x49494949, 0x32494949, 0x49494932,
    0x32494949, 0x49494937, 0x49494949, 0x49494949, 0x4B4B2828, 0x28284B4B, 0x4B4B4B28, 0x2828284B,
    0x49494949, 0x49494949, 0x49494949, 0x49494949, 0x49494949, 0x49494949, 0x32494949, 0x49494932,
    0x32494949, 0x49494937, 0x49494949, 0x49494949, 0x4B4B2828, 0x28284B4B, 0x4B4B4B28, 0x2828284B,
    0x49494949, 0x49494949, 0x49494949, 0x49494949, 0x49494949, 0x49494949, 0x32494949, 0x49494932,
    0x32494949, 0x49494937, 0x49494949, 0x49494949, 0x4B4B2828, 0x28284B4B, 0x4B4B4B28, 0x2828284B,
    0x49494949, 0x49494949, 0x49494949, 0x49494949, 0x49494949, 0x49494949, 0x32494949, 0x49494932,
    0x32494949, 0x49494937, 0x49494949, 0x49494949, 0x4B4B2828, 0x28284B4B, 0x4B4B4B28, 0x2828284B,
    0x49494949, 0x49494949, 0x49494949, 0x49494949, 0x49494949, 0x49494949, 0x32494949, 0x49494932,
    0x32494949, 0x49494937, 0x49494949, 0x49494949, 0x4B4B2828, 0x28284B4B, 0x4B4B4B28, 0x2828284B,
    0x49494949, 0x49494949, 0x49494949, 0x49494949, 0x49494949, 0x49494949, 0x32494949, 0x49494932,
    0x32494949, 0x49494937, 0x49494949, 0x49494949, 0x4B4B2828, 0x28284B4B, 0x4B4B4B28, 0x2828284B,
    0x49494949, 0x4D4C4949, 0x49494949, 0x4C494949, 0x49494949, 0x49494949, 0x32494949, 0x49494932,
    0x32494949, 0x49494937, 0x49494949, 0x49494949, 0x4B4B2828, 0x28284B4B, 0x4B4B4B28, 0x2828284B,
    0x4D4D4D4D, 0x4E4E4D4D, 0x4D4D4D4C, 0x4D4D4D4D, 0x4D4C4C4C, 0x4D4D4D4D, 0x32494949, 0x4D4D4D32,
    0x32494949, 0x4C4C4938, 0x49494949, 0x49494949, 0x4B4B2828, 0x28284B4B, 0x4B4B4B28, 0x2828284B,
    0x4E4E4E4E, 0x4D4D4D4E, 0x4E4E4E4D, 0x4D4D4D4D, 0x4D4D4D4D, 0x4C4D4D4D, 0x324D4D4D, 0x494C4D32,
    0x324D4C4C, 0x49494938, 0x49494949, 0x49494949, 0x4B4B2828, 0x28284B4B, 0x4B4B4B28, 0x2828284B,
    0x4C4C4D4D, 0x66494949, 0x4949494C, 0x66494949, 0x49494949, 0x66494949, 0x32494949, 0x66494932,
    0x32494949, 0x66494937, 0x49494949, 0x66494949, 0x4B4B2828, 0x28284B4B, 0x4B4B4B28, 0x2828284B,
    0x3A3A3A26, 0x37373838, 0x3A3B3A26, 0x37373838, 0x3A3B3A26, 0x37373838, 0x3A3A3A26, 0x37373838,
    0x3A3A3A26, 0x37373838, 0x383A3A26, 0x37383838, 0x383A3A26, 0x38383837, 0x383A3A26, 0x38383837,
    0x3A383837, 0x3A3A3A3A, 0x3A3A3837, 0x3A3A3A3A, 0x3A3A3837, 0x3A3A3A3A, 0x383A3837, 0x3A3A3838,
    0x383A3838, 0x3A383838, 0x38383838, 0x3A383838, 0x38383838, 0x3A383838, 0x38383838, 0x3A373838,
    0x383A3A3A, 0x37373738, 0x383A3A3A, 0x37373737, 0x3A3A3A3A, 0x37383837, 0x3A3A3A3A, 0x37383838,
    0x3A3A3A3A, 0x37383838, 0x3A3A3A3B, 0x3838383A, 0x3A3A3A3D, 0x38383A3A, 0x3A3A3A3D, 0x383A3A3B,
    0x3A383838, 0x38383A3A, 0x3A383838, 0x38383A3A, 0x3A383838, 0x383A3A3B, 0x3A383838, 0x383A3A3B,
    0x3A383838, 0x383A3A3A, 0x3A383838, 0x38383A3A, 0x3A383838, 0x38383A3A, 0x3A383838, 0x38383A3A,
    0x38383737, 0x30373738, 0x37373737, 0x30373738, 0x37373737, 0x30373838, 0x37383837, 0x30373838,
    0x38383838, 0x30383838, 0x38383838, 0x30383838, 0x3A3A3838, 0x30383A3A, 0x3A3A3A38, 0x303A3A3A,
    0x37383842, 0x38383838, 0x37373842, 0x38383838, 0x37373842, 0x3A3A3837, 0x37373842, 0x3A3A3837,
    0x48373842, 0x3A38383D, 0x3D373842, 0x3838382B, 0x37373842, 0x38373837, 0x30303030, 0x30303030,
    0x3A3A3B3A, 0x37383A3A, 0x3A3A3D3A, 0x37383A3A, 0x3A3B3D3B, 0x37383A3A, 0x3A3B3D3A, 0x37383A38,
    0x3A3A3B3A, 0x37383A38, 0x3A3A3A3A, 0x38383A3A, 0x3A383838, 0x383A3A3A, 0x30303030, 0x30303030,
    0x3A3A3A38, 0x373A3A3A, 0x3A3A3838, 0x373A3A3A, 0x3A3A3837, 0x373A3A3A, 0x3A383838, 0x37383A3A,
    0x3A383838, 0x37383A3A, 0x38383838, 0x37383838, 0x38383838, 0x37383838, 0x30303030, 0x30303030,
    0x3A383737, 0x3A3A3A3A, 0x3A383837, 0x3A3A3A38, 0x38383837, 0x3A3A3A38, 0x38383837, 0x3A3A3A38,
    0x38383837, 0x383A3A38, 0x38383837, 0x38383838, 0x38383737, 0x3838383A, 0x30303030, 0x30303030,
    0x37383838, 0x26373737, 0x37383838, 0x26373837, 0x37373838, 0x26373837, 0x37373838, 0x26373837,
    0x48373738, 0x2637383D, 0x3D373738, 0x2637382B, 0x37373737, 0x26373837, 0x30303030, 0x26303030,
    0x61612F2F, 0x61616161, 0x2E2E5C5C, 0x2E2E2E2E, 0x2A2A5B5B, 0x2A2A2A2A, 0x29295959, 0x29292929,
    0x27272727, 0x27272727, 0x23232323, 0x23232323, 0x22222222, 0x22222222, 0x20202020, 0x20202020,
    0x2F2F2F2F, 0x2F2F2F2F, 0x2E2E2E2E, 0x5C5C2E2E, 0x2A2A2A2A, 0x5B5B2A2A, 0x29292929, 0x59592929,
    0x56565656, 0x27275656, 0x55555555, 0x23235555, 0x22222222, 0x22222222, 0x20202020, 0x20202020,
    0x2F2F2F2F, 0x61616161, 0x5C5C5C5C, 0x2E2E2E2E, 0x5B5B5B5B, 0x2A2A2A2A, 0x59595959, 0x29292929,
    0x27272727, 0x27272727, 0x23232323, 0x23232323, 0x22222222, 0x22222222, 0x20202020, 0x20202020,
    0x2F2F6161, 0x2F2F2F2F, 0x2E2E2E2E, 0x2E2E2E2E, 0x2A2A2A2A, 0x2A2A2A2A, 0x29292929, 0x29292929,
    0x56562727, 0x56565656, 0x55552323, 0x55555555, 0x22222222, 0x22222222, 0x20202020, 0x20202020,
    0x2F2F2F2F, 0x61612F2F, 0x5C5C5C5C, 0x2E2E5C5C, 0x5B5B5B5B, 0x2A2A5B5B, 0x59595959, 0x29295959,
    0x27272727, 0x27272727, 0x23232323, 0x23232323, 0x22222222, 0x22222222, 0x20202020, 0x20202020,
    0x61616161, 0x2F2F2F2F, 0x2E2E2E2E, 0x2E2E2E2E, 0x2A2A2A2A, 0x2A2A2A2A, 0x29292929, 0x29292929,
    0x27272727, 0x56565656, 0x23232323, 0x55555555, 0x22222222, 0x22222222, 0x20202020, 0x20202020,
    0x2F2F2F2F, 0x2F2F2F2F, 0x5C5C2E2E, 0x5C5C5C5C, 0x5B5B2A2A, 0x5B5B5B5B, 0x59592929, 0x59595959,
    0x27275656, 0x27272727, 0x23235555, 0x23232323, 0x22222222, 0x22222222, 0x20202020, 0x20202020,
    0x61616161, 0x2F2F6161, 0x2E2E2E2E, 0x2E2E2E2E, 0x2A2A2A2A, 0x2A2A2A2A, 0x29292929, 0x29292929,
    0x27272727, 0x56562727, 0x23232323, 0x55552323, 0x22222222, 0x22222222, 0x20202020, 0x20202020,
    0x2F2F2F2F, 0x2F2F2F2F, 0x2E2E2E2E, 0x5C5C5C5C, 0x2A2A2A2A, 0x5B5B5B5B, 0x29292929, 0x59595959,
    0x56565656, 0x27272727, 0x55555555, 0x23232323, 0x22222222, 0x22222222, 0x20202020, 0x20202020,
    0x61612F2F, 0x61616161, 0x2E2E5C5C, 0x2E2E2E2E, 0x2A2A5B5B, 0x2A2A2A2A, 0x29295959, 0x29292929,
    0x27272727, 0x27272727, 0x23232323, 0x23232323, 0x22222222, 0x22222222, 0x20202020, 0x20202020,
    0x2F2F2F2F, 0x2F2F2F2F, 0x2E2E2E2E, 0x5C5C2E2E, 0x2A2A2A2A, 0x5B5B2A2A, 0x29292929, 0x59592929,
    0x56565656, 0x27275656, 0x55555555, 0x23235555, 0x22222222, 0x22222222, 0x20202020, 0x20202020,
    0x2F2F2F2F, 0x61616161, 0x5C5C5C5C, 0x2E2E2E2E, 0x5B5B5B5B, 0x2A2A2A2A, 0x59595959, 0x29292929,
    0x27272727, 0x27272727, 0x23232323, 0x23232323, 0x22222222, 0x22222222, 0x20202020, 0x20202020,
    0x2F2F6161, 0x2F2F2F2F, 0x2E2E2E2E, 0x2E2E2E2E, 0x2A2A2A2A, 0x2A2A2A2A, 0x29292929, 0x29292929,
    0x56562727, 0x56565656, 0x55552323, 0x55555555, 0x22222222, 0x22222222, 0x20202020, 0x20202020,
    0x2F2F2F2F, 0x61612F2F, 0x5C5C5C5C, 0x2E2E5C5C, 0x5B5B5B5B, 0x2A2A5B5B, 0x59595959, 0x29295959,
    0x27272727, 0x27272727, 0x23232323, 0x23232323, 0x22222222, 0x22222222, 0x20202020, 0x20202020,
    0x61616161, 0x2F2F2F2F, 0x2E2E2E2E, 0x2E2E2E2E, 0x2A2A2A2A, 0x2A2A2A2A, 0x29292929, 0x29292929,
    0x27272727, 0x56565656, 0x23232323, 0x55555555, 0x22222222, 0x22222222, 0x20202020, 0x20202020,
    0x2F2F2F2F, 0x2F2F2F2F, 0x5C5C2E2E, 0x5C5C5C5C, 0x5B5B2A2A, 0x5B5B5B5B, 0x59592929, 0x59595959,
    0x27275656, 0x27272727, 0x23235555, 0x23232323, 0x22222222, 0x22222222, 0x20202020, 0x20202020,
    0x61616161, 0x2F2F6161, 0x2E2E2E2E, 0x2E2E2E2E, 0x2A2A2A2A, 0x2A2A2A2A, 0x29292929, 0x29292929,
    0x27272727, 0x56562727, 0x23232323, 0x55552323, 0x22222222, 0x22222222, 0x20202020, 0x20202020,
    0x2F2F2F2F, 0x2F2F2F2F, 0x2E2E2E2E, 0x5C5C5C5C, 0x2A2A2A2A, 0x5B5B5B5B, 0x29292929, 0x59595959,
    0x56565656, 0x27272727, 0x55555555, 0x23232323, 0x22222222, 0x22222222, 0x20202020, 0x20202020,
    0x61612F2F, 0x61616161, 0x2E2E5C5C, 0x2E2E2E2E, 0x2A2A5B5B, 0x2A2A2A2A, 0x29295959, 0x29292929,
    0x27272727, 0x27272727, 0x23232323, 0x23232323, 0x22222222, 0x22222222, 0x20202020, 0x20202020,
    0x2F2F2F2F, 0x2F2F2F2F, 0x2E2E2E2E, 0x5C5C2E2E, 0x2A2A2A2A, 0x5B5B2A2A, 0x29292929, 0x59592929,
    0x56565656, 0x27275656, 0x55555555, 0x23235555, 0x22222222, 0x22222222, 0x20202020, 0x20202020,
    0x38383826, 0x38383837, 0x38383826, 0x38383837, 0x37383826, 0x37383838, 0x37373826, 0x37373838,
    0x48373826, 0x3737383D, 0x3D373826, 0x3737382B, 0x38373826, 0x3737383A, 0x30303026, 0x30303030,
    0x38383838, 0x3A373738, 0x38383838, 0x3A373738, 0x38383837, 0x3A373738, 0x38383737, 0x3A373738,
    0x38383737, 0x38373738, 0x38373737, 0x38373838, 0x38373737, 0x38383838, 0x30303030, 0x30303030,
    0x3A3A3A3D, 0x383A3A3B, 0x3A3A3B3D, 0x3A3A3A3B, 0x3A3B3D3D, 0x3A3A3A3A, 0x3A3A3D3D, 0x3A3A3A3A,
    0x3A3A3D3D, 0x3A3A3A38, 0x383A3A3A, 0x3A3A3838, 0x383A3A3A, 0x3A3A3838, 0x30303030, 0x30303030,
    0x3A383838, 0x38383A3A, 0x3A383838, 0x38383A3A, 0x3838383A, 0x38383A3A, 0x3838383A, 0x38383A3A,
    0x38383838, 0x38383A38, 0x38373838, 0x38383A38, 0x38373838, 0x38383A38, 0x30303030, 0x30303030,
    0x3A3A3A38, 0x303A3A3A, 0x3A3A3A38, 0x303A3B3A, 0x3A3A3A38, 0x303A3B3B, 0x38383838, 0x303A3B3A,
    0x48383838, 0x303A3B3D, 0x3D383838, 0x303A3B2B, 0x3A38383A, 0x303A3B3B, 0x30303030, 0x30303030,
};
static const uint16_t board2_pal[256] = {
    0x0000, 0x0000, 0x0000, 0x0000, 0x0000, 0x0000, 0x0000, 0x0000,
    0x0000, 0x0000, 0x0000, 0x0000, 0x0000, 0x0000, 0x0000, 0x0000,
    0x0000, 0x0000, 0x0000, 0x0000, 0x0000, 0x0000, 0x0000, 0x0000,
    0x0000, 0x0000, 0x0000, 0x0000, 0x0000, 0x0000, 0x0000, 0x0000,
    0x0421, 0x0822, 0x0C42, 0x0C62, 0x0C43, 0x0C82, 0x0C63, 0x1063,
    0x1064, 0x1464, 0x1082, 0x10A2, 0x10A3, 0x14A3, 0x14C3, 0x18C3,
    0x18E3, 0x18E4, 0x1CE4, 0x1D04, 0x1485, 0x2104, 0x2105, 0x2125,
    0x2525, 0x2545, 0x2546, 0x2946, 0x2966, 0x2929, 0x2D66, 0x2D86,
    0x2D87, 0x2DA7, 0x31A7, 0x35A7, 0x31C7, 0x35C7, 0x35C8, 0x35E8,
    0x39E8, 0x3A08, 0x3A09, 0x3E09, 0x2D4A, 0x2D6A, 0x358B, 0x358C,
    0x39AC, 0x39AD, 0x171E, 0x3E29, 0x4229, 0x422A, 0x424A, 0x466A,
    0x464A, 0x4A6A, 0x4A8B, 0x4A6B, 0x4EAB, 0x4E8B, 0x41CE, 0x4EAC,
    0x52AC, 0x52CC, 0x460F, 0x4610, 0x5A94, 0x5ED5, 0x66F6, 0x6F38,
    0x6B39, 0x7FBC, 0x7FDD, 0x0000, 0x0000, 0x0000, 0x0000, 0x0000,
    0x0000, 0x0000, 0x0000, 0x0000, 0x0000, 0x0000, 0x0000, 0x0000,
    0x0000, 0x0000, 0x0000, 0x0000, 0x0000, 0x0000, 0x0000, 0x0000,
    0x0000, 0x0000, 0x0000, 0x0000, 0x0000, 0x0000, 0x0000, 0x0000,
    0x0000, 0x0000, 0x0000, 0x0000, 0x0000, 0x0000, 0x0000, 0x0000,
    0x0000, 0x0000, 0x0000, 0x0000, 0x0000, 0x0000, 0x0000, 0x0000,
    0x0000, 0x0000, 0x0000, 0x0000, 0x0000, 0x0000, 0x0000, 0x0000,
    0x0000, 0x0000, 0x0000, 0x0000, 0x0000, 0x0000, 0x0000, 0x0000,
    0x0000, 0x0000, 0x0000, 0x0000, 0x0000, 0x0000, 0x0000, 0x0000,
    0x0000, 0x0000, 0x0000, 0x0000, 0x0000, 0x0000, 0x0000, 0x0000,
    0x0000, 0x0000, 0x0000, 0x0000, 0x0000, 0x0000, 0x0000, 0x0000,
    0x0000, 0x0000, 0x0000, 0x0000, 0x0000, 0x0000, 0x0000, 0x0000,
    0x0000, 0x0000, 0x0000, 0x0000, 0x0000, 0x0000, 0x0000, 0x0000,
    0x0000, 0x0000, 0x0000, 0x0000, 0x0000, 0x0000, 0x0000, 0x0000,
    0x0000, 0x0000, 0x0000, 0x0000, 0x0000, 0x0000, 0x0000, 0x0000,
    0x0000, 0x0000, 0x0000, 0x0000, 0x0000, 0x0000, 0x0000, 0x0000,
    0x0000, 0x0000, 0x0000, 0x0000, 0x0000, 0x0000, 0x0000, 0x0000,
    0x0000, 0x0000, 0x0000, 0x0000, 0x0000, 0x0000, 0x0000, 0x0000,
    0x0000, 0x0000, 0x0000, 0x0000, 0x0000, 0x0000, 0x0000, 0x0000,
};
static const uint32_t board2_tiles[9600] = {
    0x3E3E3E3E, 0x3E3E3E3E, 0x3535353E, 0x35353535, 0x3535353E, 0x35353535, 0x3535353E, 0x35353535,
    0x4335353E, 0x35353538, 0x3835373E, 0x3535352A, 0x3537373E, 0x35353535, 0x3737373E, 0x35353537,
    0x3E3E3E3E, 0x3E3E3E3E, 0x35333333, 0x37353535, 0x35353335, 0x37353535, 0x35353535, 0x37353535,
    0x35353535, 0x35353535, 0x35353535, 0x35353535, 0x35353535, 0x35353535, 0x35353335, 0x35353535,
    0x3E3E3E3E, 0x3E3E3E3E, 0x35353535, 0x35353535, 0x35353535, 0x35353535, 0x35353535, 0x35353535,
    0x35373737, 0x35353535, 0x37373735, 0x35353535, 0x37383735, 0x35353535, 0x35383735, 0x35353535,
    0x3E3E3E3E, 0x3E3E3E3E, 0x37373735, 0x37373737, 0x37373735, 0x37373737, 0x35353535, 0x37353737,
    0x35353535, 0x35353537, 0x35353535, 0x35353537, 0x35353535, 0x35353535, 0x35353535, 0x35353535,
    0x3E3E3E3E, 0x253E3E3E, 0x37353737, 0x25353537, 0x37353737, 0x25353537, 0x37353737, 0x25353537,
    0x43353737, 0x25353538, 0x38353735, 0x2535352A, 0x35353735, 0x25353535, 0x35353735, 0x25353535,
    0x5C5C5C68, 0x5C5C5C5C, 0x5C5C5C68, 0x5C5C5C5C, 0x4E4E4E4E, 0x4E4E4E4E, 0x69696969, 0x69696969,
    0x67676767, 0x67676767, 0x64646464, 0x64646464, 0x62626262, 0x62626262, 0x4D4D4D4D, 0x4D4D4D4D,
    0x5F5F5F5F, 0x6060605F, 0x6A3D5F5F, 0x6060605F, 0x6A3D4E4E, 0x4E4E4E4E, 0x6A3D6969, 0x69696969,
    0x6A3D6767, 0x67676767, 0x6A3D6464, 0x64646464, 0x6A3D6262, 0x62626262, 0x6A3D4D4D, 0x4D4D4D4D,
    0x61616060, 0x61616161, 0x60606060, 0x61616161, 0x4E4E4E4E, 0x4E4E4E4E, 0x69696969, 0x69696969,
    0x67676767, 0x67676767, 0x64646464, 0x64646464, 0x62626262, 0x62626262, 0x4D4D4D4D, 0x4D4D4D4D,
    0x61616161, 0x60606060, 0x60616161, 0x5F606060, 0x4E4E4E4E, 0x4E4E4E4E, 0x69696969, 0x69696969,
    0x67676767, 0x67676767, 0x64646464, 0x64646464, 0x62626262, 0x62626262, 0x4D4D4D4D, 0x4D4D4D4D,
    0x5C5F5F5F, 0x5C5C5C5C, 0x5C5F5F5F, 0x5C5C5C5C, 0x4E4E4E4E, 0x4E4E4E4E, 0x69696969, 0x69696969,
    0x67676767, 0x67676767, 0x64646464, 0x64646464, 0x62626262, 0x62626262, 0x4D4D4D4D, 0x4D4D4D4D,
    0x5C5C5C5C, 0x5F5C5C5C, 0x5C5C6A3D, 0x5C5C5C5C, 0x4E4E6A3D, 0x4E4E4E4E, 0x69696A3D, 0x69696969,
    0x67676A3D, 0x67676767, 0x64646A3D, 0x64646464, 0x62626A3D, 0x62626262, 0x4D4D6A3D, 0x4D4D4D4D,
    0x5F5F5F5F, 0x5F5F5F5F, 0x5F5F5F5F, 0x5F5F5F5F, 0x4E4E4E4E, 0x4E4E4E4E, 0x69696969, 0x69696969,
    0x67676767, 0x67676767, 0x64646464, 0x64646464, 0x62626262, 0x62626262, 0x4D4D4D4D, 0x4D4D4D4D,
    0x5F5F5F5F, 0x5F5F5F5F, 0x5F5F5F5F, 0x5F5F5F5F, 0x4E4E4E4E, 0x4E4E4E4E, 0x69696969, 0x69696969,
    0x67676767, 0x67676767, 0x64646464, 0x64646464, 0x62626262, 0x62626262, 0x4D4D4D4D, 0x4D4D4D4D,
    0x60605F5F, 0x60606060, 0x5F5F5F5F, 0x6A3D6060, 0x4E4E4E4E, 0x6A3D4E4E, 0x69696969, 0x6A3D6969,
    0x67676767, 0x6A3D6767, 0x64646464, 0x6A3D6464, 0x62626262, 0x6A3D6262, 0x4D4D4D4D, 0x6A3D4D4D,
    0x60606060, 0x60606060, 0x60606060, 0x60606060, 0x4E4E4E4E, 0x4E4E4E4E, 0x69696969, 0x69696969,
    0x67676767, 0x67676767, 0x64646464, 0x64646464, 0x65696962, 0x65656565, 0x6569694D, 0x65656565,
    0x60606060, 0x60606060, 0x60606060, 0x60606060, 0x4E4E4E4E, 0x4E4E4E4E, 0x69696969, 0x69696969,
    0x67676767, 0x67676767, 0x64646464, 0x64646464, 0x65656565, 0x62505065, 0x65656565, 0x4D505065,
    0x5F5F6060, 0x5C5F5F5F, 0x5F5F5F60, 0x5C5C5F5F, 0x4E4E4E4E, 0x4E4E4E4E, 0x69696969, 0x69696969,
    0x67676767, 0x67676767, 0x64646464, 0x64646464, 0x62626262, 0x62626262, 0x4D4D4D4D, 0x4D4D4D4D,
    0x5C5C5C5C, 0x5C5C5C5C, 0x5C5C5C5C, 0x5C5C6A3D, 0x4E4E4E4E, 0x4E4E6A3D, 0x69696969, 0x69696A3D,
    0x67676767, 0x67676A3D, 0x64646464, 0x64646A3D, 0x62626262, 0x62626A3D, 0x4D4D4D4D, 0x4D4D6A3D,
    0x5F5F5F5F, 0x60605F5F, 0x5F5F5F5C, 0x60605F5F, 0x4E4E4E4E, 0x4E4E4E4E, 0x69696969, 0x69696969,
    0x67676767, 0x67676767, 0x64646464, 0x64646464, 0x62626262, 0x62626262, 0x4D4D4D4D, 0x4D4D4D4D,
    0x60606060, 0x61616161, 0x60606060, 0x61616160, 0x4E4E4E4E, 0x4E4E4E4E, 0x69696969, 0x69696969,
    0x67676767, 0x67676767, 0x64646464, 0x64646464, 0x62626262, 0x62626262, 0x4D4D4D4D, 0x4D4D4D4D,
    0x60616161, 0x60606060, 0x60606161, 0x60606060, 0x4E4E4E4E, 0x4E4E4E4E, 0x69696969, 0x69696969,
    0x67676767, 0x67676767, 0x64646464, 0x64646464, 0x62626262, 0x62626262, 0x4D4D4D4D, 0x4D4D4D4D,
    0x5F5F5F5F, 0x5C5F5F5F, 0x6A3D5F5F, 0x5C5C5F5F, 0x6A3D4E4E, 0x4E4E4E4E, 0x6A3D6969, 0x69696969,
    0x6A3D6767, 0x67676767, 0x6A3D6464, 0x64646464, 0x6A3D6262, 0x62626262, 0x6A3D4D4D, 0x4D4D4D4D,
    0x5C5C5C5C, 0x5C5C5C5C, 0x5C5C5C5C, 0x5C5C5C5C, 0x4E4E4E4E, 0x4E4E4E4E, 0x69696969, 0x69696969,
    0x67676767, 0x67676767, 0x64646464, 0x64646464, 0x62626262, 0x62626262, 0x4D4D4D4D, 0x4D4D4D4D,
    0x5C5C5C5C, 0x5C5C5C5C, 0x5C5C5C5C, 0x5C5C5C5C, 0x4E4E4E4E, 0x4E4E4E4E, 0x69696969, 0x69696969,
    0x67676767, 0x67676767, 0x64646464, 0x64646464, 0x62626262, 0x62626262, 0x4D4D4D4D, 0x4D4D4D4D,
    0x5C5C5C5C, 0x685C5C5C, 0x5C5C5C5C, 0x685C5C5C, 0x4E4E4E4E, 0x4E4E4E4E, 0x69696969, 0x69696969,
    0x67676767, 0x67676767, 0x64646464, 0x64646464, 0x62626262, 0x62626262, 0x4D4D4D4D, 0x4D4D4D4D,
    0x3E3E3E25, 0x3E3E3E3E, 0x35373825, 0x38383535, 0x35373825, 0x38373535, 0x35373825, 0x38373535,
    0x43373825, 0x38353538, 0x38373825, 0x3837352A, 0x37373825, 0x38373537, 0x37373725, 0x38373737,
    0x3E3E3E3E, 0x3E3E3E3E, 0x37373838, 0x37353535, 0x37373738, 0x37353535, 0x37373737, 0x37353535,
    0x37373737, 0x37353535, 0x38373737, 0x37353535, 0x37373737, 0x37353535, 0x37373838, 0x37353535,
    0x3E3E3E3E, 0x3E3E3E3E, 0x35353738, 0x35353535, 0x35353738, 0x35353535, 0x35353738, 0x35353535,
    0x35353738, 0x35353535, 0x35353738, 0x35353535, 0x35353838, 0x35353535, 0x35373838, 0x35353535,
    0x3E3E3E3E, 0x3E3E3E3E, 0x35353735, 0x35353735, 0x35373735, 0x35353535, 0x35373737, 0x35353535,
    0x37383737, 0x35353535, 0x37383837, 0x37373537, 0x37383837, 0x37373737, 0x38383737, 0x38383738,
    0x3E3E3E3E, 0x2D3E3E3E, 0x35353535, 0x2D383735, 0x35353535, 0x2D373735, 0x35353535, 0x2D353735,
    0x43353535, 0x2D353538, 0x38353535, 0x2D35352A, 0x37353537, 0x2D353537, 0x37353737, 0x2D353537,
    0x3737373E, 0x35373737, 0x3738373E, 0x35373737, 0x3737373E, 0x35353737, 0x3737373E, 0x35353537,
    0x3537373E, 0x35353535, 0x3537373E, 0x35353535, 0x3535373E, 0x35353535, 0x3535353E, 0x35353535,
    0x35333335, 0x35353535, 0x35333335, 0x35353535, 0x35333335, 0x35353535, 0x35353335, 0x35353535,
    0x35353535, 0x35353537, 0x35353535, 0x35353537, 0x37353535, 0x35353537, 0x37353535, 0x35353738,
    0x35383735, 0x35353335, 0x35383735, 0x35353335, 0x35383735, 0x35353535, 0x35373535, 0x35353535,
    0x35373535, 0x35353535, 0x35353535, 0x35373535, 0x35353535, 0x37373535, 0x35353535, 0x37373535,
    0x35353535, 0x35353535, 0x35353535, 0x35353535, 0x35353535, 0x35353535, 0x35353535, 0x35353535,
    0x35353535, 0x35353535, 0x35353735, 0x35353535, 0x37373735, 0x35353535, 0x37373737, 0x35353535,
    0x35353735, 0x25353533, 0x35353735, 0x25353533, 0x35353735, 0x25353533, 0x35353535, 0x25353535,
    0x35353535, 0x25353535, 0x35353535, 0x25353735, 0x35353535, 0x25353735, 0x35353535, 0x25353837,
    0x5C5C5C68, 0x5C5C5C5C, 0x5C5C5C68, 0x5C5C5C5C, 0x5C5C5C68, 0x5C5C5C5C, 0x375C5C68, 0x5C5C5C37,
    0x375C5C68, 0x5C5C5C40, 0x5C5C5C68, 0x5C5C5C5C, 0x5C5C5C68, 0x5C5C5C5C, 0x5C5C5C68, 0x5C5C5C5C,
    0x6A3D5F5F, 0x5F5F5F5F, 0x5F5F5F5F, 0x5F5F5F5F, 0x5F5F5F5F, 0x5F5F5F5F, 0x375F5F5C, 0x5F5F5F37,
    0x375F5F5C, 0x5F5F5F40, 0x5F5F5F5C, 0x5F5F5F5F, 0x5F5F5F5C, 0x5F5F5F5F, 0x5F5F5F5C, 0x5F5F5F5F,
    0x60606060, 0x60606060, 0x6060605F, 0x60606060, 0x605F5F5F, 0x60606060, 0x375F5F5F, 0x5F5F5F37,
    0x375F5F5F, 0x5F5F5F40, 0x5F5F5F5F, 0x5F5F5F5F, 0x5F5F5F5F, 0x5F5F5F5F, 0x5F5F5F5F, 0x5F5F5F5F,
    0x60606060, 0x5F5F5F5F, 0x5F606060, 0x5F5F5F5F, 0x5F5F5F60, 0x5F5F5F5F, 0x375F5F5F, 0x5C5F5F37,
    0x375F5F5F, 0x5C5C5F40, 0x5F5F5F5F, 0x5C5C5C5F, 0x5F5F5F5F, 0x5C5C5C5C, 0x5C5C5F5F, 0x5C5C5C5C,
    0x5C5C5C5F, 0x5C5C5C5C, 0x5C5C5C5F, 0x5C5C5C5C, 0x5C5C5C5C, 0x5C5C5C5C, 0x375C5C5C, 0x5C5C5C37,
    0x375C5C5C, 0x5C5C5C40, 0x5C5C5C5C, 0x5D5D5C5C, 0x5C5C5C5C, 0x5D5D5D5C, 0x5D5C5C5C, 0x5D5D5D5D,
    0x5C5C6A3D, 0x5C5C5C5C, 0x5C5C5C5C, 0x5C5C5C5C, 0x5C5C5C5C, 0x5C5C5C5C, 0x375C5C5C, 0x5C5C5C37,
    0x375C5C5C, 0x5C5C5C40, 0x5C5C5D5D, 0x5C5C5C5C, 0x5D5D5D5D, 0x5C5C5C5C, 0x5D5D5D5D, 0x5C5C5C5D,
    0x5F5F5C5C, 0x5F5F5F5F, 0x5F5F5C5C, 0x5F5F5F5F, 0x5F5F5C5C, 0x5F5F5F5F, 0x375C5C5C, 0x5F5F5F37,
    0x375C5C5C, 0x5F5F5F40, 0x5C5C5C5C, 0x5F5F5F5F, 0x5C5C5C5C, 0x5F5F5F5F, 0x5C5C5C5C, 0x5F5F5F5C,
    0x5F5F5F5F, 0x5F5F5F5F, 0x5F5F5F5F, 0x5F5F5F5F, 0x5F5F5F5F, 0x5F5F5F5F, 0x375F5F5F, 0x5F5F5F37,
    0x375F5F5F, 0x5F5F5F41, 0x5F5F5F5F, 0x5F5F5F5F, 0x5F5F5F5F, 0x5F5F5F5F, 0x5F5F5F5F, 0x5F5F5F5F,
    0x5C5C5F5F, 0x6A3D5C5C, 0x5C5C5F5F, 0x5F5F5C5C, 0x5C5C5F5F, 0x5F5F5C5C, 0x375C5F5F, 0x5F5F5C37,
    0x375C5F5F, 0x5F5F5C40, 0x5F5F5F5F, 0x5F5F5F5C, 0x5F5F5F5F, 0x5F5F5F5F, 0x5F5F5F5F, 0x5F5F5F5F,
    0x6569695F, 0x65656565, 0x6569695F, 0x65656565, 0x6569695F, 0x65656565, 0x69695F5F, 0x65656565,
    0x69695F5F, 0x65656565, 0x27665F5F, 0x27272727, 0x5F5F5F5F, 0x60606060, 0x5F5F5F5F, 0x6060605F,
    0x65656565, 0x5C505065, 0x65656565, 0x5C505065, 0x65656565, 0x5C505065, 0x65656565, 0x5C5F5050,
    0x65656565, 0x5C5F5050, 0x27272727, 0x5C5F4C27, 0x5F5F6060, 0x5F5F5F5F, 0x5F5F6060, 0x5F5F5F5F,
    0x5C5C5C5C, 0x5C5C5C5C, 0x5C5C5C5C, 0x5C5C5C5C, 0x5C5C5C5C, 0x5C5C5C5C, 0x375C5C5C, 0x5C5C5C37,
    0x375C5C5C, 0x5C5C5C40, 0x5C5C5C5C, 0x5C5C5C5C, 0x5C5C5C5C, 0x5C5C5C5C, 0x5C5C5C5F, 0x5C5C5C5C,
    0x5C5C5C5C, 0x5C5C6A3D, 0x5C5C5C5C, 0x5C5C5C5C, 0x5C5C5C5C, 0x5C5C5C5C, 0x375C5C5C, 0x5C5C5C37,
    0x375C5C5C, 0x5C5C5C40, 0x5C5C5C5C, 0x5C5C5C5C, 0x5C5C5C5C, 0x5D5C5C5C, 0x5C5C5C5C, 0x5D5D5D5D,
    0x5C5C5C5C, 0x5F5F5C5C, 0x5C5C5C5C, 0x5F5C5C5C, 0x5C5C5C5C, 0x5C5C5C5C, 0x375C5C5C, 0x5C5C5C37,
    0x375C5C5C, 0x5C5C5C40, 0x5C5C5C5C, 0x5C5C5C5C, 0x5C5D5D5D, 0x5C5C5C5C, 0x5D5D5D5D, 0x5C5C5C5C,
    0x5F5F5F5F, 0x60606060, 0x5F5F5F5F, 0x60606060, 0x5F5F5F5F, 0x6060605F, 0x375F5F5F, 0x605F5F37,
    0x375F5F5C, 0x5F5F5F40, 0x5F5F5C5C, 0x5F5F5F5F, 0x5F5C5C5C, 0x5F5F5F5F, 0x5C5C5C5C, 0x5F5F5F5C,
    0x60606060, 0x60606060, 0x60606060, 0x60606060, 0x60606060, 0x60606060, 0x38606060, 0x5F5F6038,
    0x375F5F5F, 0x5F5F5F41, 0x5F5F5F5F, 0x5F5F5F5F, 0x5F5F5F5F, 0x5F5F5F5F, 0x5F5F5F5F, 0x5C5C5F5F,
    0x6A3D5F60, 0x5C5C5C5F, 0x5F5F5F5F, 0x5C5C5C5F, 0x5F5F5F5F, 0x5C5C5C5C, 0x375F5F5F, 0x5C5C5C37,
    0x375F5F5F, 0x5C5C5C40, 0x5C5C5F5F, 0x5C5C5C5C, 0x5C5C5C5C, 0x5C5C5C5C, 0x5C5C5C5C, 0x5C5C5C5C,
    0x5C5C5C5C, 0x5C5C5C5C, 0x5C5C5C5C, 0x5C5C5C5C, 0x5C5C5C5C, 0x5C5C5C5C, 0x375C5C5C, 0x5C5C5C37,
    0x375C5C5C, 0x5D5D5C40, 0x5D5D5C5C, 0x5D5D5D5D, 0x5D5D5D5C, 0x5D5D5D5D, 0x5D5D5D5D, 0x5D5D5D5D,
    0x5C5C5C5C, 0x5C5C5C5C, 0x5C5C5C5C, 0x5D5C5C5C, 0x5C5C5C5C, 0x5D5D5C5C, 0x375C5C5C, 0x5D5D5D37,
    0x375D5D5D, 0x5D5D5D40, 0x5D5D5D5D, 0x5D5D5D5D, 0x5D5D5D5D, 0x5D5D5D5D, 0x5D5D5D5D, 0x5D5D5D5D,
    0x5D5D5D5D, 0x685D5D5D, 0x5D5D5D5D, 0x685D5D5D, 0x5D5D5D5D, 0x685D5D5D, 0x375D5D5D, 0x685D5D37,
    0x375D5D5D, 0x685D5D3F, 0x5D5D5D5D, 0x685D5D5D, 0x5D5D5D5D, 0x685D5D5D, 0x5D5D5D5D, 0x685D5D5D,
    0x37373725, 0x38373737, 0x37373725, 0x38373737, 0x37353725, 0x38373737, 0x37353725, 0x38373737,
    0x37353525, 0x38373738, 0x35353525, 0x38373738, 0x35353525, 0x38373538, 0x35353525, 0x37353537,
    0x37383838, 0x37353535, 0x37383838, 0x37353535, 0x37383838, 0x37353535, 0x37383838, 0x37353535,
    0x37373838, 0x35353535, 0x37373738, 0x35353535, 0x37353738, 0x35353535, 0x35353537, 0x35353535,
    0x35373838, 0x35353535, 0x35373838, 0x35353535, 0x35373838, 0x35353535, 0x37373838, 0x35353535,
    0x37373738, 0x35353535, 0x37373537, 0x35353535, 0x38373537, 0x35353535, 0x37373737, 0x35353537,
    0x38383737, 0x38383838, 0x38383737, 0x38383838, 0x38383735, 0x38383838, 0x38383735, 0x38383838,
    0x38383535, 0x37373738, 0x38383535, 0x37373738, 0x38383535, 0x35373738, 0x38383735, 0x35373738,
    0x37373738, 0x2D353537, 0x37373738, 0x2D353537, 0x37373738, 0x2D353537, 0x37353537, 0x2D353535,
    0x37353537, 0x2D373735, 0x37353535, 0x2D383735, 0x37353535, 0x2D383737, 0x37373535, 0x2D383837,
    0x3535353E, 0x35353535, 0x3535353E, 0x35353535, 0x3535353E, 0x35353535, 0x3535353E, 0x35353535,
    0x3535353E, 0x35353535, 0x3535353E, 0x35353535, 0x3535353E, 0x35353535, 0x3535353E, 0x35353535,
    0x37373735, 0x35353737, 0x37373737, 0x35353737, 0x37373737, 0x35353737, 0x37373737, 0x35353737,
    0x37373735, 0x35353537, 0x37373735, 0x35353535, 0x35373735, 0x35353535, 0x35373737, 0x35353535,
    0x35353535, 0x37373735, 0x35373535, 0x38373737, 0x35373535, 0x38373737, 0x35353535, 0x38373737,
    0x35353535, 0x37383837, 0x35353535, 0x37383837, 0x35353535, 0x37383838, 0x35353535, 0x35383837,
    0x37383838, 0x35353537, 0x38383838, 0x35353537, 0x38383838, 0x35353538, 0x37383838, 0x35353537,
    0x37373837, 0x35353537, 0x35353837, 0x35353535, 0x35353735, 0x35353535, 0x35353735, 0x35353535,
    0x35353535, 0x25353837, 0x37353335, 0x25353838, 0x37353335, 0x25353838, 0x37353335, 0x25353838,
    0x37353535, 0x25353738, 0x35353535, 0x25373737, 0x35353535, 0x25373737, 0x35353535, 0x25373535,
    0x5C5C5C68, 0x5C5C5C5C, 0x5C5C5C68, 0x5C5C5C5C, 0x5C5C5C68, 0x5C5C5C5C, 0x375C5C68, 0x5C5C5C37,
    0x375C5C68, 0x5C5C5C40, 0x5C5C5C68, 0x5C5C5C5C, 0x5C5C5C68, 0x5C5C5C5C, 0x5C5C5C68, 0x5C5C5C5C,
    0x5F5F5F5C, 0x5F5F5F5F, 0x5F5F5F5C, 0x5C5C5C5F, 0x5C5C5C5C, 0x5C5C5C5C, 0x375C5C5C, 0x5C5C5C37,
    0x375C5C5C, 0x5C5C5C40, 0x5C5C5C5C, 0x5C5C5C5C, 0x5C5C5C5C, 0x5C5C5C5C, 0x5C5C5C5C, 0x5C5C5C5C,
    0x5C5C5C5C, 0x5C5C5C5C, 0x5C5C5C5C, 0x5C5C5C5C, 0x5C5C5C5C, 0x5C5C5C5C, 0x375C5C5C, 0x5C5C5C37,
    0x375C5C5C, 0x5C5C5C40, 0x5C5C5C5C, 0x5C5C5C5C, 0x5C5C5C5C, 0x5C5C5C5C, 0x5C5C5C5C, 0x5C5C5C5C,
    0x5C5C5C5C, 0x5C5C5C5C, 0x5C5C5C5C, 0x5C5C5C5C, 0x5C5C5C5C, 0x5C5C5C5C, 0x375C5C5C, 0x5D5C5C37,
    0x375C5C5C, 0x5D5D5C40, 0x5C5C5C5C, 0x5D5D5D5C, 0x5C5C5C5C, 0x5D5D5D5D, 0x5D5C5C5C, 0x5D5D5D5D,
    0x5D5D5C5C, 0x5D5D5D5D, 0x5D5D5D5C, 0x5D5D5D5D, 0x5D5D5D5D, 0x5D5D5D5D, 0x375D5D5D, 0x5D5D5D37,
    0x375D5D5D, 0x5D5D5D3F, 0x5D5D5D5D, 0x5A5D5D5D, 0x5D5D5D5D, 0x5A5A5A5A, 0x5A5D5D5D, 0x5A5A5A5A,
    0x5D5D5D5D, 0x5C5C5C5D, 0x5D5D5D5D, 0x5C5C5D5D, 0x5D5D5D5D, 0x5C5D5D5D, 0x375D5D5D, 0x5D5D5D37,
    0x375D5D5D, 0x5D5D5D3F, 0x5D5D5A5A, 0x5D5D5D5D, 0x5D5A5A5A, 0x5D5D5D5D, 0x5A5A5A5A, 0x5D5D5D5A,
    0x5C5C5C5C, 0x5F5F5F5C, 0x5C5C5C5C, 0x5F5F5C5C, 0x5C5C5C5C, 0x5F5C5C5C, 0x375C5C5C, 0x5C5C5C37,
    0x375C5C5C, 0x5C5C5C40, 0x5C5C5C5D, 0x5C5C5C5C, 0x5C5C5D5D, 0x5C5C5C5C, 0x5C5D5D5D, 0x5C5C5C5C,
    0x5F5F5F5F, 0x5F5F5F5F, 0x5F5F5F5F, 0x5F5F5F5F, 0x5F5F5F5F, 0x5F5F5F5F, 0x375F5F5F, 0x5F5F5F37,
    0x375F5F5C, 0x5F5F5F40, 0x5F5F5C5C, 0x5F5F5F5F, 0x5C5C5C5C, 0x5C5C5C5C, 0x5C5C5C5C, 0x5C5C5C5C,
    0x5F5F5F5F, 0x5F5F5F5F, 0x5F5F5F5F, 0x5F5F5F5F, 0x5F5F5F5F, 0x5F5F5F5F, 0x375F5F5F, 0x5F5F5F37,
    0x375F5F5F, 0x5F5F5F40, 0x5F5F5F5F, 0x5F5F5F5F, 0x5C5C5C5C, 0x5F5C5C5C, 0x5C5C5C5C, 0x5C5C5C5C,
    0x5F5F5F5F, 0x5F5F5F5F, 0x5F5F5F5F, 0x5F5F5F5F, 0x5F5F5F5F, 0x5F5F5F5F, 0x375F5F5F, 0x5F5F5F37,
    0x375F5F5F, 0x5F5F5F40, 0x5F5F5F5F, 0x5F5F5F5F, 0x5F5F5F5F, 0x5F5F5F5F, 0x5F5F5F5C, 0x5F5F5F5F,
    0x5F5F5F5F, 0x5F5F5F5F, 0x5F5F5F5F, 0x5F5F5F5F, 0x5F5F5F5F, 0x5F5F5F5F, 0x375F5F5F, 0x5F5F5F37,
    0x375F5F5F, 0x5F5F5F40, 0x5F5F5F5F, 0x5F5F5F5F, 0x5F5F5F5F, 0x5F5F5F5F, 0x5F5F5F5F, 0x5C5C5F5F,
    0x5C5C5C5F, 0x5C5C5C5C, 0x5C5C5F5F, 0x5C5C5C5C, 0x5C5C5F5F, 0x5C5C5C5C, 0x375C5F5F, 0x5C5C5C37,
    0x375C5F5F, 0x5D5C5C40, 0x5C5C5C5F, 0x5D5C5C5C, 0x5C5C5C5C, 0x5D5D5C5C, 0x5C5C5C5C, 0x5D5D5C5C,
    0x5D5C5C5C, 0x5D5D5D5D, 0x5D5D5D5C, 0x5D5D5D5D, 0x5D5D5D5D, 0x5D5D5D5D, 0x375D5D5D, 0x5D5D5D37,
    0x375D5D5D, 0x5D5D5D3F, 0x5D5D5D5D, 0x5D5D5D5D, 0x5D5D5D5D, 0x5D5D5D5D, 0x5D5D5D5D, 0x5D5D5D5D,
    0x5D5D5D5D, 0x5C5C5D5D, 0x5D5D5D5D, 0x5C5D5D5D, 0x5D5D5D5D, 0x5D5D5D5D, 0x375D5D5D, 0x5D5D5D37,
    0x375D5D5D, 0x5D5D5D3F, 0x5D5D5D5D, 0x5D5D5D5D, 0x5D5A5A5A, 0x5D5D5D5D, 0x5A5A5A5A, 0x5D5D5D5D,
    0x5C5C5C5C, 0x5C5C5C5C, 0x5C5C5C5C, 0x5C5C5C5C, 0x5C5C5C5C, 0x5C5C5C5C, 0x375C5C5D, 0x5C5C5C37,
    0x375C5C5D, 0x5C5C5C40, 0x5C5C5D5D, 0x5C5C5C5C, 0x5C5C5D5D, 0x5C5C5C5C, 0x5C5C5D5D, 0x5C5C5C5C,
    0x5C5C5C5C, 0x5C5C5C5C, 0x5C5C5C5C, 0x5C5C5C5C, 0x5C5C5C5C, 0x5C5C5C5C, 0x375C5C5C, 0x5C5C5C37,
    0x375C5C5C, 0x5C5C5C40, 0x5C5C5C5C, 0x5C5C5C5C, 0x5C5C5C5C, 0x5D5C5C5C, 0x5C5C5C5C, 0x5D5D5C5C,
    0x5C5C5C5C, 0x5D5D5C5C, 0x5C5C5C5C, 0x5D5D5D5C, 0x5D5C5C5C, 0x5D5D5D5D, 0x375D5C5C, 0x5D5D5D37,
    0x375D5D5C, 0x5D5D5D40, 0x5D5D5D5D, 0x5D5D5D5D, 0x5D5D5D5D, 0x5D5D5D5D, 0x5D5D5D5D, 0x5D5D5D5D,
    0x5D5D5D5D, 0x5D5D5D5D, 0x5D5D5D5D, 0x5D5D5D5D, 0x5D5D5D5D, 0x5D5D5D5D, 0x375D5D5D, 0x5A5D5D37,
    0x375D5D5D, 0x5A5A5D3F, 0x5D5D5D5D, 0x5A5A5A5A, 0x5A5D5D5D, 0x5A5A5A5A, 0x5A5A5D5D, 0x5A5A5A5A,
    0x5D5D5D5D, 0x5D5D5D5D, 0x5D5D5D5D, 0x5A5A5A5A, 0x5A5A5A5D, 0x5A5A5A5A, 0x375A5A5A, 0x5A5A5A37,
    0x375A5A5A, 0x5A5A5A3F, 0x5A5A5A5A, 0x5A5A5A5A, 0x5A5A5A5A, 0x5A5A5A5A, 0x5A5A5A5A, 0x5A5A5A5A,
    0x5D5D5D5D, 0x685D5D5D, 0x5D5D5D5A, 0x685D5D5D, 0x5A5A5A5A, 0x685A5A5A, 0x375A5A5A, 0x685A5A37,
    0x375A5A5A, 0x685A5A3F, 0x5A5A5A5A, 0x685A5A5A, 0x5A5A5A5A, 0x685A5A5A, 0x5A5A5A5A, 0x685A5A5A,
    0x35353525, 0x37353535, 0x35353525, 0x35353535, 0x35353525, 0x35353535, 0x35353525, 0x35353535,
    0x35353525, 0x35353535, 0x35353525, 0x37353535, 0x35353525, 0x35353535, 0x35353525, 0x35353535,
    0x35353535, 0x35353535, 0x35353535, 0x35353535, 0x35353535, 0x35353735, 0x35353535, 0x35353735,
    0x35353535, 0x35353735, 0x35353535, 0x35353735, 0x35353535, 0x35353735, 0x35353535, 0x35353735,
    0x37373737, 0x35353737, 0x37373735, 0x35373738, 0x37373735, 0x35373738, 0x37373735, 0x35353738,
    0x37373735, 0x35353738, 0x37373537, 0x35353737, 0x37373537, 0x35353537, 0x37373537, 0x35353537,
    0x38373737, 0x35373738, 0x38373737, 0x35373738, 0x38373837, 0x35373838, 0x38373837, 0x35353738,
    0x38373837, 0x35353738, 0x37373837, 0x35353537, 0x37373837, 0x35353537, 0x35373837, 0x37353535,
    0x38373735, 0x2D373838, 0x38383735, 0x2D373838, 0x38383735, 0x2D373838, 0x37373735, 0x2D373838,
    0x37373535, 0x2D373838, 0x35353535, 0x2D373737, 0x35353537, 0x2D373737, 0x35353537, 0x2D373735,
    0x3535353E, 0x35353535, 0x3535373E, 0x35353535, 0x3537373E, 0x35353535, 0x3537373E, 0x37353535,
    0x3537373E, 0x35353535, 0x3537373E, 0x35353535, 0x3737373E, 0x35353535, 0x3737373E, 0x35353535,
    0x35373737, 0x35353535, 0x35373837, 0x35353535, 0x35373838, 0x35353535, 0x35373838, 0x35353535,
    0x35373838, 0x35353535, 0x35353837, 0x35353535, 0x35353837, 0x35353535, 0x35353735, 0x35353535,
    0x35353535, 0x35373837, 0x35353535, 0x35353737, 0x35353535, 0x35353735, 0x35353535, 0x35353735,
    0x35353535, 0x35353737, 0x35353535, 0x35353737, 0x35353535, 0x35353737, 0x35353535, 0x35353735,
    0x35353735, 0x35353535, 0x35353535, 0x35353535, 0x35353535, 0x35353535, 0x35353535, 0x35353535,
    0x35353535, 0x35353535, 0x35353535, 0x35353535, 0x35353535, 0x35353535, 0x35353535, 0x35353535,
    0x35353535, 0x25373535, 0x35353535, 0x25373535, 0x35353535, 0x25373535, 0x35353535, 0x25373535,
    0x35353535, 0x25373535, 0x35353535, 0x25373535, 0x35353535, 0x25353535, 0x35353535, 0x25353535,
    0x5C5C5C68, 0x5C5C5C5C, 0x5C5C5C68, 0x5C5C5C5C, 0x5C5C5C68, 0x5C5C5C5C, 0x375C5C68, 0x5C5C5C37,
    0x375C5C68, 0x5C5C5C40, 0x5C5C5C68, 0x5C5C5C5C, 0x5C5C5C68, 0x5C5C5C5C, 0x5C5C5C68, 0x5C5C5C5C,
    0x5C5C5C5C, 0x5C5C5C5C, 0x5C5C5C5C, 0x5C5C5C5C, 0x5C5C5C5C, 0x5C5C5C5C, 0x375C5C5C, 0x5C5C5C37,
    0x375C5C5C, 0x5D5C5C40, 0x5C5C5C5C, 0x5D5D5D5C, 0x5C5C5C5C, 0x5D5D5D5D, 0x5D5D5D5C, 0x5D5D5D5D,
    0x5C5C5C5C, 0x5C5C5C5C, 0x5C5C5C5C, 0x5D5C5C5C, 0x5D5C5C5C, 0x5D5D5D5D, 0x375D5D5D, 0x5D5D5D37,
    0x375D5D5D, 0x5D5D5D40, 0x5D5D5D5D, 0x5D5D5D5D, 0x5D5D5D5D, 0x5D5D5D5D, 0x5D5D5D5D, 0x5D5D5D5D,
    0x5D5D5D5C, 0x5D5D5D5D, 0x5D5D5D5D, 0x5D5D5D5D, 0x5D5D5D5D, 0x5A5D5D5D, 0x375D5D5D, 0x5A5A5D37,
    0x375D5D5D, 0x5A5A5A3F, 0x5A5D5D5D, 0x5A5A5A5A, 0x5A5A5D5D, 0x5A5A5A5A, 0x5A5A5A5A, 0x5A5A5A5A,
    0x5A5A5A5D, 0x5A5A5A5A, 0x5A5A5A5A, 0x5A5A5A5A, 0x5A5A5A5A, 0x5A5A5A5A, 0x375A5A5A, 0x5A5A5A37,
    0x375A5A5A, 0x5A5A5A3F, 0x5A5A5A5A, 0x5A5A5A5A, 0x5A5A5A5A, 0x5A5A5A5A, 0x5A5A5A5A, 0x5A5A5A5A,
    0x5A5A5A5A, 0x5D5D5A5A, 0x5A5A5A5A, 0x5D5A5A5A, 0x5A5A5A5A, 0x5A5A5A5A, 0x375A5A5A, 0x5A5A5A37,
    0x375A5A5A, 0x5A5A5A3F, 0x5A5A5A5A, 0x5A5A5A5A, 0x5A5A5A5A, 0x5A5A5A5A, 0x5A5A5A5A, 0x5A5A5A5A,
    0x5D5D5D5D, 0x5C5C5C5C, 0x5D5D5D5D, 0x5C5C5C5D, 0x5D5D5D5D, 0x5C5C5C5D, 0x375D5D5D, 0x5C5C5D37,
    0x375D5D5A, 0x5C5D5D40, 0x5D5D5A5A, 0x5D5D5D5D, 0x5D5D5A5A, 0x5D5D5D5D, 0x5D5A5A5A, 0x5D5D5D5D,
    0x5C5C5C5C, 0x5C5C5C5C, 0x5C5C5C5C, 0x5C5C5C5C, 0x5C5C5C5C, 0x5C5C5C5C, 0x375C5C5C, 0x5C5C5C37,
    0x375C5C5C, 0x5C5C5C40, 0x5C5C5C5C, 0x5C5C5C5C, 0x5C5C5C5C, 0x5C5C5C5C, 0x5C5C5D5D, 0x5C5C5C5C,
    0x5C5C5C5C, 0x5C5C5C5C, 0x5C5C5C5C, 0x5C5C5C5C, 0x5C5C5C5C, 0x5C5C5C5C, 0x375C5C5C, 0x5C5C5C37,
    0x375C5C5C, 0x5C5C5C40, 0x5C5C5C5C, 0x5C5C5C5C, 0x5C5C5C5C, 0x5C5C5C5C, 0x5C5C5C5C, 0x5C5C5C5C,
    0x5F5F5C5C, 0x5F5F5F5F, 0x5F5C5C5C, 0x5F5F5F5F, 0x5F5C5C5C, 0x5F5F5F5F, 0x375C5C5C, 0x5F5F5F37,
    0x375C5C5C, 0x5F5F5F40, 0x5C5C5C5C, 0x5F5F5F5C, 0x5C5C5C5C, 0x5C5C5C5C, 0x5C5C5C5C, 0x5C5C5C5C,
    0x5F5F5F5F, 0x5C5C5C5F, 0x5F5F5F5F, 0x5C5C5C5C, 0x5C5F5F5F, 0x5C5C5C5C, 0x375C5F5F, 0x5C5C5C37,
    0x375C5C5F, 0x5C5C5C40, 0x5C5C5C5C, 0x5C5C5C5C, 0x5C5C5C5C, 0x5C5C5C5C, 0x5C5C5C5C, 0x5D5C5C5C,
    0x5C5C5C5C, 0x5D5D5D5C, 0x5C5C5C5C, 0x5D5D5D5C, 0x5C5C5C5C, 0x5D5D5D5D, 0x375D5C5C, 0x5D5D5D37,
    0x375D5D5C, 0x5D5D5D40, 0x5D5D5D5D, 0x5D5D5D5D, 0x5D5D5D5D, 0x5D5D5D5D, 0x5D5D5D5D, 0x5D5D5D5D,
    0x5D5D5D5D, 0x5D5D5D5D, 0x5D5D5D5D, 0x5D5D5D5D, 0x5D5D5D5D, 0x5D5D5D5D, 0x375D5D5D, 0x5D5D5D37,
    0x375D5D5D, 0x5D5D5D3F, 0x5D5D5D5D, 0x5D5D5D5D, 0x5D5D5D5D, 0x5D5D5D5D, 0x5D5D5D5D, 0x5D5D5D5D,
    0x5A5A5A5A, 0x5D5D5D5A, 0x5A5A5A5A, 0x5D5D5D5A, 0x5A5A5A5A, 0x5D5D5D5A, 0x375A5A5A, 0x5D5D5D37,
    0x375A5A5D, 0x5D5D5A3F, 0x5A5A5A5D, 0x5D5D5A5A, 0x5A5A5A5D, 0x5D5D5A5A, 0x5A5A5D5D, 0x5D5D5A5A,
    0x5C5D5D5D, 0x5C5C5C5C, 0x5C5D5D5D, 0x5C5C5C5C, 0x5C5D5D5D, 0x5C5C5C5C, 0x375D5D5D, 0x5C5C5C37,
    0x375D5D5D, 0x5C5C5C40, 0x5C5D5D5D, 0x5C5C5C5C, 0x5D5D5D5D, 0x5C5C5C5C, 0x5D5D5D5D, 0x5D5C5C5D,
    0x5C5C5C5C, 0x5D5D5D5C, 0x5C5C5C5C, 0x5D5D5D5D, 0x5D5C5C5C, 0x5D5D5D5D, 0x375C5C5C, 0x5D5D5D37,
    0x375D5C5C, 0x5D5D5D40, 0x5D5D5C5C, 0x5A5D5D5D, 0x5D5D5D5C, 0x5A5A5D5D, 0x5D5D5D5D, 0x5A5A5D5D,
    0x5D5D5D5D, 0x5D5D5D5D, 0x5D5D5D5D, 0x5A5D5D5D, 0x5D5D5D5D, 0x5A5A5A5A, 0x375A5D5D, 0x5A5A5A37,
    0x375A5A5A, 0x5A5A5A3F, 0x5A5A5A5A, 0x5A5A5A5A, 0x5A5A5A5A, 0x5A5A5A5A, 0x5A5A5A5A, 0x5A5A5A5A,
    0x5A5A5A5A, 0x5A5A5A5A, 0x5A5A5A5A, 0x5A5A5A5A, 0x5A5A5A5A, 0x5A5A5A5A, 0x375A5A5A, 0x5D5A5A37,
    0x375A5A5A, 0x5D5D5A3F, 0x5A5A5A5A, 0x5D5D5A5A, 0x5A5A5A5A, 0x5D5D5D5A, 0x5A5A5A5A, 0x5D5D5D5D,
    0x5A5A5A5A, 0x5A5A5A5A, 0x5A5A5A5A, 0x5A5A5A5A, 0x5D5D5A5A, 0x5A5A5A5A, 0x375D5D5D, 0x5A5A5D37,
    0x375D5D5D, 0x5A5D5D3F, 0x5D5D5D5D, 0x5D5D5D5D, 0x5D5D5D5D, 0x5D5D5D5D, 0x5D5D5D5D, 0x5D5D5D5D,
    0x5A5A5A5A, 0x685A5A5A, 0x5A5A5A5A, 0x685A5A5A, 0x5A5A5A5A, 0x685A5A5A, 0x375A5A5A, 0x685A5A37,
    0x375A5A5A, 0x685A5A3F, 0x5A5A5A5A, 0x685A5A5A, 0x5A5A5A5A, 0x685A5A5A, 0x5A5A5A5D, 0x685A5A5A,
    0x35353525, 0x35353535, 0x35353525, 0x35353535, 0x35353525, 0x35353535, 0x35353525, 0x35353535,
    0x35353525, 0x35353535, 0x35353525, 0x35353535, 0x35353525, 0x37353535, 0x35353525, 0x37353535,
    0x35353535, 0x35353535, 0x35353535, 0x35353535, 0x35353535, 0x35353535, 0x35353735, 0x35353535,
    0x35353535, 0x35353535, 0x35353537, 0x35353535, 0x35353537, 0x35353535, 0x35353537, 0x35353535,
    0x37373537, 0x35353537, 0x37373737, 0x35353537, 0x38373737, 0x35353537, 0x38373737, 0x35353537,
    0x37373737, 0x35353535, 0x37373737, 0x35353535, 0x37373737, 0x35353535, 0x37373737, 0x35353535,
    0x35373837, 0x37353535, 0x35373837, 0x37353535, 0x35373837, 0x38373535, 0x35373837, 0x38373535,
    0x35373837, 0x38373535, 0x35373837, 0x38373535, 0x35373837, 0x38373535, 0x35373837, 0x38373535,
    0x35353537, 0x2D373735, 0x35353537, 0x2D373735, 0x35353537, 0x2D373735, 0x35353537, 0x2D373735,
    0x35353537, 0x2D373735, 0x35353537, 0x2D373735, 0x35353537, 0x2D373735, 0x35353538, 0x2D373735,
    0x3737373E, 0x35353535, 0x3737373E, 0x35373535, 0x3535373E, 0x35373735, 0x3535373E, 0x35373735,
    0x4335373E, 0x35373738, 0x3835373E, 0x3537372A, 0x3535373E, 0x35373535, 0x2D2D2D2D, 0x2D2D2D2D,
    0x35353735, 0x35353535, 0x35353535, 0x35353535, 0x35353535, 0x33353535, 0x35353535, 0x33353535,
    0x35353535, 0x33353535, 0x35353535, 0x33353535, 0x35353535, 0x35353535, 0x2D2D2D2D, 0x2D2D2D2D,
    0x35353535, 0x35353535, 0x35353535, 0x35353535, 0x35353535, 0x35353535, 0x37373535, 0x35353535,
    0x37373535, 0x35353535, 0x35353535, 0x35353535, 0x35353535, 0x35353535, 0x2D2D2D2D, 0x2D2D2D2D,
    0x35353535, 0x35353535, 0x35353535, 0x35353535, 0x35353535, 0x35353535, 0x35353535, 0x35353535,
    0x35353535, 0x35353535, 0x35353535, 0x35353535, 0x35353535, 0x35353535, 0x2D2D2D2D, 0x2D2D2D2D,
    0x35353535, 0x25353535, 0x35353535, 0x25353535, 0x35353535, 0x25353535, 0x35353535, 0x25353535,
    0x43353535, 0x25353538, 0x38353535, 0x2535352A, 0x35353535, 0x25353535, 0x2D2D2D2D, 0x252D2D2D,
    0x5C5C5C68, 0x5D5D5C5C, 0x5C5C5C68, 0x5D5D5D5D, 0x5D5D5C68, 0x5D5D5D5D, 0x375D5D68, 0x5D5D5D37,
    0x375D5D68, 0x5A5D5D3F, 0x5D5D5D68, 0x5A5A5D5D, 0x5D5D5D68, 0x5A5A5A5D, 0x5D5D5D68, 0x5A5A5A5A,
    0x5D5D5D5D, 0x5D5D5D5D, 0x5D5D5D5D, 0x5D5D5D5D, 0x5D5D5D5D, 0x5A5D5D5D, 0x375A5A5D, 0x5A5A5A37,
    0x375A5A5A, 0x5A5A5A3F, 0x5A5A5A5A, 0x5A5A5A5A, 0x5A5A5A5A, 0x5A5A5A5A, 0x5A5A5A5A, 0x5A5A5A5A,
    0x5D5D5D5D, 0x5A5D5D5D, 0x5D5D5D5D, 0x5A5A5A5D, 0x5A5A5A5A, 0x5A5A5A5A, 0x375A5A5A, 0x5B5B5A37,
    0x375A5A5A, 0x5B5A5A3F, 0x5A5A5A5A, 0x5A5A5A5B, 0x575A5A5A, 0x5A5A5B5B, 0x575A5A5A, 0x5A5A5A57,
    0x5A5A5A5A, 0x5A5A5A5A, 0x5A5A5A5A, 0x5A5A5A5A, 0x5A5A5A5A, 0x5A5A5A5A, 0x33585759, 0x5A5A4B32,
    0x3358575B, 0x5A484B39, 0x5A5A5A5A, 0x46484A5A, 0x5A5A5A5A, 0x46465A5A, 0x5A5A5A5A, 0x425A5A5A,
    0x5A5A5A5A, 0x5A5A5A5A, 0x5A5A5A5A, 0x5A5A5A5A, 0x5A5A5A5A, 0x5A5A5A5A, 0x375A5A5A, 0x5A5A5A37,
    0x375A5A5A, 0x5A5A5A3F, 0x5A5A5A5A, 0x5A5A5A5A, 0x5A5A5A42, 0x5A5A5A5A, 0x5A5A5A42, 0x5A5A5A5A,
    0x5A5A5A5A, 0x5A5A5A5A, 0x5A5A5A5A, 0x5A5A5A5A, 0x5A5A5A5A, 0x5A5A5A5A, 0x375A5A5A, 0x5A5A5A37,
    0x375A5A5A, 0x5A5A5A3F, 0x5A5A5A5A, 0x5A5A5A5A, 0x5A5A5A5A, 0x5A5A5A5A, 0x5A5A5A5A, 0x5A5A5A5A,
    0x5D5A5A5A, 0x5D5D5D5D, 0x5D5A5A5A, 0x5D5D5D5D, 0x5D5A5A5A, 0x5D5D5D5D, 0x375A5A5A, 0x5D5D5D37,
    0x375A5A5A, 0x5D5D5D3F, 0x5A5A5A5A, 0x5A5A5A5A, 0x5A5A5A5A, 0x595A5A5A, 0x5A5A5A5A, 0x575A5A5A,
    0x5D5D5D5D, 0x5D5D5D5D, 0x5D5D5D5D, 0x5D5D5D5D, 0x5D5D5D5D, 0x5D5D5D5D, 0x375A5D5D, 0x56585735,
    0x375A5A5D, 0x5658573E, 0x5A5A5A5B, 0x5A5A5A5A, 0x5A5A5B5B, 0x5A5A5A5A, 0x5A5A5A57, 0x5A5A5A5A,
    0x5D5D5D5D, 0x5C5D5D5D, 0x5D5D5D5D, 0x5D5D5D5D, 0x5D5D5D5D, 0x5D5D5D5D, 0x375D5354, 0x5D5D5D37,
    0x374A4B54, 0x5D5D5D3F, 0x47484B5A, 0x5D5D5D5D, 0x46475A5A, 0x5D5A5A45, 0x425A5A5A, 0x5A5A5A42,
    0x5C5C5C5C, 0x5C5C5C5C, 0x5C5C5C5C, 0x5C5C5C5C, 0x5C5C5C5D, 0x5C5C5C5C, 0x375C5D5D, 0x5C5C5C37,
    0x375D5D5D, 0x5C5C5C40, 0x5D5D5D5D, 0x5C5C5C5D, 0x5D5D5D5D, 0x5D5D5D5D, 0x5D5D5D5D, 0x5D5D5D5D,
    0x5C5C5C5C, 0x5D5C5C5C, 0x5C5C5C5C, 0x5D5D5C5C, 0x5C5C5C5C, 0x5D5D5C5C, 0x375C5C5C, 0x5D5D5D37,
    0x375C5C5C, 0x5D5D5D40, 0x5D5D5C5C, 0x5D5D5D5D, 0x5D5D5D5D, 0x5D5D5D5D, 0x5D5D5D5D, 0x5D5D5D5D,
    0x5D5D5D5D, 0x5D5D5D5D, 0x5D5D5D5D, 0x5D5D5D5D, 0x5D5D5D5D, 0x5D5D5D5D, 0x375D5D5D, 0x5A5A5D37,
    0x375D5D5D, 0x5A5A5A40, 0x5D5D5D5D, 0x5D5A5A5A, 0x5B5D5D5D, 0x5D5D5A5A, 0x575D5D5D, 0x5D5D5D5B,
    0x5D5D5D5D, 0x5D5D5D5D, 0x5D5D5D5D, 0x5D5D5D5D, 0x5D5D5D5D, 0x5D5D5D5D, 0x33575B5A, 0x5D5D5333,
    0x33575B5A, 0x5D4B5339, 0x5C5C5C5C, 0x48494B5C, 0x5C5C5C5C, 0x46485C5C, 0x5C5C5D5D, 0x455D5C5C,
    0x5D5D5D5D, 0x5D5D5D5D, 0x5D5D5D5D, 0x5D5D5D5D, 0x5D5D5D5D, 0x5D5D5D5D, 0x375D5D5D, 0x5D5D5D37,
    0x375D5D5D, 0x5D5D5D40, 0x5D5D5D5D, 0x5D5D5D5D, 0x5D5D5D46, 0x5D5D5D5D, 0x5D5D5D42, 0x5D5D5D5D,
    0x5D5D5D5D, 0x5D5D5D5D, 0x5D5D5D5D, 0x5D5D5D5D, 0x5D5D5D5D, 0x5D5D5D5D, 0x375D5D5D, 0x5A5A5A37,
    0x375A5D5D, 0x5A5A5A3F, 0x5A5A5A5D, 0x5A5A5A5A, 0x5A5A5A5D, 0x5A5A5A5A, 0x5A5A5A5D, 0x5A5A5A5A,
    0x5D5D5D5D, 0x5A5A5A5D, 0x5D5D5D5D, 0x5A5A5A5A, 0x5A5A5D5D, 0x5A5A5A5A, 0x375A5A5A, 0x5A5A5A37,
    0x375A5A5A, 0x5A5A5A3F, 0x5A5A5A5A, 0x5A5A5A5A, 0x5A5A5A5A, 0x575A5A5A, 0x5A5A5A5A, 0x575A5A5A,
    0x5A5A5A5A, 0x5A5A5A5A, 0x5A5A5A5A, 0x5A5A5A5A, 0x5A5A5A5A, 0x5A5A5A5A, 0x365B5A5A, 0x56585735,
    0x365A5B5A, 0x5658573C, 0x5A5A5B5B, 0x5A5A5A5A, 0x5A5A5B5B, 0x5A5A5A5A, 0x5A5A5A57, 0x5A5A5A5A,
    0x5A5A5A5A, 0x5D5D5D5D, 0x5D5A5A5A, 0x5D5D5D5D, 0x5D5A5A5A, 0x5D5D5D5D, 0x375A5354, 0x5D5D5D37,
    0x374A4B54, 0x5D5D5D3F, 0x47484B5A, 0x5D5D5D5D, 0x46475A5A, 0x5D5D5D45, 0x425A5A5A, 0x5D5D5D42,
    0x5D5D5D5D, 0x5D5D5D5D, 0x5D5D5D5D, 0x5D5D5D5D, 0x5D5D5D5D, 0x5D5D5D5D, 0x375D5D5D, 0x5D5D5D37,
    0x375D5D5D, 0x5D5D5D40, 0x5D5D5D5D, 0x5D5D5D5D, 0x5D5D5D5D, 0x5D5D5D5D, 0x5D5D5D5D, 0x5D5D5D5D,
    0x5A5A5D5D, 0x685A5A5A, 0x5A5D5D5D, 0x685A5A5A, 0x5D5D5D5D, 0x685D5D5D, 0x375D5D5D, 0x685D5D37,
    0x375D5D5D, 0x685D5D3F, 0x5D5D5D5D, 0x685D5D5D, 0x5D5D5D5D, 0x685D5D5D, 0x5D5D5D5D, 0x685D5D5D,
    0x35373525, 0x37353535, 0x37373725, 0x37353535, 0x37373725, 0x35353535, 0x37383825, 0x35353537,
    0x43383825, 0x35353538, 0x38373825, 0x3535352A, 0x35373825, 0x35353535, 0x2D2D2D25, 0x2D2D2D2D,
    0x35353737, 0x35353535, 0x35353737, 0x35353535, 0x35353737, 0x35353535, 0x37353737, 0x37353537,
    0x37353737, 0x37353537, 0x37353737, 0x37353537, 0x35353537, 0x37353535, 0x2D2D2D2D, 0x2D2D2D2D,
    0x35373737, 0x35353535, 0x35373737, 0x35353535, 0x37373737, 0x35353535, 0x37373737, 0x35353535,
    0x37373737, 0x35353535, 0x37373737, 0x35353535, 0x35373737, 0x35353535, 0x2D2D2D2D, 0x2D2D2D2D,
    0x35373837, 0x38373535, 0x35373837, 0x37373535, 0x35373837, 0x37353535, 0x35373837, 0x35353535,
    0x35373837, 0x35353535, 0x35373837, 0x37353535, 0x35353737, 0x37373535, 0x2D2D2D2D, 0x2D2D2D2D,
    0x35353537, 0x2D373735, 0x35353537, 0x2D373735, 0x35353535, 0x2D373837, 0x35353535, 0x2D373837,
    0x43353535, 0x2D373838, 0x38353535, 0x2D37382A, 0x35353537, 0x2D353737, 0x2D2D2D2D, 0x2D2D2D2D,
    0x3E3E3E3E, 0x3E3E3E3E, 0x3537373E, 0x35353535, 0x3537353E, 0x35353535, 0x3737353E, 0x35353535,
    0x4337353E, 0x35353538, 0x3837353E, 0x3535352A, 0x3737353E, 0x35353535, 0x3537353E, 0x35353535,
    0x3E3E3E3E, 0x3E3E3E3E, 0x35353535, 0x35353535, 0x35353535, 0x35353535, 0x35353535, 0x35353535,
    0x35353535, 0x35353535, 0x35353535, 0x35353533, 0x35353535, 0x35353535, 0x35353535, 0x35353535,
    0x3E3E3E3E, 0x3E3E3E3E, 0x35353535, 0x35353535, 0x35353535, 0x35353535, 0x35353535, 0x35353535,
    0x35373535, 0x37353535, 0x35353535, 0x37353535, 0x35353535, 0x37353535, 0x35353535, 0x37353535,
    0x3E3E3E3E, 0x3E3E3E3E, 0x35373737, 0x35353535, 0x37373737, 0x35353535, 0x37373737, 0x35353535,
    0x37373737, 0x35333535, 0x37373737, 0x35333535, 0x37373737, 0x35333535, 0x35373737, 0x35353535,
    0x3E3E3E3E, 0x253E3E3E, 0x35353735, 0x25353535, 0x35373735, 0x25353535, 0x35373735, 0x25353535,
    0x43373735, 0x25353538, 0x38373735, 0x2535352A, 0x35373735, 0x25353535, 0x35353737, 0x25353535,
    0x5D5D5D68, 0x5A5A5A5A, 0x5A5D5D68, 0x5A5A5A5A, 0x5A5D5D68, 0x5A5A5A5A, 0x375A5A68, 0x5A5A5A37,
    0x375A5A68, 0x5A5A5A3F, 0x5A5A5A68, 0x5A5A5A5A, 0x5A5A5A68, 0x5A5A5A5A, 0x5A5A5A68, 0x5A5A5A5A,
    0x5A5A5A5A, 0x5A5A5A5A, 0x5A5A5A5A, 0x5A5A5A5A, 0x5A5A5A5A, 0x5A5A5A5A, 0x375A5A5A, 0x5A5A5A37,
    0x375A5A5A, 0x5A5A5A3F, 0x5A5A5A5A, 0x5A5A5A5A, 0x5A5A5A5A, 0x5A5A5A5A, 0x5A5A5A5A, 0x5A5A5A5A,
    0x585A5A5A, 0x5A5A5A58, 0x565A5A5A, 0x5A5A5A56, 0x545A5A5A, 0x5A5A5A54, 0x315A5A5A, 0x5A5A5A31,
    0x315A5A5A, 0x5A5A5A37, 0x485A5A5A, 0x5A5A4647, 0x5A5A5A5A, 0x5A424246, 0x5A5A5A5A, 0x3F40425A,
    0x5A5A5A5A, 0x405A5A5A, 0x5A5A5A5A, 0x3F5A5A5A, 0x5A5A5A5A, 0x3C5A5A5A, 0x375A5A5A, 0x3A5A5A37,
    0x375A5A5A, 0x395A5A3F, 0x5A5A5A5A, 0x38385A5A, 0x5A5A5A5A, 0x3737375B, 0x38393B3C, 0x5B373737,
    0x5A5A5A40, 0x5A5A5A5A, 0x5A5A5A3E, 0x5A5A5A5A, 0x5A5A5A3C, 0x5A5A5A5A, 0x375A5A3A, 0x5A5A5A37,
    0x375A5A39, 0x5A5A5A3F, 0x5A5A5A38, 0x5A5A5A5A, 0x5A5A5A5A, 0x5A5A5A5A, 0x5A5A5B5B, 0x5A5A5A5A,
    0x5A5A5A5A, 0x5A5A5A5A, 0x5A5A5A5A, 0x5A5A5A5A, 0x5A5A5A5A, 0x5A5A5A5A, 0x375A5A5A, 0x5A5A5A37,
    0x375A5A5A, 0x5A5A5A3F, 0x5A5A5A5A, 0x5A5A5A5A, 0x5A5A5A5A, 0x5A5A5A5A, 0x5A5A5A5A, 0x5A5A5A5A,
    0x5A5A5A5A, 0x585A5A5A, 0x5A5A5A5A, 0x565A5A5A, 0x5A5A5A5A, 0x545A5A5A, 0x375A5A5A, 0x4B5A5A37,
    0x375A5A5A, 0x4A5A5A3F, 0x5A5A5A5A, 0x485A5A5A, 0x5A5A5A5A, 0x5A5A5A5A, 0x5A5A5A5A, 0x5A5A5A5A,
    0x5A5A5A57, 0x5A5A5A5A, 0x5A5A5A56, 0x5A5A5A5A, 0x5A5A5A54, 0x5A5A5A5A, 0x375A5A4B, 0x5A5A5A37,
    0x375A5A48, 0x5A5A5A3F, 0x5A5A4648, 0x5A5A5A5A, 0x5A424446, 0x5A5A5A5A, 0x3F41425A, 0x39393C3C,
    0x425A5A5A, 0x5A5A5A40, 0x3F5A5A5A, 0x5A5A5A3F, 0x3C5A5A5A, 0x5A5A5A3C, 0x2A5A5A5A, 0x5A5A5A2A,
    0x2A5A5A5A, 0x5A5A5A2E, 0x39385A5A, 0x5A5A5A39, 0x3838385A, 0x5A5A5A5A, 0x5A373738, 0x5A5A5A5A,
    0x5D5D5D5A, 0x5D5D5D5D, 0x5D5D5D5A, 0x5D5D5D5D, 0x5D5D5A5A, 0x5D5D5D5D, 0x375A5A5A, 0x5D5D5D37,
    0x375A5A5A, 0x5A5A5A3F, 0x5A5A5A5A, 0x5A5A5A5A, 0x5A5A5A5A, 0x5A5A5A5A, 0x5A5A5A5A, 0x5A5A5A5A,
    0x5D5D5D5D, 0x5D5D5D5D, 0x5D5D5D5D, 0x5D5D5D5D, 0x5D5D5D5D, 0x5D5D5D5D, 0x375D5D5D, 0x5A5A5A37,
    0x375A5A5A, 0x5A5A5A3F, 0x5A5A5A5A, 0x5A5A5A5A, 0x5A5A5A5A, 0x5A5A5A5A, 0x5A5A5A5A, 0x5A5A5A5A,
    0x575D5D5D, 0x5D5D5D57, 0x585D5D5D, 0x5D5D5D58, 0x545D5D5D, 0x5D5D5D55, 0x325A5A5A, 0x5D5D5D32,
    0x315A5A5A, 0x5D5D5A37, 0x485A5A5A, 0x5A5A4648, 0x5A5A5A5A, 0x5A424546, 0x5A5A5A5A, 0x3F42425A,
    0x5D5D5D5D, 0x425D5D5D, 0x5D5D5D5D, 0x405D5D5D, 0x5D5D5D5D, 0x3C5D5D5D, 0x375D5D5D, 0x3C5D5D37,
    0x375D5D5D, 0x395D5D3F, 0x5D5D5A5A, 0x39395A5A, 0x5A5A5A5A, 0x3838385A, 0x39393C3C, 0x5A373838,
    0x5D5D5D42, 0x5D5D5D5D, 0x5D5D5D3F, 0x5A5D5D5D, 0x5D5D5D3C, 0x5A5D5D5D, 0x375D5D3C, 0x5A5A5A37,
    0x375A5A39, 0x5A5A5A3F, 0x5A5A5A39, 0x5A5A5A5A, 0x5A5A5A5A, 0x5A5A5A5A, 0x5A5A5A5A, 0x5A5A5A5A,
    0x5A5A5A5A, 0x5A5A5A5A, 0x5A5A5A5A, 0x5A5A5A5A, 0x5A5A5A5A, 0x5A5A5A5A, 0x375A5A5A, 0x5A5A5A37,
    0x375A5A5A, 0x5A5A5A3F, 0x5A5A5A5A, 0x5A5A5A5A, 0x5A5A5A5A, 0x5A5A5A5A, 0x5A5A5A5A, 0x5A5A5A5A,
    0x5A5A5A5A, 0x585A5A5A, 0x5A5A5A5A, 0x565A5A5A, 0x5A5A5A5A, 0x545A5A5A, 0x375A5A5A, 0x4B5A5A37,
    0x375A5A5A, 0x495A5A3F, 0x5A5A5A5A, 0x485A5A5A, 0x5A5A5A5A, 0x5A5A5A5A, 0x5A5A5A5A, 0x5A5A5A5A,
    0x5A5A5A58, 0x5A5A5A5A, 0x5A5A5A56, 0x5A5A5A5A, 0x5A5A5A54, 0x5A5A5A5A, 0x375A5A4B, 0x5A5A5A37,
    0x375A5A48, 0x5A5A5A3F, 0x5A5A4647, 0x5A5A5A5A, 0x5A424246, 0x5A5A5A5A, 0x3F40425A, 0x38393B3C,
    0x425A5A5A, 0x5D5D5D40, 0x3F5A5A5A, 0x5D5D5A3F, 0x3C5A5A5A, 0x5D5A5A3C, 0x2A5A5A5A, 0x5A5A5A2A,
    0x2A5A5A5A, 0x5A5A5A2E, 0x38385A5A, 0x5A5A5A39, 0x3737375A, 0x5A5A5A5A, 0x5A373737, 0x5A5A5A5A,
    0x5D5D5D5D, 0x5D5D5D5D, 0x5D5D5D5D, 0x5D5D5D5D, 0x5D5D5D5D, 0x5D5D5D5D, 0x375D5D5A, 0x5D5D5D37,
    0x375A5A5A, 0x5A5A5A3F, 0x5A5A5A5A, 0x5A5A5A5A, 0x5A5A5A5A, 0x5A5A5A5A, 0x5A5A5A5A, 0x5A5A5A5A,
    0x5D5D5D5D, 0x685D5D5D, 0x5D5D5D5D, 0x685D5D5D, 0x5D5D5D5D, 0x685A5A5A, 0x375A5A5A, 0x685A5A37,
    0x375A5A5A, 0x685A5A3F, 0x5A5A5A5A, 0x685A5A5A, 0x5A5A5A5A, 0x685A5A5A, 0x5A5A5A5A, 0x685A5A5A,
    0x3E3E3E25, 0x3E3E3E3E, 0x35373725, 0x35353535, 0x35353525, 0x35353535, 0x35353525, 0x35353535,
    0x43353525, 0x35353538, 0x38353525, 0x3535352A, 0x35353525, 0x35353535, 0x35353525, 0x35353535,
    0x3E3E3E3E, 0x3E3E3E3E, 0x35353535, 0x35353535, 0x35353535, 0x35353535, 0x35353535, 0x35353535,
    0x35353535, 0x35353535, 0x35353535, 0x35353535, 0x35353535, 0x35353535, 0x35353535, 0x35353535,
    0x3E3E3E3E, 0x3E3E3E3E, 0x35353535, 0x35353535, 0x35353535, 0x37373735, 0x35353735, 0x38383735,
    0x35353735, 0x38383835, 0x35353735, 0x38383835, 0x35353735, 0x38383837, 0x35353735, 0x37383837,
    0x3E3E3E3E, 0x3E3E3E3E, 0x35353535, 0x37353535, 0x35353535, 0x35353535, 0x35353535, 0x35353535,
    0x35353535, 0x35353535, 0x35353535, 0x35353535, 0x35353535, 0x35353537, 0x37353535, 0x35353737,
    0x3E3E3E3E, 0x2D3E3E3E, 0x35353537, 0x2D353535, 0x35353537, 0x2D353535, 0x35353535, 0x2D353535,
    0x43353535, 0x2D353538, 0x38353535, 0x2D35352A, 0x35353535, 0x2D353535, 0x35353535, 0x2D353535,
    0x3535353E, 0x35353535, 0x3535353E, 0x35353535, 0x3535353E, 0x35353535, 0x3535353E, 0x35353535,
    0x3535353E, 0x35353535, 0x3535353E, 0x35353535, 0x3535353E, 0x35353535, 0x3535373E, 0x35353535,
    0x35353535, 0x35353535, 0x35353535, 0x35353535, 0x35353535, 0x35353535, 0x35353535, 0x35353535,
    0x35353535, 0x35353535, 0x35353535, 0x35353535, 0x35353535, 0x35353535, 0x35353535, 0x35353535,
    0x35353535, 0x37373535, 0x35353535, 0x35373535, 0x35353535, 0x35353535, 0x35373535, 0x35353535,
    0x35373735, 0x35353535, 0x35373735, 0x35353535, 0x35373735, 0x35353535, 0x37373735, 0x35353535,
    0x35353737, 0x35353535, 0x35353735, 0x35353535, 0x35353535, 0x35353535, 0x35353535, 0x35353535,
    0x35353535, 0x35333535, 0x35353535, 0x33333535, 0x35353535, 0x33333535, 0x35353535, 0x35333535,
    0x35353737, 0x25353535, 0x35353735, 0x25353535, 0x35353535, 0x25353535, 0x35353535, 0x25353737,
    0x37353535, 0x25353737, 0x37373535, 0x25353737, 0x37353535, 0x25353838, 0x37373535, 0x25353838,
    0x5A5A5A68, 0x5A5A5A5A, 0x5A5A5A68, 0x5A5A5A5A, 0x5A5A5A68, 0x5A5A5A5A, 0x375A5A68, 0x5A5A5A37,
    0x375A5A68, 0x5A5A5A3F, 0x5A5A5A68, 0x5A5A5A5A, 0x5A5A5A68, 0x5A5A5A5A, 0x5A5A5A68, 0x5B5B5A5A,
    0x5A5A5A5A, 0x5A5A5A5A, 0x5A5A5A5A, 0x5A5A5A5A, 0x5A5A5A5A, 0x5A5A5A5A, 0x375A5A5A, 0x5A5A5A37,
    0x375A5A5A, 0x5B5A5A3F, 0x5B5A5A5A, 0x5B5B5B5B, 0x5B5B5B5B, 0x5B5B5B5B, 0x5B5B5B5B, 0x5B5B5B5B,
    0x5A5A5A5A, 0x3C3F5A5A, 0x5A5A5A5A, 0x5A5A5A5A, 0x5A5A5A5A, 0x5B5A5A5A, 0x375A5A5A, 0x5B5B5B37,
    0x365B5B5B, 0x5B5B5B3E, 0x5B5B5B5B, 0x5B5B5B5B, 0x5B5B5B5B, 0x5B5B5B5B, 0x5B5B5B5B, 0x5B5B5B5B,
    0x38393A3C, 0x5B5B3737, 0x5B5B5B5B, 0x5B5B5B5B, 0x5B5B5B5B, 0x5B5B5B5B, 0x355B5B5B, 0x5B5B5B35,
    0x355B5B5B, 0x5B5B5B3C, 0x5B5B5B5B, 0x5B5B5B5B, 0x5B5B5B5B, 0x5B5B5B5B, 0x5B5B5B5B, 0x5B5B5B5B,
    0x5A5B5B5B, 0x5A5A5A5A, 0x5A5B5B5B, 0x5A5A5A5A, 0x5B5B5B5B, 0x5A5A5A5A, 0x365B5B5B, 0x5A5A5B36,
    0x365B5B5B, 0x5B5B5B3C, 0x5B5B5B5B, 0x5B5B5B5B, 0x5B5B5B5B, 0x575B5B5B, 0x5B5B5B5B, 0x57575B5B,
    0x5A5A5A5A, 0x5A5A5A5A, 0x5A5A5A5A, 0x5A5A5A5A, 0x5A5A5A5A, 0x5A5A5A5A, 0x375A5A5A, 0x5A5A5A37,
    0x365B5B5B, 0x5A5A5A3E, 0x58585757, 0x4B535456, 0x58575757, 0x4A4B5456, 0x5B5B5B57, 0x485B5B5B,
    0x5A5A5A5A, 0x5A5A5A5A, 0x5A5A5A5A, 0x5A5A5A5A, 0x5A5A5A5A, 0x5A5A5A5A, 0x375A5A5A, 0x5A5A5A37,
    0x375A5A5A, 0x5A5A5A3F, 0x5A5A5A5A, 0x5A5A5A5A, 0x5A5B5B48, 0x5A5A5A5A, 0x5B5B4647, 0x5A5A5A5B,
    0x3F405A5A, 0x39393B3C, 0x5A5A5A5A, 0x5A5A5A5A, 0x5A5A5A5A, 0x5A5A5A5A, 0x375A5A5A, 0x5A5A5A37,
    0x375A5A5A, 0x5A5A5A3F, 0x5A5A5A5A, 0x5A5A5A5A, 0x5A5A5A5A, 0x5A5A5A5A, 0x5A5A5A5A, 0x5A5A5A5A,
    0x5A5A3738, 0x5A5A5A5A, 0x5A5A5A5A, 0x5A5A5A5A, 0x5A5A5A5A, 0x5A5A5A5A, 0x375A5A5A, 0x5A5A5A37,
    0x375A5A5A, 0x5A5A5A3F, 0x5A5A5A5A, 0x5A5A5A5A, 0x5A5A5A5A, 0x5A5A5A5A, 0x5A5A5A5A, 0x5A5A5A5A,
    0x5A5A5A5A, 0x5A5A5A5A, 0x5A5A5A5A, 0x5A5A5A5A, 0x5A5A5A5A, 0x5A5A5A5A, 0x375A5A5A, 0x5A5A5A37,
    0x375A5A5A, 0x5A5A5A3F, 0x5A5A5A5A, 0x58575757, 0x575A5A5A, 0x58575759, 0x57575A5A, 0x5B5B5B59,
    0x5A5A5A5A, 0x5A5A5A5A, 0x5A5A5A5A, 0x5A5A5A5A, 0x5A5A5A5A, 0x5A5A5A5A, 0x375A5A5A, 0x5A5A5A37,
    0x375A5A5A, 0x5A5A5A3F, 0x4B535456, 0x5A5A5A5A, 0x4B535456, 0x5A5A5A48, 0x485A5A5B, 0x5A5A4648,
    0x5A5A5A5A, 0x3F405A5A, 0x5A5A5A5A, 0x5A5A5A5A, 0x5A5A5A5A, 0x5A5A5A5A, 0x375A5A5A, 0x5A5A5A37,
    0x375A5A5A, 0x5A5A5A3F, 0x5A5A5A5A, 0x5A5A5A5A, 0x5A5A5A5A, 0x5A5A5A5A, 0x5A5A5A5A, 0x5A5A5A5A,
    0x39393C3C, 0x5A5A3738, 0x5A5A5A5A, 0x5A5A5A5A, 0x5A5A5A5A, 0x5A5A5A5A, 0x375A5A5A, 0x5A5A5A37,
    0x375A5A5A, 0x5A5A5A3F, 0x5A5A5A5A, 0x5A5A5A5A, 0x5A5A5A5A, 0x5A5A5A5A, 0x5A5A5A5A, 0x5A5A5A5A,
    0x5A5A5A5A, 0x5A5A5A5A, 0x5A5A5A5A, 0x5A5A5A5A, 0x5A5A5A5A, 0x5A5A5A5A, 0x375A5A5A, 0x5A5A5A37,
    0x375A5A5A, 0x5A5A5A3F, 0x5A5A5A5A, 0x5A5A5A5A, 0x5B5A5A5A, 0x575B5B5B, 0x5B5B5A5A, 0x57575B5B,
    0x5A5A5A5A, 0x5A5A5A5A, 0x5A5A5A5A, 0x5A5A5A5A, 0x5A5A5A5A, 0x5A5A5A5A, 0x375A5A5A, 0x5A5A5A37,
    0x375A5A5A, 0x5A5A5A3F, 0x58575757, 0x4B535456, 0x58575757, 0x4A4B5456, 0x5B5B5B57, 0x485B5B5B,
    0x5A5A5A5A, 0x5A5A5A5A, 0x5A5A5A5A, 0x5B5B5A5A, 0x5A5A5A5A, 0x5B5B5B5A, 0x375A5A5A, 0x5B5B5B36,
    0x365A5A5A, 0x5B5B5B3E, 0x5B5B5B5A, 0x5B5B5B5B, 0x5B5B5B48, 0x5B5B5B5B, 0x5B5B4647, 0x5B5B5B5B,
    0x3C3F5A5A, 0x38393A3C, 0x5B5B5B5B, 0x5B5B5B5B, 0x5B5B5B5B, 0x5B5B5B5B, 0x355B5B5B, 0x5B5B5B35,
    0x355B5B5B, 0x59595B3C, 0x595B5B5B, 0x57575959, 0x59595B5B, 0x57575757, 0x57575959, 0x57575757,
    0x5B5B3737, 0x5A5A5B5B, 0x5B5B5B5B, 0x5B5B5B5B, 0x5B5B5B5B, 0x5B5B5B5B, 0x3559595B, 0x5B5B5B35,
    0x35575759, 0x5B5B593C, 0x57575757, 0x59575757, 0x57575757, 0x57575757, 0x57575757, 0x57575757,
    0x5A5A5A5A, 0x5A5A5A5A, 0x5A5A5A5A, 0x5A5A5A5A, 0x5A5B5B5B, 0x5B5B5B5A, 0x365B5B5B, 0x5B5B5B36,
    0x355B5B5B, 0x5B5B5B3C, 0x5B5B5B59, 0x5B5B5B5B, 0x59575757, 0x59595959, 0x57575757, 0x57575757,
    0x5A5A5A5A, 0x685B5B5B, 0x5B5B5B5B, 0x685B5B5B, 0x5B5B5B5B, 0x685B5B5B, 0x355B5B5B, 0x685B5B35,
    0x355B5B5B, 0x685B5B3C, 0x5B5B5B5B, 0x685B5B5B, 0x59595959, 0x68595959, 0x59595757, 0x68595959,
    0x35353525, 0x35353535, 0x35353525, 0x35353535, 0x35353525, 0x33353535, 0x35353525, 0x33353535,
    0x35353525, 0x33353535, 0x35353525, 0x33353535, 0x35353525, 0x33353535, 0x35353525, 0x33353535,
    0x35353535, 0x35353535, 0x35353535, 0x35373535, 0x35353535, 0x37373535, 0x35353535, 0x37373535,
    0x35333535, 0x37373735, 0x35333335, 0x37383735, 0x35333335, 0x37383735, 0x35333535, 0x37373735,
    0x35353735, 0x37383737, 0x35353735, 0x37373735, 0x35353735, 0x35373735, 0x35353737, 0x35373535,
    0x35353737, 0x35373535, 0x35353737, 0x35373535, 0x35353737, 0x35373535, 0x35353537, 0x35373535,
    0x37353535, 0x35353738, 0x37353535, 0x35353838, 0x37353535, 0x35353738, 0x37353535, 0x35353738,
    0x37353535, 0x35353538, 0x37353535, 0x35353538, 0x37353535, 0x35353538, 0x37353535, 0x35353538,
    0x35353535, 0x2D353535, 0x35353535, 0x2D353535, 0x35353535, 0x2D353535, 0x35353535, 0x2D353535,
    0x35353535, 0x2D353535, 0x35353535, 0x2D353535, 0x35353535, 0x2D353535, 0x35353535, 0x2D353535,
    0x3535373E, 0x35353535, 0x3535383E, 0x35353535, 0x3537383E, 0x35353535, 0x3537383E, 0x35353535,
    0x3737383E, 0x35353535, 0x3737383E, 0x35353535, 0x3737373E, 0x35353535, 0x3737373E, 0x35353537,
    0x35353535, 0x35353535, 0x35353535, 0x35353535, 0x35353535, 0x35353535, 0x35353535, 0x35353535,
    0x35353535, 0x35353535, 0x37373535, 0x35353535, 0x37373535, 0x35353535, 0x37373535, 0x35353535,
    0x37373535, 0x35353535, 0x37373535, 0x35353535, 0x35373535, 0x35353535, 0x35353535, 0x35353535,
    0x35353535, 0x35353535, 0x35353535, 0x37353535, 0x35353535, 0x37353535, 0x35353535, 0x37353535,
    0x35353535, 0x35353535, 0x35353535, 0x35353535, 0x35353535, 0x35353535, 0x35353535, 0x35353535,
    0x37373737, 0x35353537, 0x38383837, 0x35353537, 0x38383838, 0x35353537, 0x38383838, 0x35353537,
    0x37373535, 0x25353838, 0x37373535, 0x25373838, 0x37373535, 0x25353838, 0x37373535, 0x25373837,
    0x37353535, 0x25373737, 0x37353735, 0x25373737, 0x37353735, 0x25373737, 0x37353735, 0x25373737,
    0x5A5A5A68, 0x5B5B5B5A, 0x5A5A5A68, 0x5B5B5B5B, 0x5B5A5A68, 0x5B5B5B5B, 0x365B5A68, 0x5B5B5B36,
    0x365B5B68, 0x5B5B5B3C, 0x5B5B5B68, 0x5B5B5B5B, 0x5B5B5B68, 0x5B5B5B5B, 0x5B5B5B68, 0x595B5B5B,
    0x5B5B5B5B, 0x5B5B5B5B, 0x5B5B5B5B, 0x5B5B5B5B, 0x5B5B5B5B, 0x5B5B5B5B, 0x35595B5B, 0x5B5B5935,
    0x3559595B, 0x5959593C, 0x59595959, 0x59595959, 0x57575959, 0x57575757, 0x57575759, 0x57575757,
    0x5B5B5B5B, 0x5B5B5B5B, 0x5B5B5B5B, 0x5B5B5B5B, 0x5B5B5B5B, 0x5B5B5B5B, 0x355B5B5B, 0x595B5B35,
    0x355B5B59, 0x5959593C, 0x59595959, 0x59595959, 0x59595959, 0x57575959, 0x57575757, 0x57575757,
    0x5B5B5B5B, 0x59595959, 0x59595B5B, 0x59595959, 0x5959595B, 0x57575759, 0x35595959, 0x57575735,
    0x35575759, 0x5757573C, 0x57575757, 0x57575757, 0x57575757, 0x57575757, 0x57575757, 0x57575757,
    0x59595959, 0x57585859, 0x57575759, 0x57585657, 0x57575757, 0x57565557, 0x35575757, 0x57545335,
    0x35575757, 0x574B4B3C, 0x57575757, 0x57484957, 0x57575757, 0x57474857, 0x57575757, 0x44464657,
    0x59595959, 0x5B5B5959, 0x57575757, 0x59595757, 0x57575757, 0x57575757, 0x35575757, 0x57575735,
    0x35575757, 0x5757573C, 0x57575757, 0x57575757, 0x57575757, 0x57575757, 0x57575757, 0x57575757,
    0x5B424246, 0x5A5A5B5B, 0x5B404259, 0x5A5B5B5B, 0x5B3F4057, 0x5B5B5B5B, 0x353C3C57, 0x5B5B5B35,
    0x353B3C57, 0x5B5B5B3C, 0x59393957, 0x5B5B5B5B, 0x59393857, 0x5B5B5B5B, 0x59373737, 0x5B5B5B5B,
    0x5A5A5A5A, 0x5A5A5A5A, 0x5A5A5A5A, 0x5A5A5A5A, 0x5A5A5A5A, 0x5A5A5A5A, 0x375A5A5A, 0x5A5A5A37,
    0x375A5A5B, 0x5A5A5A3F, 0x5A5A5A5B, 0x5A5A5A5A, 0x5A5B5B5B, 0x5A5A5A5A, 0x5B5B5B5B, 0x5A5B5B5B,
    0x5A5A5A5A, 0x5A5A5A5A, 0x5A5A5A5A, 0x5A5A5A5A, 0x5A5A5A5A, 0x5A5A5A5A, 0x375A5A5A, 0x5A5A5A37,
    0x375A5A5A, 0x5A5A5A3F, 0x5A5A5A5A, 0x5A5A5A5A, 0x5A5A5A5A, 0x5B5A5A5A, 0x5A5A5A5A, 0x5B5B5B5A,
    0x5757575A, 0x5B5B5B5B, 0x5B58585A, 0x5B5B5B5B, 0x5B58565A, 0x5B5B5B5B, 0x3655545A, 0x5B5B5B36,
    0x3653535A, 0x5B5B5B3C, 0x5B4B4B5B, 0x5B5B5B5B, 0x5B48485B, 0x5B5B5B5B, 0x4646475B, 0x5B5B5B5B,
    0x5A5B5B5B, 0x5A424546, 0x5B5B5B5B, 0x5A42425A, 0x5B5B5B5B, 0x5A40405A, 0x365B5B5B, 0x5A3C3F36,
    0x365B5B5B, 0x5A3C3C3E, 0x5B5B5B5B, 0x5A39395B, 0x5B5B5B5B, 0x5B39395B, 0x5B5B5B5B, 0x5B383837,
    0x5A5A5A5A, 0x5A5A5A5A, 0x5A5A5A5A, 0x5A5A5A5A, 0x5A5A5A5A, 0x5A5A5A5A, 0x375A5A5A, 0x5A5A5A37,
    0x375A5A5A, 0x5A5A5A3F, 0x5A5A5A5A, 0x5A5A5A5A, 0x5B5B5B5B, 0x5B5B5B5B, 0x5B5B5B5B, 0x5B5B5B5B,
    0x5A5A5A5A, 0x5A5A5A5A, 0x5A5A5A5A, 0x5A5A5A5A, 0x5A5A5A5A, 0x5B5A5A5A, 0x375A5A5A, 0x5B5B5A37,
    0x375A5A5A, 0x5B5B5B3F, 0x5A5A5A5A, 0x5B5B5B5B, 0x5B5B5B5B, 0x5B5B5B5B, 0x5B5B5B5B, 0x5B5B5B5B,
    0x5B5B5B5A, 0x5757585B, 0x5B5B5B5B, 0x5B58585B, 0x5B5B5B5B, 0x5B56565B, 0x355B5B5B, 0x5B545435,
    0x355B5B5B, 0x5B534B3C, 0x5B5B5B5B, 0x5B4A4B5B, 0x5B5B5B5B, 0x5B48485B, 0x5B5B5B5B, 0x4546475B,
    0x5B5B5B5B, 0x5B5B5B5B, 0x5B5B5B5B, 0x5B5B5B5B, 0x5B5B5B5B, 0x5B5B5B5B, 0x355B5B5B, 0x59595935,
    0x35595B5B, 0x5959593C, 0x5959595B, 0x57575757, 0x57575959, 0x57575757, 0x57575959, 0x57575757,
    0x5B424246, 0x595B5B5B, 0x5B40425B, 0x5959595B, 0x593F405B, 0x57575959, 0x353C3C59, 0x57575735,
    0x353B3C59, 0x5757573C, 0x57393957, 0x57575757, 0x57393857, 0x57575757, 0x57373737, 0x57575757,
    0x57575759, 0x57575757, 0x57575757, 0x57575757, 0x57575757, 0x57575757, 0x35575757, 0x57575733,
    0x33575757, 0x5757573C, 0x57575757, 0x57575757, 0x57575757, 0x57575757, 0x57575757, 0x57575757,
    0x57575757, 0x57575757, 0x57575757, 0x57575757, 0x57575757, 0x57575757, 0x33575757, 0x57575733,
    0x33575757, 0x5757573C, 0x57575757, 0x57575757, 0x57575757, 0x57575757, 0x57575757, 0x57575757,
    0x57575757, 0x57575757, 0x57575757, 0x57575757, 0x57575757, 0x57575757, 0x33575757, 0x57575733,
    0x33575757, 0x5757573C, 0x57575757, 0x57575757, 0x57575757, 0x57575757, 0x57575757, 0x57575757,
    0x59575757, 0x68595959, 0x57575757, 0x68595959, 0x57575757, 0x68575757, 0x35575757, 0x68575735,
    0x35575757, 0x6857573C, 0x57575757, 0x68575757, 0x57575757, 0x68575757, 0x57575757, 0x68575757,
    0x35353525, 0x33353535, 0x35353525, 0x33353535, 0x35353525, 0x33353535, 0x35353525, 0x35353535,
    0x35353525, 0x35353535, 0x35353525, 0x35353535, 0x35353725, 0x35353535, 0x35353725, 0x35353535,
    0x35353533, 0x35353735, 0x35353533, 0x35353735, 0x35353535, 0x35353735, 0x35353535, 0x35353535,
    0x35353535, 0x35353535, 0x35333535, 0x35353535, 0x35333535, 0x35353535, 0x35333535, 0x35353535,
    0x35353535, 0x35373535, 0x35353535, 0x35353535, 0x35353535, 0x35353535, 0x35353535, 0x35353535,
    0x35353535, 0x35353535, 0x35353533, 0x35353535, 0x35353533, 0x35353535, 0x35353533, 0x35353535,
    0x37353535, 0x35353538, 0x35353535, 0x35353537, 0x35353535, 0x35373537, 0x35353535, 0x37373537,
    0x35353535, 0x37373537, 0x35353535, 0x38373537, 0x35353535, 0x38373535, 0x35353535, 0x38383535,
    0x35353535, 0x2D353535, 0x35353535, 0x2D353535, 0x37353535, 0x2D353535, 0x37353535, 0x2D353535,
    0x37373737, 0x2D353535, 0x37383837, 0x2D353535, 0x37383838, 0x2D353535, 0x37383838, 0x2D353535,
    0x3537373E, 0x35353537, 0x3537373E, 0x35353535, 0x3535373E, 0x35353535, 0x3535373E, 0x35353535,
    0x3535373E, 0x35353535, 0x3535373E, 0x35353535, 0x3535373E, 0x35353533, 0x3335373E, 0x35353333,
    0x35353535, 0x35353535, 0x35353535, 0x35353535, 0x35353737, 0x35353535, 0x35353737, 0x35353535,
    0x35353737, 0x37353535, 0x35353837, 0x37353535, 0x35353835, 0x37353535, 0x35353835, 0x37353535,
    0x35353535, 0x37353535, 0x35353535, 0x37353535, 0x35353535, 0x37353535, 0x35353535, 0x37353535,
    0x35353535, 0x37353535, 0x35353535, 0x35353535, 0x35353537, 0x35353535, 0x35353537, 0x35353535,
    0x38383838, 0x35353537, 0x37373838, 0x35333537, 0x37373738, 0x35333537, 0x35353738, 0x35333535,
    0x35353737, 0x35333535, 0x35353737, 0x35333535, 0x35353735, 0x35333335, 0x35353735, 0x35333335,
    0x37353535, 0x25373838, 0x37353535, 0x25373838, 0x37353535, 0x25373837, 0x35353535, 0x25373737,
    0x35353535, 0x25353535, 0x35353535, 0x25353535, 0x35353535, 0x25353535, 0x35353535, 0x25333535,
    0x5B5B5B68, 0x59595B5B, 0x5B5B5B68, 0x5759595B, 0x5B5B5B68, 0x57575959, 0x355B5B68, 0x57575735,
    0x35595968, 0x5757573C, 0x57575968, 0x57575757, 0x57575768, 0x57575757, 0x57575768, 0x57575757,
    0x57575757, 0x57575757, 0x57575757, 0x57575757, 0x57575757, 0x57575757, 0x35575757, 0x57575735,
    0x35575757, 0x5757573C, 0x57575757, 0x57575757, 0x57575757, 0x57575757, 0x57575757, 0x57575757,
    0x57575757, 0x57575757, 0x57575757, 0x57575757, 0x57575757, 0x57575757, 0x35575757, 0x57575735,
    0x35575757, 0x5757573C, 0x57575757, 0x57575757, 0x57575757, 0x57575757, 0x57575757, 0x58585757,
    0x57575757, 0x57575757, 0x57575757, 0x57575757, 0x57575757, 0x57575757, 0x33575757, 0x57575733,
    0x33575757, 0x5757573C, 0x57575757, 0x57575757, 0x57575757, 0x57575757, 0x4B545556, 0x5757484B,
    0x57575757, 0x42425757, 0x57575757, 0x40575757, 0x57575757, 0x57575757, 0x33575757, 0x57575733,
    0x33575757, 0x5757573C, 0x57575757, 0x57575757, 0x57575757, 0x57575757, 0x57575858, 0x57575757,
    0x57575740, 0x37575757, 0x393C3C3F, 0x37373739, 0x393B3C3C, 0x37373738, 0x33575757, 0x57575733,
    0x33575757, 0x5757573C, 0x57575757, 0x57575757, 0x57575757, 0x57575757, 0x57575757, 0x57575757,
    0x59573737, 0x5B5B5B59, 0x59575737, 0x5B5B5B59, 0x59575757, 0x5B5B5B59, 0x35575757, 0x5B5B5935,
    0x35575757, 0x5B5B593C, 0x57575757, 0x5B595957, 0x57575757, 0x59595757, 0x57575757, 0x59575757,
    0x5B5B5B5B, 0x5B5B5B5B, 0x5B5B5B5B, 0x5B5B5B5B, 0x5B5B5B5B, 0x5B5B5B5B, 0x355B5B5B, 0x5B5B5B35,
    0x355B5B5B, 0x5B5B5B3C, 0x5B5B5B5B, 0x5B5B5B5B, 0x5B5B5B5B, 0x5B5B5B5B, 0x57575B59, 0x54565658,
    0x5B5B5B5B, 0x5B5B5B5B, 0x5B5B5B5B, 0x5B5B5B5B, 0x5B5B5B5B, 0x5B5B5B5B, 0x355B5B5B, 0x5B5B5B35,
    0x355B5B5B, 0x5B5B5B3C, 0x5B5B5B5B, 0x595B5B5B, 0x5B5B5B5B, 0x59595B5B, 0x5B5B4B4B, 0x5759595B,
    0x42445B5B, 0x59595942, 0x425B5B5B, 0x393C3C40, 0x59595B5B, 0x393C3C3F, 0x3559595B, 0x57575735,
    0x35575959, 0x5757573C, 0x57575759, 0x57575757, 0x57575757, 0x57575757, 0x57575757, 0x57575757,
    0x375B5B59, 0x5B5B3737, 0x37373739, 0x5B5B5B37, 0x37373739, 0x5B5B5B5B, 0x35575757, 0x5B5B5935,
    0x35575757, 0x5959593C, 0x57575757, 0x57575757, 0x57575757, 0x57575757, 0x57575757, 0x57575757,
    0x5B5B5B5B, 0x5B5B5B5B, 0x5B5B5B5B, 0x5B5B5B5B, 0x5B5B5B5B, 0x5B5B5B5B, 0x355B5B5B, 0x5B5B5B35,
    0x35595959, 0x5B5B593C, 0x57575757, 0x59595957, 0x57575757, 0x57575757, 0x57575757, 0x58585757,
    0x5B5B5B5B, 0x5B5B5B5B, 0x5B5B5B5B, 0x5B5B5B5B, 0x5B5B5B5B, 0x5B5B5B5B, 0x355B5B5B, 0x5B5B5B35,
    0x355B5B5B, 0x5B5B5B3C, 0x59595959, 0x59595959, 0x57575757, 0x57575757, 0x53545658, 0x5757494B,
    0x5B5B5B5B, 0x42445B5B, 0x5B5B5B5B, 0x425B5B5B, 0x5B5B5B5B, 0x595B5B5B, 0x355B5B5B, 0x59595B35,
    0x355B5B5B, 0x5759593C, 0x59595959, 0x57575959, 0x57575757, 0x57575757, 0x57575757, 0x57575757,
    0x57575741, 0x37575757, 0x393C3C3F, 0x37373739, 0x393B3C3F, 0x37373738, 0x35575757, 0x57575733,
    0x33575757, 0x5757573C, 0x57575757, 0x57575757, 0x57575757, 0x57575757, 0x57575757, 0x57575757,
    0x57573737, 0x57575757, 0x57575737, 0x57575757, 0x57575757, 0x57575757, 0x35575757, 0x57575735,
    0x33575757, 0x5757573C, 0x57575757, 0x57575757, 0x57575757, 0x57575757, 0x57575757, 0x57575757,
    0x57575757, 0x57575757, 0x57575757, 0x57575757, 0x57575757, 0x57575757, 0x33575757, 0x57575733,
    0x33575757, 0x5757573C, 0x57575757, 0x57575757, 0x57575757, 0x57575757, 0x58585757, 0x53545656,
    0x57575757, 0x57575757, 0x57575757, 0x57575757, 0x57575757, 0x57575757, 0x33575757, 0x57575733,
    0x33575757, 0x5757573C, 0x57575757, 0x57575757, 0x57575757, 0x57575757, 0x5757484B, 0x57575757,
    0x57575757, 0x57575757, 0x57575757, 0x57575757, 0x57575757, 0x57575757, 0x33575757, 0x57575733,
    0x33575757, 0x5757573C, 0x57575757, 0x57575757, 0x57575757, 0x57575757, 0x57575757, 0x57575757,
    0x57575757, 0x68575757, 0x57575757, 0x68575757, 0x57575757, 0x68575757, 0x33575757, 0x68575733,
    0x33575757, 0x6857573C, 0x57575757, 0x68585858, 0x58575757, 0x68585858, 0x58575757, 0x68585858,
    0x35353725, 0x35353535, 0x35353525, 0x35353535, 0x35353525, 0x35353535, 0x35353525, 0x35353535,
    0x35353525, 0x35353535, 0x35353525, 0x35353535, 0x35353525, 0x35353737, 0x35353525, 0x35353737,
    0x35333535, 0x35353535, 0x35353535, 0x35353335, 0x35353535, 0x35353335, 0x35353535, 0x35353335,
    0x35353535, 0x35353535, 0x35353535, 0x35353535, 0x35353535, 0x35353535, 0x35353535, 0x35353535,
    0x35353535, 0x35353535, 0x35353535, 0x35353535, 0x35353535, 0x35353535, 0x35353535, 0x35353535,
    0x35353535, 0x35353535, 0x35353535, 0x35353535, 0x35353535, 0x35353535, 0x35353535, 0x35373535,
    0x35353535, 0x38383535, 0x35353535, 0x38383535, 0x35353535, 0x38373535, 0x35353535, 0x37373535,
    0x35353535, 0x35373735, 0x35353535, 0x35353737, 0x37353535, 0x35353837, 0x37353535, 0x35353838,
    0x37383837, 0x2D353535, 0x37383837, 0x2D353335, 0x37383837, 0x2D353335, 0x37383835, 0x2D353335,
    0x35373735, 0x2D353335, 0x35353535, 0x2D353535, 0x35353535, 0x2D353535, 0x35353535, 0x2D353535,
    0x3335373E, 0x35353333, 0x3335373E, 0x35353533, 0x3335373E, 0x35353533, 0x3335373E, 0x35353535,
    0x4335373E, 0x35353538, 0x3835373E, 0x3535352A, 0x3535373E, 0x35353535, 0x2D2D2D2D, 0x2D2D2D2D,
    0x35353835, 0x38373533, 0x35353835, 0x38373533, 0x35353835, 0x38373533, 0x35353837, 0x38373533,
    0x35353837, 0x38373533, 0x35353837, 0x38373533, 0x35373837, 0x38373535, 0x2D2D2D2D, 0x2D2D2D2D,
    0x35353537, 0x35353535, 0x35353537, 0x35353535, 0x35353537, 0x37353535, 0x35353537, 0x37353535,
    0x35353537, 0x37353535, 0x35353537, 0x37353535, 0x35353737, 0x37353535, 0x2D2D2D2D, 0x2D2D2D2D,
    0x35353535, 0x35333335, 0x35353537, 0x35333535, 0x35353537, 0x33353535, 0x35353538, 0x33353535,
    0x35353538, 0x33353535, 0x35353738, 0x33353535, 0x35353738, 0x33353535, 0x2D2D2D2D, 0x2D2D2D2D,
    0x35353535, 0x25333535, 0x35353535, 0x25353535, 0x35353535, 0x25353535, 0x35353535, 0x25353535,
    0x43353535, 0x25353538, 0x38353535, 0x2535352A, 0x35353535, 0x25373535, 0x2D2D2D2D, 0x252D2D2D,
    0x57575768, 0x57575757, 0x57575768, 0x57575757, 0x57575768, 0x57575757, 0x33575768, 0x57575733,
    0x33575768, 0x5757573C, 0x57575768, 0x57575757, 0x57575868, 0x57575757, 0x58585868, 0x57575858,
    0x57575757, 0x57575757, 0x57575757, 0x57575757, 0x57575757, 0x57575757, 0x33575757, 0x57575733,
    0x33575757, 0x5857573C, 0x57575757, 0x58585857, 0x57575757, 0x58585858, 0x58585757, 0x58585858,
    0x57575757, 0x58585857, 0x57575757, 0x57585858, 0x56575757, 0x57575856, 0x33575757, 0x58585833,
    0x32585858, 0x58585839, 0x4B585858, 0x5858584B, 0x4A585858, 0x5858584A, 0x48585858, 0x58585848,
    0x4B545656, 0x5846484A, 0x58575757, 0x42464758, 0x58585857, 0x42425858, 0x33585858, 0x40585833,
    0x33585858, 0x3E58583C, 0x58585858, 0x3C585858, 0x58585858, 0x39585858, 0x58585858, 0x38585858,
    0x58585858, 0x58585858, 0x58585858, 0x58585858, 0x58585840, 0x58585858, 0x3358583F, 0x58585833,
    0x3358583C, 0x5858583C, 0x5858583C, 0x56565658, 0x56585839, 0x56565656, 0x56565838, 0x56565656,
    0x58585858, 0x57575758, 0x58585858, 0x57585858, 0x58585858, 0x58585858, 0x33585858, 0x58585833,
    0x33585858, 0x5858583C, 0x58565656, 0x58585858, 0x56565656, 0x58585858, 0x56565656, 0x58585856,
    0x57575757, 0x57575757, 0x57575757, 0x57575757, 0x57575758, 0x58575757, 0x33575858, 0x56575733,
    0x33585858, 0x5457573C, 0x57585858, 0x53575757, 0x58585858, 0x4B575757, 0x58585858, 0x48575757,
    0x57575759, 0x54565858, 0x59575758, 0x5B5B5B5B, 0x59595758, 0x59595959, 0x35575756, 0x59595935,
    0x35575756, 0x5959593C, 0x57575754, 0x59575757, 0x5757574B, 0x57575757, 0x57575748, 0x57575757,
    0x5B48494B, 0x57595959, 0x4646485B, 0x57575959, 0x42465B5B, 0x57575942, 0x2D595959, 0x5757572D,
    0x2D595959, 0x57575731, 0x3C595959, 0x5757573C, 0x3C575757, 0x5757573B, 0x39575757, 0x57575739,
    0x57575757, 0x57575757, 0x57575757, 0x57575757, 0x57575757, 0x57575757, 0x33575757, 0x57575733,
    0x33575757, 0x5757573C, 0x57575757, 0x57575757, 0x57575757, 0x57575757, 0x57575757, 0x57575757,
    0x57575757, 0x57575757, 0x57575757, 0x57575757, 0x57575757, 0x57575757, 0x33575757, 0x57575733,
    0x33575757, 0x5757573C, 0x57575757, 0x57575757, 0x57575757, 0x57575757, 0x57575757, 0x57575757,
    0x57575757, 0x58585857, 0x57575757, 0x57585858, 0x56575757, 0x57575856, 0x33575757, 0x58585833,
    0x32575757, 0x58585839, 0x4B575757, 0x5858584B, 0x4A585757, 0x5858584A, 0x48585757, 0x58585848,
    0x53545658, 0x5747484B, 0x57575757, 0x44464857, 0x58585858, 0x42425858, 0x33585858, 0x40585833,
    0x33585858, 0x3F58583C, 0x58585858, 0x3C585858, 0x56565858, 0x39585858, 0x56565658, 0x38585656,
    0x57575757, 0x57575757, 0x57575757, 0x57575757, 0x57575742, 0x57575757, 0x3357583F, 0x57575733,
    0x3358583C, 0x5858583C, 0x5858583C, 0x58585858, 0x58585839, 0x58585858, 0x58585838, 0x58585858,
    0x57575757, 0x57575757, 0x57575757, 0x57575757, 0x57575757, 0x58585858, 0x33585757, 0x58585833,
    0x33585858, 0x5858583C, 0x58585858, 0x58585858, 0x58585858, 0x58585858, 0x58585858, 0x58585858,
    0x57575757, 0x57575757, 0x57575757, 0x57575757, 0x57575757, 0x56575757, 0x33575758, 0x55575733,
    0x33575858, 0x5457573C, 0x57585858, 0x53575757, 0x58585858, 0x4B575757, 0x58585858, 0x48575758,
    0x58585857, 0x53545658, 0x57585858, 0x57575757, 0x57575856, 0x57575757, 0x33575756, 0x57575733,
    0x33575754, 0x5757573C, 0x57575753, 0x57575757, 0x5757574B, 0x57575757, 0x57575748, 0x58575757,
    0x5747484B, 0x57575757, 0x44464857, 0x57575757, 0x42445757, 0x57575742, 0x2D575757, 0x5757572D,
    0x2D575757, 0x57575731, 0x3C575757, 0x5757573C, 0x3A575757, 0x57575739, 0x39585858, 0x57575739,
    0x57575757, 0x57575757, 0x57575757, 0x57575757, 0x57575757, 0x57575757, 0x33575757, 0x57575733,
    0x33575757, 0x5757573C, 0x57575757, 0x57575757, 0x57575757, 0x57575757, 0x57575757, 0x57575757,
    0x57575757, 0x68585858, 0x57575757, 0x68585857, 0x57575757, 0x68585757, 0x33575757, 0x68575733,
    0x33575757, 0x6857573C, 0x57575757, 0x68575757, 0x57575757, 0x68575757, 0x57575757, 0x68585757,
    0x35353325, 0x35353737, 0x37353325, 0x35373738, 0x37353325, 0x37373738, 0x37353325, 0x37373738,
    0x43353325, 0x37373738, 0x38353325, 0x3737372A, 0x35353525, 0x35353537, 0x2D2D2D25, 0x2D2D2D2D,
    0x35353535, 0x35353535, 0x35353535, 0x35353535, 0x35373735, 0x35353535, 0x35373737, 0x35353535,
    0x35373735, 0x35353535, 0x35373535, 0x35353535, 0x35353535, 0x35353535, 0x2D2D2D2D, 0x2D2D2D2D,
    0x35353535, 0x35373535, 0x35353535, 0x35373535, 0x35353535, 0x37353535, 0x35353535, 0x37353535,
    0x35353535, 0x37353535, 0x35353535, 0x35353535, 0x35353535, 0x35353535, 0x2D2D2D2D, 0x2D2D2D2D,
    0x37353535, 0x35353838, 0x37353535, 0x35353838, 0x37353535, 0x35353738, 0x37373535, 0x35353738,
    0x37373535, 0x35353737, 0x37373535, 0x37373737, 0x37353535, 0x37373737, 0x2D2D2D2D, 0x2D2D2D2D,
    0x35353535, 0x2D353535, 0x35353535, 0x2D353535, 0x35353535, 0x2D353535, 0x37373535, 0x2D353535,
    0x43373535, 0x2D353538, 0x38373535, 0x2D35352A, 0x37353537, 0x2D353535, 0x2D2D2D2D, 0x2D2D2D2D,
    0x3E3E3E3E, 0x3E3E3E3E, 0x3537373E, 0x35353535, 0x3537383E, 0x35353537, 0x3538383E, 0x35373737,
    0x4338383E, 0x35373738, 0x3838373E, 0x3535372A, 0x3738373E, 0x35353737, 0x3837353E, 0x35353537,
    0x3E3E3E3E, 0x3E3E3E3E, 0x35373837, 0x38353535, 0x35373837, 0x37353535, 0x35353737, 0x37353535,
    0x35353737, 0x35353535, 0x35353737, 0x35353535, 0x35353735, 0x35353535, 0x35373735, 0x35353535,
    0x3E3E3E3E, 0x3E3E3E3E, 0x35373738, 0x37353535, 0x35373738, 0x37373535, 0x35373737, 0x38373535,
    0x35353535, 0x38383535, 0x35353535, 0x38383535, 0x35353535, 0x38383535, 0x35353535, 0x37383535,
    0x3E3E3E3E, 0x3E3E3E3E, 0x35353738, 0x35353535, 0x35353838, 0x35353535, 0x35353838, 0x35353535,
    0x35373838, 0x35353535, 0x35373838, 0x35353535, 0x35373837, 0x35353535, 0x35373737, 0x35353535,
    0x3E3E3E3E, 0x253E3E3E, 0x35353535, 0x25383535, 0x35353535, 0x25383535, 0x35353535, 0x25383535,
    0x43353535, 0x25383538, 0x38353535, 0x2538352A, 0x35373535, 0x25383535, 0x35373735, 0x25373535,
    0x58585868, 0x58585858, 0x58585868, 0x58585858, 0x58585868, 0x58585858, 0x33585868, 0x58585833,
    0x33585868, 0x5858583C, 0x58585868, 0x58585858, 0x58585868, 0x58585858, 0x58585868, 0x58585858,
    0x58585858, 0x58585858, 0x58585858, 0x58585858, 0x58585858, 0x58585858, 0x33585858, 0x58585833,
    0x33585858, 0x5858583C, 0x58585858, 0x58585858, 0x58585858, 0x58585858, 0x58585858, 0x58585858,
    0x46585858, 0x58585846, 0x45585858, 0x58584242, 0x58585858, 0x583F4042, 0x33585858, 0x3C3C3F33,
    0x33585858, 0x3C3C583C, 0x58585858, 0x58585858, 0x58585858, 0x58585858, 0x58585858, 0x56585858,
    0x58585858, 0x37585858, 0x58585858, 0x37375858, 0x58585858, 0x35353558, 0x2537393A, 0x56353525,
    0x25373939, 0x5656352C, 0x58585858, 0x56565656, 0x56565858, 0x56565656, 0x56565656, 0x56565656,
    0x56565637, 0x56565656, 0x56565637, 0x56565656, 0x56565656, 0x56565656, 0x33565656, 0x56565633,
    0x33565656, 0x5656563C, 0x56565656, 0x56565656, 0x56565656, 0x56565656, 0x56565656, 0x56565656,
    0x56565656, 0x58585656, 0x56565656, 0x58585656, 0x56565656, 0x58565656, 0x33565656, 0x58565633,
    0x33565656, 0x5856563C, 0x56565656, 0x56565656, 0x56565656, 0x56565656, 0x56565656, 0x56565656,
    0x58585858, 0x48575758, 0x58585858, 0x46575758, 0x58585858, 0x57575858, 0x33585858, 0x57575833,
    0x33585858, 0x5858583C, 0x58585858, 0x58585858, 0x58585858, 0x58585858, 0x58585856, 0x58585858,
    0x57575747, 0x57575757, 0x57574446, 0x57575757, 0x57404242, 0x57575757, 0x2B3F4057, 0x3739392A,
    0x2B3C5757, 0x3738392E, 0x57575858, 0x57575757, 0x58585858, 0x57575758, 0x58585858, 0x58585858,
    0x38575757, 0x57575738, 0x37375757, 0x57575737, 0x37373757, 0x57575757, 0x35373737, 0x57575733,
    0x33573737, 0x5757573C, 0x57575757, 0x57575757, 0x57575757, 0x58575757, 0x57575757, 0x58585757,
    0x57575757, 0x58585757, 0x57575757, 0x58585858, 0x58575757, 0x58585858, 0x33585757, 0x58585833,
    0x33585857, 0x5858583C, 0x58585858, 0x58585858, 0x58585858, 0x58585858, 0x58585858, 0x56565658,
    0x57575758, 0x57575757, 0x58585858, 0x58585858, 0x58585858, 0x58585858, 0x33585858, 0x58585833,
    0x33585858, 0x5858583C, 0x58585858, 0x58585858, 0x58585858, 0x58585858, 0x58585656, 0x58585858,
    0x46585858, 0x58585846, 0x46585858, 0x58584242, 0x58585858, 0x563F4042, 0x33585858, 0x3C3C3F33,
    0x33585858, 0x3B3C583C, 0x58585858, 0x56565858, 0x58585858, 0x56565858, 0x58585858, 0x56565658,
    0x56565656, 0x37585656, 0x56565656, 0x37375656, 0x56565656, 0x35353556, 0x25373939, 0x56353525,
    0x25373839, 0x5656352B, 0x56565656, 0x56565656, 0x56565656, 0x56565656, 0x56565656, 0x56565656,
    0x58585837, 0x58585858, 0x58585837, 0x58585858, 0x58585858, 0x58585858, 0x33585858, 0x58585833,
    0x33585858, 0x5858583C, 0x58585856, 0x58585858, 0x58585656, 0x58585858, 0x58565656, 0x58585858,
    0x58585858, 0x58585858, 0x58585858, 0x58585858, 0x58585858, 0x58585858, 0x33585858, 0x58585833,
    0x33585858, 0x5858583C, 0x58585858, 0x58585858, 0x58585858, 0x56565656, 0x56565658, 0x56565656,
    0x58585858, 0x47585858, 0x58585858, 0x46585858, 0x58585858, 0x58585858, 0x33585858, 0x58585833,
    0x33585858, 0x5858583C, 0x58585858, 0x58585858, 0x56565656, 0x58585656, 0x56565656, 0x56565656,
    0x57575746, 0x58585857, 0x58584245, 0x58585858, 0x58404242, 0x58585858, 0x2B3F4058, 0x3738392A,
    0x2B3C5858, 0x3737392E, 0x58585858, 0x58585858, 0x58585858, 0x58585858, 0x58585656, 0x58585858,
    0x37585858, 0x57575737, 0x37375858, 0x57575737, 0x37373758, 0x57585858, 0x33363737, 0x58585833,
    0x33583737, 0x5858583C, 0x58585858, 0x58585858, 0x58585858, 0x58585858, 0x58585858, 0x58585858,
    0x57575757, 0x57575757, 0x57575757, 0x58585857, 0x58585757, 0x58585858, 0x33585858, 0x58585833,
    0x33585858, 0x5858583C, 0x58585858, 0x58585858, 0x58585858, 0x58585858, 0x58585858, 0x58585858,
    0x58585857, 0x68585858, 0x58585858, 0x68585858, 0x58585858, 0x68585858, 0x33585858, 0x68585833,
    0x33585858, 0x6858583C, 0x58585858, 0x68585858, 0x58585858, 0x68585858, 0x58585858, 0x68585858,
    0x3E3E3E25, 0x3E3E3E3E, 0x35353525, 0x35353535, 0x35353525, 0x35353535, 0x37353525, 0x35353535,
    0x43353525, 0x35353538, 0x38373525, 0x3535352A, 0x37373525, 0x37353535, 0x37373525, 0x37373537,
    0x3E3E3E3E, 0x3E3E3E3E, 0x35353535, 0x35353335, 0x35353535, 0x35353335, 0x35353535, 0x35353535,
    0x35353535, 0x35353535, 0x35353535, 0x35353535, 0x35373737, 0x35353535, 0x37373838, 0x35353535,
    0x3E3E3E3E, 0x3E3E3E3E, 0x35373535, 0x35353537, 0x35353535, 0x35353537, 0x35353535, 0x35353537,
    0x35353535, 0x35353537, 0x35353535, 0x35353535, 0x35353535, 0x35353535, 0x35353535, 0x35353535,
    0x3E3E3E3E, 0x3E3E3E3E, 0x35353535, 0x38383735, 0x35353535, 0x38383735, 0x35373535, 0x37373735,
    0x35373535, 0x37373735, 0x35373535, 0x35373735, 0x35373735, 0x35353735, 0x35373837, 0x35353535,
    0x3E3E3E3E, 0x2D3E3E3E, 0x37353537, 0x2D373535, 0x37353537, 0x2D373535, 0x37373537, 0x2D373535,
    0x43373535, 0x2D373538, 0x38353535, 0x2D37352A, 0x37373735, 0x2D353535, 0x35373735, 0x2D353535,
    0x3837353E, 0x35353537, 0x3837353E, 0x35353537, 0x3837353E, 0x35353537, 0x3737353E, 0x35353537,
    0x3737353E, 0x35353535, 0x3535353E, 0x35353535, 0x3535353E, 0x35353535, 0x3535353E, 0x35353535,
    0x35373735, 0x35353335, 0x35373735, 0x33333335, 0x35373735, 0x33333535, 0x35353735, 0x33353535,
    0x35353535, 0x33353535, 0x35353535, 0x35353535, 0x35353535, 0x35353535, 0x35353535, 0x35353535,
    0x35353535, 0x37383535, 0x35353533, 0x37383535, 0x35353533, 0x37383735, 0x35353535, 0x37373735,
    0x35353535, 0x37373737, 0x35353535, 0x38373837, 0x35353535, 0x38373837, 0x35353535, 0x38373837,
    0x35353737, 0x35353535, 0x35353737, 0x35353535, 0x37373737, 0x35353535, 0x37373737, 0x35353535,
    0x37373738, 0x35353537, 0x37373738, 0x35353537, 0x37373738, 0x35353535, 0x35353538, 0x37373535,
    0x35373737, 0x25373535, 0x35373737, 0x25373535, 0x35373737, 0x25373535, 0x35373735, 0x25373535,
    0x35373535, 0x25373735, 0x35373535, 0x25373735, 0x35353535, 0x25373735, 0x35353535, 0x25373735,
    0x58585868, 0x58585858, 0x58585868, 0x58585858, 0x58585868, 0x58585858, 0x33585868, 0x58585833,
    0x33585868, 0x5858583C, 0x56565668, 0x56565656, 0x56565668, 0x56565656, 0x56565668, 0x56565656,
    0x58585858, 0x58585858, 0x58585858, 0x58585858, 0x58585858, 0x58585858, 0x33585858, 0x56565833,
    0x33585858, 0x5656563C, 0x56565656, 0x56565656, 0x56565656, 0x56565656, 0x56565656, 0x56565656,
    0x56565858, 0x56565656, 0x56565658, 0x56565656, 0x56565656, 0x56565656, 0x33565656, 0x56565633,
    0x33565656, 0x5656563C, 0x56565656, 0x56565656, 0x56565656, 0x56565656, 0x56565656, 0x56565656,
    0x56565656, 0x56565656, 0x56565656, 0x56565656, 0x56565656, 0x56565656, 0x33565656, 0x56565633,
    0x33565656, 0x5656563B, 0x56565656, 0x56565656, 0x56565656, 0x56565656, 0x56565656, 0x55555556,
    0x56565656, 0x56565656, 0x56565656, 0x56565656, 0x56565656, 0x54565656, 0x33565656, 0x54545633,
    0x33565656, 0x5454533B, 0x56565656, 0x56535356, 0x56565656, 0x564B4B56, 0x56565555, 0x564A4A56,
    0x56565656, 0x56565656, 0x53545454, 0x47484A4B, 0x53545454, 0x46484A4B, 0x33565654, 0x46565633,
    0x33565656, 0x5656563B, 0x56565656, 0x56565656, 0x56565656, 0x56565656, 0x56565656, 0x56565656,
    0x58585856, 0x58585858, 0x58585656, 0x58585858, 0x56565646, 0x58585858, 0x33564242, 0x58585833,
    0x33404042, 0x5656563C, 0x563F3F56, 0x56565656, 0x563C3C56, 0x56565656, 0x563A3B56, 0x56565656,
    0x58585858, 0x58585858, 0x58585858, 0x58585858, 0x58585858, 0x58585858, 0x33585858, 0x58585833,
    0x33585858, 0x5858583C, 0x56565656, 0x58585858, 0x56565656, 0x58565656, 0x56565656, 0x56565656,
    0x57575858, 0x58585858, 0x58585858, 0x58585858, 0x58585858, 0x58585858, 0x33585858, 0x58585833,
    0x33585858, 0x5858583C, 0x58585858, 0x56585858, 0x58585858, 0x56565658, 0x56565656, 0x56565656,
    0x58585858, 0x56565656, 0x56585858, 0x53545454, 0x55565858, 0x53545454, 0x33545658, 0x56565633,
    0x32545456, 0x5656563B, 0x56535356, 0x56565656, 0x564B4B56, 0x55555556, 0x564A4A56, 0x55555555,
    0x56565656, 0x58585858, 0x48484A4B, 0x58565656, 0x46484A4B, 0x56565646, 0x2F565656, 0x5656422E,
    0x33565656, 0x56404033, 0x56565656, 0x563F3F56, 0x56565655, 0x563C3C56, 0x56555555, 0x563A3B56,
    0x56585858, 0x56565656, 0x56565658, 0x56565656, 0x56565656, 0x56565656, 0x33565656, 0x56565633,
    0x33565656, 0x5656563B, 0x56565656, 0x56565656, 0x56565656, 0x56565656, 0x56565656, 0x56565656,
    0x56565656, 0x56565656, 0x56565656, 0x56565656, 0x56565656, 0x56565656, 0x33565656, 0x56565633,
    0x33565656, 0x5656563B, 0x56565656, 0x56565656, 0x56565656, 0x56565656, 0x55555556, 0x55555555,
    0x56565656, 0x56565656, 0x56565656, 0x56565656, 0x56565656, 0x55565656, 0x33565656, 0x54545633,
    0x33565656, 0x5454533B, 0x56565656, 0x56534B56, 0x56565656, 0x564B4B56, 0x55555555, 0x564A4955,
    0x56565656, 0x56565656, 0x53545454, 0x47484A4B, 0x53545455, 0x46484A4B, 0x33565655, 0x46565633,
    0x33565656, 0x5656563B, 0x56565656, 0x56565656, 0x56565656, 0x56565656, 0x56565656, 0x56565656,
    0x56565656, 0x56565656, 0x56565656, 0x56565656, 0x56565646, 0x56565656, 0x33564242, 0x56565633,
    0x333F4042, 0x5656563A, 0x563C3F56, 0x56565656, 0x563C3C56, 0x56565656, 0x56393A56, 0x56565656,
    0x58565656, 0x58585858, 0x56565656, 0x58585858, 0x56565656, 0x58585856, 0x33565656, 0x58585833,
    0x33565656, 0x5858563C, 0x56565656, 0x56565656, 0x56565656, 0x56565656, 0x56565656, 0x56565656,
    0x58585858, 0x58585858, 0x58585858, 0x58585858, 0x58585858, 0x58585858, 0x33585858, 0x58585833,
    0x33585858, 0x5858583C, 0x58585858, 0x58585858, 0x56565656, 0x58585856, 0x56565656, 0x56565656,
    0x58585858, 0x58585858, 0x58585858, 0x58585858, 0x58585858, 0x58585858, 0x33585858, 0x58585833,
    0x33585858, 0x5658583C, 0x58585858, 0x56565858, 0x58585858, 0x56565658, 0x56585856, 0x56565656,
    0x58585858, 0x68585858, 0x58585858, 0x68585858, 0x58585858, 0x68565858, 0x33565858, 0x68565633,
    0x33565656, 0x6856563C, 0x56565656, 0x68565656, 0x56565656, 0x68565656, 0x56565656, 0x68565656,
    0x37373525, 0x38373737, 0x37373525, 0x38383737, 0x37373725, 0x38383535, 0x37373725, 0x38383535,
    0x37373725, 0x38373535, 0x35373725, 0x38373535, 0x35373725, 0x38373535, 0x35373725, 0x38373535,
    0x37383838, 0x37373737, 0x38383838, 0x37373737, 0x37383838, 0x37373737, 0x37373838, 0x35353737,
    0x37373838, 0x35353535, 0x35353838, 0x35353535, 0x35353738, 0x35353535, 0x35353738, 0x35353735,
    0x33353735, 0x37373535, 0x33353735, 0x37373535, 0x33353535, 0x37373535, 0x33353535, 0x35373535,
    0x33353535, 0x35373535, 0x35353535, 0x35373535, 0x35353535, 0x35353535, 0x35353535, 0x35353535,
    0x35373838, 0x35353535, 0x35373838, 0x35353535, 0x35373838, 0x35353535, 0x35353838, 0x35353535,
    0x35353837, 0x35353535, 0x35353737, 0x35353535, 0x35353735, 0x35353535, 0x35353535, 0x35353535,
    0x35373735, 0x2D353535, 0x35373735, 0x2D353535, 0x35373737, 0x2D353535, 0x35373737, 0x2D353535,
    0x35373737, 0x2D353535, 0x35373737, 0x2D353535, 0x35373737, 0x2D353535, 0x35373735, 0x2D353535,
    0x3535353E, 0x37353535, 0x3535373E, 0x37373735, 0x3535373E, 0x38373735, 0x3535373E, 0x37373735,
    0x3535373E, 0x37373735, 0x3535353E, 0x37373735, 0x3535353E, 0x37373735, 0x3535353E, 0x37353735,
    0x35353537, 0x35353535, 0x35353737, 0x35353535, 0x35353737, 0x35353535, 0x35373737, 0x35353735,
    0x35373737, 0x35353535, 0x37373737, 0x37373537, 0x37353535, 0x37373737, 0x35353535, 0x37373537,
    0x37353535, 0x38373838, 0x37353535, 0x38373838, 0x37353535, 0x38373838, 0x37353535, 0x37373838,
    0x37353535, 0x37373838, 0x37353537, 0x37383838, 0x37353537, 0x37383838, 0x37353737, 0x37383838,
    0x35353538, 0x37373735, 0x35353538, 0x38383735, 0x35353538, 0x38383735, 0x35353738, 0x38383735,
    0x35353737, 0x38383735, 0x35353837, 0x38383735, 0x35353837, 0x38373735, 0x35353837, 0x37373735,
    0x35353535, 0x25373535, 0x35353535, 0x25373535, 0x35353535, 0x25373535, 0x35353535, 0x25373535,
    0x35353535, 0x25373535, 0x35353535, 0x25373535, 0x35353535, 0x25373535, 0x35353535, 0x25353535,
    0x56565668, 0x56565656, 0x56565668, 0x56565656, 0x56565668, 0x55565656, 0x33565668, 0x55555633,
    0x33565668, 0x5555553A, 0x56565668, 0x55555555, 0x55555568, 0x54555555, 0x55555568, 0x54545455,
    0x56565656, 0x56565656, 0x56565656, 0x56565656, 0x55555555, 0x56565656, 0x33555555, 0x56565633,
    0x33555555, 0x5656553A, 0x55555455, 0x56555555, 0x54545454, 0x55555555, 0x54545454, 0x55555454,
    0x56565656, 0x56565656, 0x56565656, 0x56565656, 0x56565656, 0x56565656, 0x33565656, 0x56565633,
    0x33565656, 0x5656563B, 0x56565656, 0x55565656, 0x56565555, 0x55555656, 0x55555555, 0x55555555,
    0x55565656, 0x55555555, 0x55555656, 0x55545555, 0x55555656, 0x54545455, 0x33555556, 0x54545433,
    0x33555555, 0x54545439, 0x54555555, 0x54545454, 0x54545555, 0x54545454, 0x54545455, 0x54545454,
    0x56555555, 0x56484856, 0x55555555, 0x56464655, 0x55555554, 0x56444555, 0x33555454, 0x42424233,
    0x33545454, 0x3F40553A, 0x54545454, 0x3C555555, 0x54545454, 0x55555554, 0x54545454, 0x55555554,
    0x56565656, 0x56565656, 0x56565656, 0x56565656, 0x56565656, 0x56565656, 0x33555555, 0x56565633,
    0x3355553C, 0x3356563A, 0x38393B3C, 0x33353637, 0x3739393C, 0x33353637, 0x55555555, 0x55555555,
    0x56393956, 0x56565656, 0x56373756, 0x56565656, 0x56373756, 0x56565656, 0x33373635, 0x56565633,
    0x33563533, 0x5656563B, 0x56565633, 0x56565656, 0x56565656, 0x56565656, 0x56565656, 0x56565656,
    0x56565656, 0x56565656, 0x56565656, 0x56565656, 0x56565656, 0x56565656, 0x33565656, 0x56565633,
    0x33565656, 0x5656563B, 0x56565656, 0x56565656, 0x56565656, 0x56565656, 0x56565656, 0x56565656,
    0x56565656, 0x56565656, 0x56565656, 0x56565656, 0x56565656, 0x56565656, 0x33565656, 0x56565633,
    0x33565656, 0x5656563B, 0x56565656, 0x55565656, 0x56565656, 0x55565656, 0x56565656, 0x55565656,
    0x55484856, 0x54545455, 0x55464656, 0x54545454, 0x54444556, 0x54545454, 0x2D424255, 0x54545432,
    0x2D405555, 0x54545430, 0x3C545555, 0x37393A3C, 0x54545555, 0x3738393B, 0x54545555, 0x54545454,
    0x55555554, 0x56393956, 0x55555454, 0x56373756, 0x55545454, 0x56373755, 0x33545454, 0x56363523,
    0x23545454, 0x5655332B, 0x33333537, 0x55555533, 0x33333537, 0x55555554, 0x54545454, 0x55555554,
    0x56565656, 0x55565656, 0x56565656, 0x55555656, 0x56565656, 0x55555556, 0x33565656, 0x55555533,
    0x33565656, 0x5455553A, 0x55555556, 0x54545555, 0x55555555, 0x54545555, 0x55555555, 0x54545455,
    0x55555555, 0x55555555, 0x55555555, 0x55555555, 0x54545455, 0x54545454, 0x33545454, 0x54545433,
    0x33545454, 0x54545439, 0x54545454, 0x54545454, 0x54545454, 0x54545454, 0x54545454, 0x54545454,
    0x55555555, 0x55484855, 0x54545555, 0x55464654, 0x54545454, 0x54424454, 0x32545454, 0x40424232,
    0x32545454, 0x3F405439, 0x54545454, 0x3C545454, 0x54545454, 0x54545454, 0x54545454, 0x54545454,
    0x56565655, 0x56565656, 0x56555555, 0x56565656, 0x55555555, 0x56565656, 0x33555554, 0x55555533,
    0x3355543C, 0x3355553A, 0x37393A3C, 0x33333537, 0x3739393B, 0x33333537, 0x54545454, 0x54545454,
    0x55393956, 0x55555555, 0x55373756, 0x55555555, 0x55373755, 0x55555555, 0x33353535, 0x55555533,
    0x33543333, 0x54545439, 0x54545433, 0x54545454, 0x54545454, 0x54545454, 0x54545454, 0x54545454,
    0x56565656, 0x56565656, 0x56565655, 0x56565656, 0x56565555, 0x56565656, 0x33555555, 0x56565633,
    0x33555555, 0x5656553A, 0x55555554, 0x56565555, 0x55555454, 0x56565555, 0x55545454, 0x56565555,
    0x56565656, 0x56565656, 0x56565656, 0x56565656, 0x56565656, 0x56565656, 0x33565656, 0x56565633,
    0x33565656, 0x5656563B, 0x56565656, 0x56565656, 0x56565656, 0x56565656, 0x56565656, 0x56565656,
    0x56565656, 0x56565656, 0x56565656, 0x56565656, 0x56565656, 0x56565656, 0x33565656, 0x56565633,
    0x33565656, 0x5656563B, 0x56565656, 0x56565656, 0x56565656, 0x56565656, 0x56565656, 0x55565656,
    0x56565656, 0x68565656, 0x56565656, 0x68565656, 0x56565656, 0x68565656, 0x33565656, 0x68565633,
    0x33565656, 0x6855553A, 0x55565656, 0x68555555, 0x55555556, 0x68555555, 0x55555555, 0x68545454,
    0x35373725, 0x38373535, 0x35373725, 0x38373535, 0x35373725, 0x38373535, 0x35373725, 0x38373535,
    0x35373725, 0x38373535, 0x35373825, 0x37383735, 0x37373825, 0x37383735, 0x37383825, 0x37373735,
    0x35353738, 0x35353737, 0x35353738, 0x35353837, 0x35353738, 0x35373837, 0x35353538, 0x35373737,
    0x35353537, 0x37373737, 0x35353535, 0x37373735, 0x35353535, 0x37373735, 0x35353535, 0x37373735,
    0x35353535, 0x35353537, 0x35353535, 0x35353537, 0x35353535, 0x35353538, 0x37373735, 0x35353537,
    0x37373737, 0x35353537, 0x37373738, 0x35353537, 0x37373738, 0x35353537, 0x35353738, 0x35353535,
    0x35353535, 0x35353535, 0x35353535, 0x35353535, 0x35353535, 0x35353535, 0x35353535, 0x35353535,
    0x35353535, 0x35353535, 0x35353535, 0x35353535, 0x35353535, 0x35353535, 0x35353535, 0x35353535,
    0x37373535, 0x2D353537, 0x37373535, 0x2D353737, 0x37373535, 0x2D353737, 0x37373535, 0x2D353737,
    0x35353535, 0x2D373735, 0x35353535, 0x2D373735, 0x35353535, 0x2D383735, 0x35353535, 0x2D373735,
    0x3535353E, 0x37353735, 0x3535353E, 0x37353535, 0x3535353E, 0x37353535, 0x3535353E, 0x35353535,
    0x3535353E, 0x35353535, 0x3535353E, 0x35353535, 0x3535353E, 0x35373535, 0x3535353E, 0x35373535,
    0x35353535, 0x38373537, 0x35353535, 0x38373537, 0x35353535, 0x38373535, 0x35353535, 0x38373535,
    0x35353535, 0x38373535, 0x35353535, 0x38373535, 0x35353535, 0x38373735, 0x35353535, 0x38373735,
    0x37353737, 0x37383737, 0x35353737, 0x37383737, 0x35353737, 0x38383735, 0x35373737, 0x38383735,
    0x35373737, 0x37383737, 0x35373738, 0x37383737, 0x37373738, 0x37373737, 0x37373738, 0x37373535,
    0x35353837, 0x37373735, 0x35373837, 0x35373737, 0x37373837, 0x35373737, 0x37373837, 0x35373737,
    0x37373737, 0x35373737, 0x37373737, 0x35373737, 0x37373737, 0x35373737, 0x37373737, 0x37383737,
    0x35353535, 0x25353735, 0x35353535, 0x25353537, 0x37353535, 0x25353737, 0x37353535, 0x25353737,
    0x37353535, 0x25353738, 0x37353535, 0x25353738, 0x37353535, 0x25353738, 0x35353535, 0x25353737,
    0x54555568, 0x54545454, 0x54545468, 0x54545454, 0x54545468, 0x54545454, 0x32545468, 0x54545432,
    0x32545468, 0x54545439, 0x54545468, 0x54545454, 0x54545468, 0x54545454, 0x55555568, 0x54545454,
    0x54545454, 0x54545454, 0x54545454, 0x54545454, 0x54545454, 0x54545454, 0x32545454, 0x54545432,
    0x32545454, 0x54545439, 0x54545454, 0x54545454, 0x54545454, 0x54545454, 0x54545454, 0x54545454,
    0x55555554, 0x55555555, 0x54545454, 0x54545454, 0x54545454, 0x54545454, 0x32545454, 0x53535432,
    0x32545454, 0x53535339, 0x54545454, 0x5453534B, 0x4B545454, 0x54544B4B, 0x4B545454, 0x5454544B,
    0x54545454, 0x54545454, 0x54545454, 0x54545454, 0x54545454, 0x54545454, 0x304A4B4B, 0x5454462F,
    0x304A4B53, 0x54424637, 0x54545454, 0x42424454, 0x54545454, 0x40415454, 0x54545454, 0x3E545454,
    0x54545454, 0x55555554, 0x54545454, 0x55555555, 0x54545454, 0x55555555, 0x33545454, 0x55555533,
    0x33545454, 0x5555553A, 0x55555454, 0x55555555, 0x5555543F, 0x55555555, 0x5555543C, 0x56565555,
    0x55555555, 0x55555555, 0x55555555, 0x55555555, 0x55555555, 0x55555555, 0x33555555, 0x55555533,
    0x33555555, 0x5555553A, 0x55555555, 0x56555555, 0x56565656, 0x56565656, 0x56565656, 0x55555556,
    0x56565656, 0x56565656, 0x56565655, 0x55565656, 0x56565655, 0x55555656, 0x33565656, 0x55555533,
    0x33565656, 0x5555553A, 0x55565656, 0x55555555, 0x55555656, 0x4B555555, 0x55555555, 0x4B555555,
    0x56565656, 0x56565656, 0x55555555, 0x56565655, 0x55555555, 0x56565555, 0x32545555, 0x484B4B32,
    0x32545455, 0x484B4B39, 0x54545453, 0x55555555, 0x54545353, 0x55555554, 0x5454544B, 0x55545454,
    0x56565656, 0x55565656, 0x56565656, 0x55565656, 0x56565656, 0x55565656, 0x33564648, 0x56565633,
    0x33454648, 0x5656563A, 0x42424655, 0x55565656, 0x40425555, 0x5555553F, 0x3F555555, 0x5555553C,
    0x54555555, 0x54545454, 0x55555555, 0x54545454, 0x55555555, 0x55555555, 0x33555555, 0x55555533,
    0x33555555, 0x5555553A, 0x55555555, 0x55555555, 0x55555555, 0x55555555, 0x55555555, 0x55555555,
    0x54545454, 0x55555454, 0x54545454, 0x55555454, 0x54545454, 0x54545454, 0x33555555, 0x54545433,
    0x33555555, 0x5454553A, 0x55555555, 0x55555555, 0x55555555, 0x55555555, 0x55555555, 0x54545455,
    0x55555555, 0x54545454, 0x55555555, 0x54545454, 0x54555555, 0x54545454, 0x33545454, 0x53535433,
    0x33555554, 0x53545339, 0x55555555, 0x54545453, 0x4B555555, 0x55555353, 0x4B555554, 0x5555554B,
    0x54545454, 0x54545454, 0x54545454, 0x54545454, 0x54545454, 0x54545454, 0x304A4B53, 0x5454462F,
    0x304B4B53, 0x54424637, 0x54545454, 0x42424554, 0x55555555, 0x40425455, 0x55555555, 0x3F555555,
    0x54545454, 0x54545454, 0x54545454, 0x54545454, 0x54545454, 0x54545454, 0x32545454, 0x54545432,
    0x32545454, 0x54545439, 0x54545454, 0x54545454, 0x5454543F, 0x54545454, 0x5454543C, 0x54545454,
    0x54545454, 0x54545454, 0x54545454, 0x54545454, 0x54545454, 0x54545454, 0x32545454, 0x54545432,
    0x32545454, 0x54545439, 0x54545454, 0x54545454, 0x54545454, 0x54545454, 0x54545454, 0x54545454,
    0x54545454, 0x54545454, 0x54545454, 0x54545454, 0x54545454, 0x54545454, 0x32545454, 0x54545432,
    0x32545454, 0x54545439, 0x54545454, 0x54545454, 0x54545454, 0x4B545454, 0x54545454, 0x4B545454,
    0x55545454, 0x56565555, 0x54545454, 0x56565555, 0x54545454, 0x56565555, 0x32535454, 0x494B4B32,
    0x32535354, 0x484B4B39, 0x54545353, 0x56565555, 0x54545353, 0x56555555, 0x5454544B, 0x55555555,
    0x56565656, 0x56565656, 0x56565656, 0x56565656, 0x56565656, 0x56565656, 0x33564748, 0x56565633,
    0x33454648, 0x5556563B, 0x42424656, 0x55555656, 0x40425656, 0x5555553F, 0x3F565656, 0x5455553C,
    0x56565656, 0x55555556, 0x55555656, 0x55555555, 0x55555555, 0x54545455, 0x33555555, 0x54545433,
    0x33545555, 0x54545439, 0x54545455, 0x54545454, 0x54545454, 0x54545454, 0x54545454, 0x54545454,
    0x54545555, 0x68545454, 0x54545454, 0x68545454, 0x54545454, 0x68545454, 0x32545454, 0x68545432,
    0x32545454, 0x68545439, 0x54545454, 0x68545454, 0x54545454, 0x68545454, 0x54545454, 0x68545454,
    0x37383825, 0x37373735, 0x37373825, 0x35373735, 0x37373825, 0x35373735, 0x37383825, 0x35373737,
    0x37383825, 0x35353737, 0x37373825, 0x35353737, 0x37373825, 0x35353737, 0x37373825, 0x35353737,
    0x35353535, 0x37373735, 0x35353535, 0x37383735, 0x35353537, 0x37383735, 0x35353535, 0x37383737,
    0x35353535, 0x37383837, 0x35353535, 0x38383837, 0x35353535, 0x38383838, 0x35353535, 0x37383838,
    0x35353537, 0x35353535, 0x35353537, 0x35373535, 0x35353537, 0x35373535, 0x35353537, 0x35373535,
    0x35353537, 0x37373535, 0x35353537, 0x37383535, 0x35353537, 0x38383735, 0x35353537, 0x38383735,
    0x35353535, 0x35353535, 0x35353535, 0x35353535, 0x35353535, 0x35353535, 0x35353535, 0x35353535,
    0x35353535, 0x35353535, 0x35353535, 0x35353535, 0x35353535, 0x35353535, 0x35353537, 0x35353737,
    0x35353535, 0x2D373735, 0x35353535, 0x2D353737, 0x37353535, 0x2D353737, 0x37353535, 0x2D353737,
    0x35353535, 0x2D353737, 0x35353535, 0x2D373837, 0x35353535, 0x2D373837, 0x35353535, 0x2D373837,
    0x3535353E, 0x35373535, 0x3535353E, 0x35373535, 0x3535353E, 0x35353535, 0x3535353E, 0x35353535,
    0x4335353E, 0x35353538, 0x3835353E, 0x3535352A, 0x3535353E, 0x35353535, 0x2D2D2D2D, 0x2D2D2D2D,
    0x35353535, 0x37373735, 0x35353535, 0x35353537, 0x35353535, 0x35353537, 0x37353535, 0x35353538,
    0x37353535, 0x35353538, 0x37353535, 0x35353537, 0x37373535, 0x35353537, 0x2D2D2D2D, 0x2D2D2D2D,
    0x35373737, 0x37373535, 0x35373737, 0x37373535, 0x35383737, 0x37373535, 0x35383735, 0x37373535,
    0x35383735, 0x37353535, 0x35383735, 0x37353535, 0x35383735, 0x37353535, 0x2D2D2D2D, 0x2D2D2D2D,
    0x37373737, 0x37373737, 0x35373737, 0x37373735, 0x35373737, 0x37373735, 0x35353738, 0x37373735,
    0x35353738, 0x38373535, 0x35373738, 0x37373535, 0x35373738, 0x37373535, 0x2D2D2D2D, 0x2D2D2D2D,
    0x35353535, 0x25353737, 0x35353535, 0x25353535, 0x35353535, 0x25353535, 0x35353535, 0x25353535,
    0x43353535, 0x25353538, 0x38353535, 0x2535352A, 0x35353535, 0x25353535, 0x2D2D2D2D, 0x252D2D2D,
    0x55555568, 0x54545555, 0x55565668, 0x54555555, 0x56565668, 0x55555556, 0x33565668, 0x55555633,
    0x33565668, 0x5556563A, 0x56565668, 0x55565656, 0x56565668, 0x55565656, 0x56565668, 0x55555656,
    0x54545454, 0x54545454, 0x54545454, 0x54545454, 0x54545454, 0x53545454, 0x32545455, 0x53545432,
    0x32545455, 0x53545439, 0x54545455, 0x53535454, 0x54545455, 0x53535454, 0x54545455, 0x53535454,
    0x48535354, 0x5454534A, 0x48535353, 0x53535348, 0x46535353, 0x53535346, 0x2E535353, 0x5353532E,
    0x2E535353, 0x53535333, 0x40535353, 0x53533F40, 0x4B4B5353, 0x533C3C3F, 0x4B4B5353, 0x393B3C4B,
    0x54545454, 0x3C545454, 0x54545454, 0x39545454, 0x54545454, 0x39545454, 0x32545453, 0x37545432,
    0x32545453, 0x37545439, 0x54545453, 0x35355454, 0x54545353, 0x33333354, 0x35373738, 0x54333333,
    0x5555553C, 0x56565655, 0x55555539, 0x56565655, 0x55555539, 0x56565655, 0x33555537, 0x56565633,
    0x33555537, 0x5656563A, 0x55555535, 0x56565655, 0x55555555, 0x56565555, 0x55555554, 0x56555555,
    0x56565656, 0x55555556, 0x56565656, 0x55555555, 0x56565656, 0x55555555, 0x33565656, 0x55555533,
    0x33565656, 0x5455553A, 0x55555656, 0x54545555, 0x55555656, 0x54545555, 0x55555556, 0x54545455,
    0x55555555, 0x4B545555, 0x55555555, 0x48545455, 0x54545555, 0x48545454, 0x33545454, 0x46545433,
    0x32545454, 0x44545439, 0x54545454, 0x42545454, 0x54545454, 0x54545454, 0x54545454, 0x54545454,
    0x5454544B, 0x54545454, 0x54545448, 0x54545454, 0x54545448, 0x54545454, 0x32545446, 0x54545432,
    0x32545442, 0x54545439, 0x54544042, 0x54545454, 0x543C3F40, 0x54545454, 0x3A3C3C54, 0x35373739,
    0x3C555555, 0x5555553C, 0x3A555554, 0x55555539, 0x39545454, 0x55555539, 0x25545454, 0x54545425,
    0x25545454, 0x5454542D, 0x35335454, 0x54545435, 0x33333354, 0x54545454, 0x54333333, 0x54545454,
    0x55555555, 0x55555555, 0x54545555, 0x54545454, 0x54545454, 0x54545454, 0x32545454, 0x54545432,
    0x32545454, 0x54545439, 0x54545454, 0x54545454, 0x54545454, 0x54545454, 0x54545454, 0x54545454,
    0x54545455, 0x54545454, 0x54545454, 0x54545454, 0x54545454, 0x54545454, 0x32545454, 0x54545432,
    0x32545454, 0x54545439, 0x54545454, 0x54545454, 0x54545454, 0x54545454, 0x54545454, 0x54545454,
    0x4B545454, 0x5555554B, 0x48545454, 0x5555554A, 0x48545454, 0x55555548, 0x2F545454, 0x5555552F,
    0x2E545454, 0x55555533, 0x42545454, 0x55554042, 0x54545454, 0x553C3F40, 0x54545454, 0x3B3C3C54,
    0x55555555, 0x3C555555, 0x55555555, 0x3A555555, 0x55555555, 0x39555555, 0x33565655, 0x37555633,
    0x33565656, 0x3756563A, 0x56565656, 0x35355656, 0x56565655, 0x33333356, 0x36373839, 0x55333335,
    0x5454553C, 0x54545454, 0x55555539, 0x54555555, 0x55555539, 0x55555555, 0x33555537, 0x55555533,
    0x33555537, 0x5555553A, 0x56565636, 0x55555556, 0x55555656, 0x55555555, 0x55555555, 0x55555555,
    0x54545454, 0x54545454, 0x54545454, 0x54545454, 0x54545454, 0x54545454, 0x33545455, 0x54545432,
    0x33545555, 0x54545439, 0x54545555, 0x54545454, 0x54545555, 0x54545454, 0x54545455, 0x54545454,
    0x54545454, 0x4B545454, 0x54545454, 0x48545454, 0x54545454, 0x48555555, 0x33545454, 0x46555533,
    0x33555454, 0x4656553A, 0x55555554, 0x42565655, 0x55555554, 0x56565655, 0x55555454, 0x56565555,
    0x5454544B, 0x55555555, 0x55555549, 0x55555555, 0x55555548, 0x54545455, 0x33555546, 0x54545433,
    0x33555544, 0x54545439, 0x55554242, 0x54545454, 0x553C3F40, 0x54545454, 0x3B3C3C56, 0x35373739,
    0x3C555555, 0x5454553C, 0x3A555555, 0x54545439, 0x39545454, 0x54545438, 0x25545454, 0x54545425,
    0x25545454, 0x5454542C, 0x33335454, 0x54545435, 0x33333354, 0x54545454, 0x54333333, 0x54545454,
    0x54545454, 0x54545454, 0x54545454, 0x54545454, 0x54545454, 0x54545454, 0x32545454, 0x54545432,
    0x32545454, 0x54545439, 0x54545454, 0x54545454, 0x54545454, 0x54545454, 0x54545454, 0x54545454,
    0x54545454, 0x68545454, 0x54545454, 0x68545454, 0x54545454, 0x68545454, 0x32545454, 0x68545432,
    0x32545454, 0x68545439, 0x54545454, 0x68545454, 0x54545454, 0x68545454, 0x54545454, 0x68545454,
    0x35373825, 0x35353535, 0x35373825, 0x35353535, 0x37383825, 0x35353535, 0x37383825, 0x37353535,
    0x43383825, 0x37353538, 0x38373825, 0x3735352A, 0x35373825, 0x37353535, 0x2D2D2D25, 0x2D2D2D2D,
    0x37353535, 0x37383837, 0x37353735, 0x37373737, 0x38373737, 0x37373737, 0x38373737, 0x37373537,
    0x38373737, 0x35373537, 0x38373837, 0x37373537, 0x37383838, 0x37353537, 0x2D2D2D2D, 0x2D2D2D2D,
    0x35353537, 0x38383735, 0x35353537, 0x38373735, 0x35373737, 0x38373735, 0x37373735, 0x38373737,
    0x37373735, 0x38373737, 0x35373737, 0x37373735, 0x35353737, 0x37373535, 0x2D2D2D2D, 0x2D2D2D2D,
    0x37353537, 0x35353737, 0x37373737, 0x35373738, 0x38383838, 0x37373538, 0x38383838, 0x37373538,
    0x38383838, 0x37373538, 0x38383838, 0x37373738, 0x38373838, 0x37373538, 0x2D2D2D2D, 0x2D2D2D2D,
    0x35353535, 0x2D373737, 0x35353535, 0x2D373737, 0x37373535, 0x2D373737, 0x37373735, 0x2D383535,
    0x43373735, 0x2D373538, 0x38373737, 0x2D37352A, 0x35383837, 0x2D373737, 0x2D2D2D2D, 0x2D2D2D2D,
    0x3E3E3E3E, 0x3E3E3E3E, 0x3535353E, 0x35353535, 0x3535353E, 0x35353537, 0x3535353E, 0x35353537,
    0x4337353E, 0x37353738, 0x3837373E, 0x3735372A, 0x3737353E, 0x35353738, 0x3537353E, 0x35353738,
    0x3E3E3E3E, 0x3E3E3E3E, 0x37373735, 0x35353535, 0x37373735, 0x37353535, 0x37373537, 0x38353535,
    0x35353537, 0x38373537, 0x35353537, 0x38373535, 0x35353537, 0x38373535, 0x35353735, 0x38373535,
    0x3E3E3E3E, 0x3E3E3E3E, 0x37383735, 0x37353535, 0x37373735, 0x37353535, 0x38373737, 0x35353535,
    0x38373737, 0x35353535, 0x38373737, 0x35353535, 0x37373737, 0x35353535, 0x37373737, 0x35353535,
    0x3E3E3E3E, 0x3E3E3E3E, 0x37373537, 0x37353535, 0x37373537, 0x35353535, 0x37373535, 0x35373535,
    0x37373535, 0x35373535, 0x37373535, 0x35373535, 0x37373535, 0x35353735, 0x37353535, 0x35353537,
    0x3E3E3E3E, 0x253E3E3E, 0x35353535, 0x25353535, 0x35353535, 0x25353535, 0x35353535, 0x25353535,
    0x43353735, 0x25353538, 0x38353735, 0x2535352A, 0x35353535, 0x25353535, 0x35353535, 0x25353535,
    0x56565668, 0x55555656, 0x56565668, 0x55555556, 0x56565668, 0x54555556, 0x33565668, 0x54555533,
    0x33555668, 0x5454553A, 0x55555568, 0x54545455, 0x54555568, 0x54545454, 0x54545468, 0x54545454,
    0x54545454, 0x53535354, 0x54545454, 0x53535354, 0x54545454, 0x53535354, 0x32545454, 0x53535332,
    0x32545454, 0x53535339, 0x54545454, 0x53535353, 0x54545454, 0x53535353, 0x54545454, 0x53535353,
    0x4B4B4B53, 0x39394B4B, 0x4B4B4B53, 0x534B4B4B, 0x4B4B4B53, 0x534B4B4B, 0x314B4B53, 0x534B4B31,
    0x324B4B53, 0x4B4B4B39, 0x4B4B4B53, 0x4B4B4B4B, 0x4B4B4B53, 0x4B4B4B4B, 0x4B4B4B53, 0x4B4B4B4B,
    0x35363737, 0x54543333, 0x54535353, 0x54545454, 0x53535353, 0x54545454, 0x32535353, 0x54545432,
    0x32535353, 0x54545339, 0x53535353, 0x53535353, 0x5353534B, 0x53535353, 0x534B4B4B, 0x53535353,
    0x55555454, 0x55555555, 0x54545454, 0x55555555, 0x54545454, 0x55555454, 0x32545454, 0x54545432,
    0x32545454, 0x54545439, 0x54545454, 0x54545454, 0x54545453, 0x53545454, 0x54545353, 0x53535454,
    0x55555555, 0x54545455, 0x55555555, 0x54545454, 0x54555555, 0x54545454, 0x33545454, 0x54545432,
    0x32545454, 0x54545439, 0x4B4B5353, 0x4647484A, 0x4B535353, 0x4646484A, 0x54545453, 0x42545454,
    0x54545454, 0x54545454, 0x54545454, 0x54545454, 0x54545454, 0x54545454, 0x32545454, 0x54545432,
    0x32545454, 0x54545439, 0x54545454, 0x54545454, 0x54545442, 0x54545454, 0x54544042, 0x54545454,
    0x393B5454, 0x35373738, 0x54545454, 0x54545454, 0x54545454, 0x54545454, 0x32545454, 0x54545432,
    0x32545454, 0x54545439, 0x54545454, 0x54545454, 0x53545454, 0x54545454, 0x53535353, 0x53535353,
    0x54543333, 0x54545454, 0x54545454, 0x54545454, 0x54545454, 0x54545454, 0x32545454, 0x54545432,
    0x32545454, 0x54545439, 0x54545454, 0x54545454, 0x54545454, 0x54545454, 0x54545454, 0x54545454,
    0x54545454, 0x54545454, 0x54545454, 0x54545454, 0x54545454, 0x54545454, 0x32545454, 0x54545432,
    0x32545454, 0x54545439, 0x54545454, 0x4B4B5353, 0x53545454, 0x4B535353, 0x53535454, 0x54545453,
    0x54545454, 0x54545454, 0x54545454, 0x54545454, 0x54545454, 0x54545454, 0x32545454, 0x54545432,
    0x32545454, 0x54545439, 0x4647484A, 0x54545454, 0x4647484A, 0x54545442, 0x44545454, 0x54544042,
    0x54545454, 0x393C5454, 0x54545454, 0x55545454, 0x54545454, 0x55545454, 0x32545454, 0x55545432,
    0x32545454, 0x54545439, 0x54545454, 0x54545454, 0x54545454, 0x54545454, 0x54545454, 0x54545454,
    0x36373739, 0x55553335, 0x55555555, 0x55555555, 0x55555555, 0x55555555, 0x33555555, 0x55555533,
    0x33555555, 0x5454553A, 0x55555554, 0x54545455, 0x54545454, 0x54545454, 0x54545454, 0x54545454,
    0x55555555, 0x55555555, 0x55555555, 0x54555555, 0x55555555, 0x54545454, 0x33545454, 0x54545433,
    0x32545454, 0x54545439, 0x54545454, 0x54545454, 0x54545454, 0x53545454, 0x54545454, 0x53535454,
    0x54545454, 0x54545454, 0x54545454, 0x54545454, 0x54545454, 0x54545454, 0x32545454, 0x54545432,
    0x32545454, 0x54545439, 0x4B4B5353, 0x46474849, 0x4B4B5353, 0x45464849, 0x54545453, 0x42545454,
    0x55545454, 0x55555555, 0x54545454, 0x55555554, 0x54545454, 0x54545454, 0x32545454, 0x54545432,
    0x32545454, 0x54545439, 0x54545454, 0x54545454, 0x54545442, 0x53535354, 0x53534042, 0x53535353,
    0x393C5555, 0x35373739, 0x54545455, 0x54545454, 0x54545454, 0x54545454, 0x32545454, 0x54545432,
    0x32545454, 0x54545439, 0x54545454, 0x54545454, 0x53535353, 0x54545453, 0x53535353, 0x54535353,
    0x54543333, 0x54545454, 0x54545454, 0x54545454, 0x54545454, 0x54545454, 0x32545454, 0x54545432,
    0x32545454, 0x54545439, 0x54545454, 0x54545454, 0x54545454, 0x54545454, 0x54545454, 0x54545454,
    0x54545454, 0x54545454, 0x54545454, 0x54545353, 0x54545454, 0x54535353, 0x32545454, 0x54545332,
    0x32545454, 0x54545439, 0x54545454, 0x54545454, 0x54545454, 0x54545454, 0x54545454, 0x54545454,
    0x54545454, 0x68545454, 0x54545454, 0x68545454, 0x54545454, 0x68545454, 0x32545454, 0x68545432,
    0x32545454, 0x68545439, 0x54545454, 0x68545454, 0x54545454, 0x68545454, 0x54545454, 0x68545454,
    0x3E3E3E25, 0x3E3E3E3E, 0x35353725, 0x35353535, 0x35353525, 0x35353535, 0x35353525, 0x35353535,
    0x43353325, 0x35353538, 0x38353325, 0x3535352A, 0x35353325, 0x35353535, 0x35353525, 0x35353535,
    0x3E3E3E3E, 0x3E3E3E3E, 0x37373737, 0x35353737, 0x37373737, 0x35353737, 0x37353737, 0x35353837,
    0x35353535, 0x35353837, 0x35353535, 0x35353837, 0x35353535, 0x35353837, 0x35353535, 0x35373837,
    0x3E3E3E3E, 0x3E3E3E3E, 0x35353535, 0x35353535, 0x35353535, 0x35353535, 0x35353535, 0x35353535,
    0x35353335, 0x35333335, 0x35353335, 0x35333335, 0x35353335, 0x35333335, 0x35353335, 0x35333535,
    0x3E3E3E3E, 0x3E3E3E3E, 0x37373837, 0x37373537, 0x37383837, 0x37373537, 0x37383737, 0x38373537,
    0x37383737, 0x38373535, 0x37383735, 0x38373535, 0x37373735, 0x38373535, 0x37373835, 0x37373535,
    0x3E3E3E3E, 0x2D3E3E3E, 0x35373837, 0x2D353537, 0x35373737, 0x2D353535, 0x35373737, 0x2D353535,
    0x43373737, 0x2D353538, 0x38373737, 0x2D35352A, 0x35353537, 0x2D353535, 0x35353537, 0x2D353535,
    0x3535353E, 0x35373738, 0x3535353E, 0x35373737, 0x3535353E, 0x35353737, 0x3735353E, 0x35353537,
    0x3735353E, 0x35353535, 0x3735353E, 0x35353535, 0x3735353E, 0x35353535, 0x3535353E, 0x35353535,
    0x35353535, 0x37353535, 0x35353535, 0x37353535, 0x35353535, 0x35353535, 0x35353535, 0x35353535,
    0x35353535, 0x35353535, 0x35353535, 0x33353535, 0x35353535, 0x33353535, 0x35353535, 0x35353535,
    0x35373737, 0x35353535, 0x35373735, 0x35353535, 0x35373535, 0x35353535, 0x35353535, 0x35353535,
    0x35353535, 0x35353535, 0x35353535, 0x35353535, 0x35353535, 0x37353535, 0x35353535, 0x37353535,
    0x35353535, 0x35353537, 0x35353535, 0x35353537, 0x35353535, 0x35353535, 0x35353537, 0x35353535,
    0x35353537, 0x35353535, 0x33353537, 0x35353535, 0x33353537, 0x35353535, 0x33353737, 0x35353535,
    0x35353535, 0x25353535, 0x35353535, 0x25353535, 0x35353535, 0x25353535, 0x35353535, 0x25353535,
    0x35353535, 0x25373535, 0x35353535, 0x25383535, 0x35353535, 0x25383535, 0x35353535, 0x25383535,
    0x54545468, 0x54545454, 0x54545468, 0x54545454, 0x54545468, 0x54545454, 0x32545468, 0x53545432,
    0x32535468, 0x53535339, 0x53535368, 0x53535353, 0x53535368, 0x53535353, 0x53535368, 0x53535353,
    0x53545454, 0x53535353, 0x53535454, 0x53535353, 0x53535354, 0x53535353, 0x32535353, 0x4B535332,
    0x32535353, 0x4B4B5339, 0x53535353, 0x4B4B4B53, 0x4B535353, 0x4B4B4B4B, 0x4B4B4B53, 0x4B4B4B4B,
    0x4B4B4B53, 0x4B4B4B4B, 0x4B4B4B4B, 0x4B4B4B4B, 0x4B4B4B4B, 0x4B4B4B4B, 0x314B4B4B, 0x4B4B4B31,
    0x314B4B4B, 0x4B4B4B39, 0x4B4B4B4B, 0x4B4B4B4B, 0x4B4B4B4B, 0x4B4B4B4B, 0x4B4B4B4B, 0x4B4B4B4B,
    0x4B4B4B4B, 0x53535353, 0x4B4B4B4B, 0x5353534B, 0x4B4B4B4B, 0x53534B4B, 0x314B4B4B, 0x534B4B31,
    0x314B4B4B, 0x4B4B4B39, 0x4B4B4B4B, 0x4B4B4B4B, 0x4B4B4B4B, 0x4B4B4B4B, 0x4B4B4B4B, 0x4B4B4B4B,
    0x54535353, 0x534B4B54, 0x53535353, 0x544B4B54, 0x53535353, 0x544A4853, 0x32535353, 0x53484832,
    0x32535353, 0x53464639, 0x5353534B, 0x53454553, 0x53534B4B, 0x53424253, 0x534B4B4B, 0x3F404153,
    0x54545454, 0x54545454, 0x54545454, 0x54545454, 0x54545454, 0x53535454, 0x32535353, 0x53535332,
    0x32535353, 0x53535339, 0x53535353, 0x53535353, 0x53535353, 0x53535353, 0x53535353, 0x4B4B5353,
    0x543E3F40, 0x53535354, 0x533C3C54, 0x53535353, 0x533A3C53, 0x53535353, 0x32393953, 0x53535332,
    0x32373753, 0x53535339, 0x53373753, 0x53535353, 0x4B353353, 0x4B4B4B4B, 0x4B333333, 0x4B4B4B4B,
    0x53535353, 0x53535353, 0x53535353, 0x53535353, 0x53535353, 0x53535353, 0x32535353, 0x53535332,
    0x32535353, 0x53535339, 0x4B4B4B4B, 0x53534B4B, 0x4B4B4B4B, 0x4B4B4B4B, 0x4B4B4B4B, 0x4B4B4B4B,
    0x54545353, 0x54545454, 0x53535353, 0x54545454, 0x53535353, 0x54535353, 0x32535353, 0x53535332,
    0x32535353, 0x53535339, 0x53535353, 0x53535353, 0x5353534B, 0x53535353, 0x4B4B4B4B, 0x53535353,
    0x534B4B54, 0x54545454, 0x544B4B54, 0x54545454, 0x544A4954, 0x54545454, 0x32484853, 0x54545432,
    0x32464653, 0x53535339, 0x53454553, 0x53535353, 0x53424253, 0x53535353, 0x3F404053, 0x53535353,
    0x54545454, 0x543F3F40, 0x54545454, 0x543C3C54, 0x54545454, 0x543B3C54, 0x32545454, 0x54393932,
    0x32545353, 0x54383839, 0x53535353, 0x54373753, 0x53535353, 0x54353553, 0x53535353, 0x53333333,
    0x54545454, 0x54545454, 0x54545454, 0x54545454, 0x54545454, 0x54545454, 0x32545454, 0x54545432,
    0x32545454, 0x54545439, 0x54545454, 0x54545454, 0x54545454, 0x54545454, 0x54545353, 0x53535353,
    0x54545454, 0x54545454, 0x54545454, 0x54545454, 0x54545454, 0x54545454, 0x32545454, 0x54545432,
    0x32545454, 0x54545439, 0x54545454, 0x54545454, 0x54545454, 0x54545454, 0x53535353, 0x53535353,
    0x54545454, 0x534B4B54, 0x54545454, 0x544B4B54, 0x54545454, 0x544A4954, 0x32545454, 0x53484832,
    0x32545454, 0x53464639, 0x53545454, 0x53454653, 0x53535354, 0x53424253, 0x53535353, 0x3F404253,
    0x54545454, 0x53535353, 0x53535454, 0x53535353, 0x53535354, 0x53535353, 0x32535353, 0x53535332,
    0x32535353, 0x53535339, 0x53535353, 0x53535353, 0x53535353, 0x53535353, 0x53535353, 0x4B4B5353,
    0x533C3F40, 0x53535353, 0x533C3C53, 0x53535353, 0x533A3B53, 0x53535353, 0x32393953, 0x53535332,
    0x32373753, 0x53535339, 0x53373753, 0x53535353, 0x53353353, 0x53535353, 0x53333333, 0x53535353,
    0x53535353, 0x53535353, 0x53535353, 0x53535353, 0x53535353, 0x53535353, 0x32535353, 0x53535332,
    0x32535353, 0x53535339, 0x53535353, 0x53535353, 0x53535353, 0x54535353, 0x53535353, 0x54535353,
    0x54545454, 0x54545454, 0x54545353, 0x54545454, 0x54545353, 0x54545454, 0x32545453, 0x54545432,
    0x32545454, 0x54545439, 0x54545454, 0x54545454, 0x54545454, 0x54545454, 0x54545454, 0x54545454,
    0x54545454, 0x54545454, 0x54545454, 0x54545454, 0x54545454, 0x53545454, 0x32545454, 0x53535432,
    0x32545454, 0x53535439, 0x54545454, 0x53535454, 0x54545454, 0x53535454, 0x54545454, 0x53535454,
    0x54545454, 0x68545454, 0x54545454, 0x68545454, 0x53535353, 0x68535353, 0x32535353, 0x68535332,
    0x32535353, 0x68535339, 0x53535353, 0x68535353, 0x53535353, 0x68535353, 0x53535353, 0x68535353,
    0x35353525, 0x35353535, 0x35353525, 0x35353535, 0x35353525, 0x35353537, 0x37353525, 0x35353537,
    0x37353525, 0x35353538, 0x37373725, 0x35353538, 0x38373725, 0x35353738, 0x38373825, 0x35353738,
    0x35353535, 0x35373835, 0x35373535, 0x35373735, 0x35373535, 0x35353735, 0x35373535, 0x35353535,
    0x35373535, 0x35353535, 0x35373535, 0x35353535, 0x35373735, 0x35353535, 0x35373735, 0x35353535,
    0x35353535, 0x35353535, 0x35353535, 0x35353535, 0x35353535, 0x35353535, 0x35353535, 0x35353535,
    0x35353535, 0x35353535, 0x35353535, 0x35353535, 0x35353535, 0x35353535, 0x35353535, 0x35353535,
    0x37353735, 0x37373535, 0x35353735, 0x37353535, 0x35353535, 0x37353535, 0x35353535, 0x35353535,
    0x35353535, 0x35353535, 0x35353535, 0x35353535, 0x35353535, 0x35353535, 0x35353535, 0x35353535,
    0x35353538, 0x2D353535, 0x35353538, 0x2D353535, 0x35353737, 0x2D353535, 0x35373737, 0x2D353535,
    0x37383837, 0x2D353535, 0x37383837, 0x2D333535, 0x38383837, 0x2D333535, 0x38383837, 0x2D353535,
    0x3535353E, 0x35353535, 0x3535353E, 0x35353535, 0x3535353E, 0x35353535, 0x3535353E, 0x35353535,
    0x3535353E, 0x35353535, 0x3535353E, 0x35353535, 0x3535353E, 0x35353535, 0x3535353E, 0x35353535,
    0x35353535, 0x35353535, 0x35353535, 0x35353535, 0x35353535, 0x35353535, 0x35353535, 0x35353535,
    0x35353535, 0x35353535, 0x35353535, 0x35353735, 0x35353535, 0x35353735, 0x35353535, 0x35353735,
    0x35353535, 0x37353535, 0x35353535, 0x35353535, 0x35373535, 0x35353535, 0x35373535, 0x35353535,
    0x35353535, 0x35353535, 0x35353535, 0x35353535, 0x35353535, 0x35353535, 0x35373735, 0x35353535,
    0x35353737, 0x35353533, 0x35353737, 0x35353533, 0x35353537, 0x35353533, 0x35353537, 0x35353535,
    0x33353535, 0x35353535, 0x33353535, 0x35353535, 0x33353535, 0x35353535, 0x35353535, 0x35353535,
    0x35353535, 0x25383535, 0x35353535, 0x25373535, 0x35353535, 0x25373535, 0x35353535, 0x25373535,
    0x35353535, 0x25373535, 0x35353535, 0x25353537, 0x37353535, 0x25353537, 0x37353535, 0x25353537,
    0x4B4B4B68, 0x4B4B4B4B, 0x4B4B4B68, 0x4B4B4B4B, 0x4B4B4B68, 0x4B4B4B4B, 0x314B4B68, 0x4B4B4B31,
    0x314B4B68, 0x4B4B4B39, 0x4B4B4B68, 0x4B4B4B4B, 0x4B4B4B68, 0x4B4B4B4B, 0x4B4B4B68, 0x4B4B4B4B,
    0x4B4B4B4B, 0x4B4B4B4B, 0x4B4B4B4B, 0x4B4B4B4B, 0x4B4B4B4B, 0x4B4B4B4B, 0x314B4B4B, 0x4B4B4B31,
    0x314B4B4B, 0x4B4B4B39, 0x4B4B4B4B, 0x4B4B4B4B, 0x4B4B4B4B, 0x4B4B4B4B, 0x4B4B4B4B, 0x4B4B4B4B,
    0x4B4B4B4B, 0x4B4B4B4B, 0x4B4B4B4B, 0x4B4B4B4B, 0x4B4B4B4B, 0x4B4B4B4B, 0x314B4B4B, 0x4B4B4B31,
    0x314B4B4B, 0x4B4B4B38, 0x4B4B4B4B, 0x4B4B4B4B, 0x4B4B4B4B, 0x4B4B4B4B, 0x4B4B4B4B, 0x4B4B4B4B,
    0x4B4B4B4B, 0x4B4B4B4B, 0x4B4B4B4B, 0x4B4B4B4B, 0x4B4B4B4B, 0x4B4B4B4B, 0x314B4B4B, 0x4B4B4B31,
    0x314B4B4B, 0x4B4B4B38, 0x4B4B4B4B, 0x4B4B4B4B, 0x4B4B4B4B, 0x4B4B4B4B, 0x4B4B4B4B, 0x4B4B4B4B,
    0x4B4B4B4B, 0x3C3F534B, 0x4B4B4B4B, 0x3C534B4B, 0x4B4B4B4B, 0x4B4B4B4B, 0x314B4B4B, 0x4B4B4B31,
    0x314B4B4B, 0x4B4B4B39, 0x4B4B4B4B, 0x4B4B4B4B, 0x4B4B4B4B, 0x4B4B4B4B, 0x4B4B4B4B, 0x4B4B4B4B,
    0x5353533C, 0x334B4B4B, 0x3738393A, 0x33333335, 0x37373939, 0x33333335, 0x314B4B4B, 0x4B4B4B31,
    0x314B4B4B, 0x4B4B4B39, 0x4B4B4B4B, 0x4B4B4B4B, 0x4B4B4B4B, 0x4B4B4B4B, 0x4B4B4B4B, 0x4B4B4B4B,
    0x4B4B3333, 0x4B4B4B4B, 0x4B4B4B32, 0x4B4B4B4B, 0x4B4B4B4B, 0x4B4B4B4B, 0x314B4B4B, 0x4B4B4B31,
    0x314B4B4B, 0x4B4B4B38, 0x4B4B4B4B, 0x4B4B4B4B, 0x4B4B4B4B, 0x4B4B4B4B, 0x4B4B4B4B, 0x4B4B4B4B,
    0x4B4B4B4B, 0x4B4B4B4B, 0x4B4B4B4B, 0x4B4B4B4B, 0x4B4B4B4B, 0x4B4B4B4B, 0x314B4B4B, 0x4B4B4B31,
    0x314B4B4B, 0x4B4B4B38, 0x4B4B4B4B, 0x4B4B4B4B, 0x4B4B4B4B, 0x4B4B4B4B, 0x4B4B4B4B, 0x4B4B4B4B,
    0x4B4B4B4B, 0x4B4B4B4B, 0x4B4B4B4B, 0x4B4B4B4B, 0x4B4B4B4B, 0x4B4B4B4B, 0x314B4B4B, 0x4B4B4B31,
    0x314B4B4B, 0x4B4B4B39, 0x4B4B4B4B, 0x4B4B4B4B, 0x4B4B4B4B, 0x4B4B4B4B, 0x4B4B4B4B, 0x4B4B4B4B,
    0x3C3F534B, 0x5353533C, 0x3C4B4B4B, 0x3738393A, 0x4B4B4B4B, 0x37373939, 0x314B4B4B, 0x4B4B4B31,
    0x314B4B4B, 0x4B4B4B39, 0x4B4B4B4B, 0x4B4B4B4B, 0x4B4B4B4B, 0x4B4B4B4B, 0x4B4B4B4B, 0x4B4B4B4B,
    0x33535353, 0x53533333, 0x33333335, 0x53535333, 0x33333335, 0x53535353, 0x324B4B4B, 0x53535332,
    0x324B4B4B, 0x53535339, 0x4B4B4B4B, 0x53534B4B, 0x4B4B4B4B, 0x4B4B4B4B, 0x4B4B4B4B, 0x4B4B4B4B,
    0x53535353, 0x53535353, 0x53535353, 0x53535353, 0x53535353, 0x53535353, 0x32535353, 0x53535332,
    0x32535353, 0x53535339, 0x53535353, 0x53535353, 0x53535353, 0x53535353, 0x534B4B4B, 0x53535353,
    0x53535353, 0x53535353, 0x53535353, 0x53535353, 0x53535353, 0x53535353, 0x32535353, 0x53535332,
    0x32535353, 0x53535339, 0x53535353, 0x53535353, 0x53535353, 0x53535353, 0x53535353, 0x53535353,
    0x53535353, 0x3C3F5353, 0x53535353, 0x3C535353, 0x53535353, 0x53535353, 0x32535353, 0x53535332,
    0x32535353, 0x4B4B5339, 0x53535353, 0x4B4B4B4B, 0x4B4B5353, 0x4B4B4B4B, 0x4B4B4B53, 0x4B4B4B4B,
    0x5353533C, 0x334B4B4B, 0x3738393B, 0x33333335, 0x37373939, 0x33333335, 0x314B4B4B, 0x4B4B4B31,
    0x314B4B4B, 0x4B4B4B39, 0x4B4B4B4B, 0x4B4B4B4B, 0x4B4B4B4B, 0x4B4B4B4B, 0x4B4B4B4B, 0x4B4B4B4B,
    0x4B4B3333, 0x53535353, 0x4B4B4B33, 0x5353534B, 0x4B4B4B4B, 0x53534B4B, 0x314B4B4B, 0x4B4B4B31,
    0x314B4B4B, 0x4B4B4B39, 0x4B4B4B4B, 0x4B4B4B4B, 0x4B4B4B4B, 0x4B4B4B4B, 0x4B4B4B4B, 0x4B4B4B4B,
    0x53535353, 0x54535353, 0x53535353, 0x54535353, 0x53535353, 0x53535353, 0x32535353, 0x53535332,
    0x3253534B, 0x53535339, 0x534B4B4B, 0x53535353, 0x4B4B4B4B, 0x5353534B, 0x4B4B4B4B, 0x534B4B4B,
    0x54545454, 0x54545454, 0x54545454, 0x54545454, 0x54545454, 0x54545454, 0x32545453, 0x54545432,
    0x32535353, 0x53535339, 0x53535353, 0x53535353, 0x53535353, 0x53535353, 0x53535353, 0x53535353,
    0x54545454, 0x53535454, 0x54545454, 0x53535454, 0x54545454, 0x53535354, 0x32545454, 0x53535332,
    0x32535353, 0x53535339, 0x53535353, 0x53535353, 0x53535353, 0x53535353, 0x53535353, 0x4B4B5353,
    0x53535353, 0x684B4B53, 0x53535353, 0x684B4B4B, 0x4B535353, 0x684B4B4B, 0x32535353, 0x684B4B32,
    0x324B5353, 0x684B4B39, 0x4B4B5353, 0x684B4B4B, 0x4B4B4B53, 0x684B4B4B, 0x4B4B4B4B, 0x684B4B4B,
    0x38383825, 0x35353737, 0x38383825, 0x35353737, 0x37373725, 0x35353735, 0x37353525, 0x35353735,
    0x35353525, 0x35353735, 0x35353525, 0x35373735, 0x35353525, 0x35373735, 0x35353525, 0x35373735,
    0x35373735, 0x35353535, 0x35373735, 0x35353535, 0x35373735, 0x35353535, 0x35373535, 0x35353535,
    0x35373535, 0x35353535, 0x35373535, 0x35353535, 0x35373535, 0x35333535, 0x35373535, 0x35353535,
    0x35353535, 0x33353535, 0x35353535, 0x33353535, 0x35353535, 0x33353535, 0x35353535, 0x33353535,
    0x35353535, 0x35353535, 0x35353535, 0x35353535, 0x37353535, 0x35353535, 0x37373535, 0x35353535,
    0x35353535, 0x35353535, 0x35353535, 0x35353535, 0x35353535, 0x35353535, 0x35353535, 0x35353535,
    0x35353735, 0x35353535, 0x35373735, 0x35353535, 0x35383837, 0x35353535, 0x35383837, 0x33353535,
    0x38383737, 0x2D353535, 0x37373737, 0x2D353535, 0x37373537, 0x2D353535, 0x37353535, 0x2D353535,
    0x35353535, 0x2D353737, 0x35353535, 0x2D373837, 0x35353535, 0x2D373837, 0x35353535, 0x2D373838,
    0x3535353E, 0x35353535, 0x3535353E, 0x35353535, 0x3535353E, 0x35353535, 0x3535353E, 0x35353535,
    0x3535353E, 0x35353535, 0x3335353E, 0x35353535, 0x3335353E, 0x37353535, 0x3335353E, 0x37373735,
    0x35353535, 0x35353735, 0x35373535, 0x35353535, 0x35373535, 0x35353535, 0x37373535, 0x35353535,
    0x35353535, 0x35353535, 0x35353535, 0x35353537, 0x35353537, 0x35353537, 0x35353537, 0x35353537,
    0x35373735, 0x35353535, 0x37373535, 0x35353535, 0x37373535, 0x35353535, 0x37373535, 0x35353535,
    0x37373535, 0x35353535, 0x37373535, 0x35353535, 0x37353535, 0x35353535, 0x35353535, 0x35353535,
    0x35353535, 0x35353535, 0x35353535, 0x35353535, 0x35353535, 0x35353535, 0x35353535, 0x35353535,
    0x35353535, 0x35353535, 0x35353535, 0x35353533, 0x35353535, 0x35353333, 0x35353535, 0x35353333,
    0x37353535, 0x25353537, 0x37353535, 0x25353537, 0x37353535, 0x25353537, 0x35353535, 0x25353535,
    0x35353535, 0x25353535, 0x35353535, 0x25353535, 0x35353535, 0x25353535, 0x35353535, 0x25353335,
    0x4B4B4B68, 0x4B4B4B4B, 0x4B4B4B68, 0x4B4B4B4B, 0x4B4B4B68, 0x4B4B4B4B, 0x314B4B68, 0x4B4B4B31,
    0x314B4B68, 0x4B4B4B38, 0x4B4B4B68, 0x4B4B4B4B, 0x52522626, 0x26265252, 0x52525226, 0x26262652,
    0x4B4B4B4B, 0x4B4B4B4B, 0x4B4B4B4B, 0x4B4B4B4B, 0x4B4B4B4B, 0x4B4B4B4B, 0x314B4B4B, 0x4B4B4B31,
    0x314B4B4B, 0x4B4B4B38, 0x4B4B4B4B, 0x4B4B4B4B, 0x52522626, 0x26265252, 0x52525226, 0x26262652,
    0x4B4B4B4B, 0x4B4B4B4B, 0x4B4B4B4B, 0x4B4B4B4B, 0x4B4B4B4B, 0x4B4B4B4B, 0x314B4B4B, 0x4B4B4B31,
    0x314B4B4B, 0x4B4B4B38, 0x4B4B4B4B, 0x4B4B4B4B, 0x52522626, 0x26265252, 0x52525226, 0x26262652,
    0x4B4B4B4B, 0x4B4B4B4B, 0x4B4B4B4B, 0x4B4B4B4B, 0x4B4B4B4B, 0x4B4B4B4B, 0x314B4B4B, 0x4B4B4B31,
    0x314B4B4B, 0x4B4B4B38, 0x4B4B4B4B, 0x4B4B4B4B, 0x52522626, 0x26265252, 0x52525226, 0x26262652,
    0x4B4B4B4B, 0x4B4B4B4B, 0x4B4B4B4B, 0x4B4B4B4B, 0x4B4B4B4B, 0x4B4B4B4B, 0x314B4B4B, 0x4B4B4B31,
    0x314B4B4B, 0x4B4B4B39, 0x4B4B4B4B, 0x4B4B4B4B, 0x52522626, 0x26265252, 0x52525226, 0x26262652,
    0x4B4B4B4B, 0x4B4B4B4B, 0x4B4B4B4B, 0x4B4B4B4B, 0x4B4B4B4B, 0x4B4B4B4B, 0x314B4B4B, 0x4B4B4B31,
    0x314B4B4B, 0x4B4B4B39, 0x4B4B4B4B, 0x4B4B4B4B, 0x52522626, 0x26265252, 0x52525226, 0x26262652,
    0x4B4B4B4B, 0x4B4B4B4B, 0x4B4B4B4B, 0x4B4B4B4B, 0x4B4B4B4B, 0x4B4B4B4B, 0x314B4B4B, 0x4B4B4B31,
    0x314B4B4B, 0x4B4B4B38, 0x4B4B4B4B, 0x4B4B4B4B, 0x52522626, 0x26265252, 0x52525226, 0x26262652,
    0x4B4B4B4B, 0x4B4B4B4B, 0x4B4B4B4B, 0x4B4B4B4B, 0x4B4B4B4B, 0x4B4B4B4B, 0x314B4B4B, 0x4B4B4B31,
    0x314B4B4B, 0x4B4B4B38, 0x4A4A4A4B, 0x4B4B4A4A, 0x52522626, 0x26265252, 0x52525226, 0x26262652,
    0x4B4B4B4B, 0x4B4B4B4B, 0x4B4B4B4B, 0x4B4B4B4B, 0x4B4B4B4B, 0x4B4B4B4B, 0x314B4B4B, 0x4B4B4B31,
    0x314B4B4B, 0x4B4B4B38, 0x4B4B4B4B, 0x4B4B4B4B, 0x52522626, 0x26265252, 0x52525226, 0x26262652,
    0x4B4B4B4B, 0x4B4B4B4B, 0x4B4B4B4B, 0x4B4B4B4B, 0x4B4B4B4B, 0x4B4B4B4B, 0x314B4B4B, 0x4B4B4B31,
    0x314B4B4B, 0x4B4B4B38, 0x4B4B4B4B, 0x4B4B4B4B, 0x52522626, 0x26265252, 0x52525226, 0x26262652,
    0x4B4B4B4B, 0x4B4B4B4B, 0x4B4B4B4B, 0x4B4B4B4B, 0x4B4B4B4B, 0x4B4B4B4B, 0x314B4B4B, 0x4B4B4B31,
    0x314B4B4B, 0x4B4B4B38, 0x4B4B4B4B, 0x4B4B4B4B, 0x52522626, 0x26265252, 0x52525226, 0x26262652,
    0x4B4B4B4B, 0x5353534B, 0x4B4B4B4B, 0x53534B4B, 0x4B4B4B4B, 0x53534B4B, 0x314B4B4B, 0x534B4B31,
    0x314B4B4B, 0x534B4B39, 0x4B4B4B4B, 0x4B4B4B4B, 0x52522626, 0x26265252, 0x52525226, 0x26262652,
    0x53535353, 0x53535353, 0x53535353, 0x4B535353, 0x53535353, 0x4B535353, 0x32535353, 0x4B4B5332,
    0x32535353, 0x4B4B5339, 0x53535353, 0x4B4B4B53, 0x52522626, 0x26265252, 0x52525226, 0x26262652,
    0x4B4B4B4B, 0x4B4B4B4B, 0x4B4B4B4B, 0x4B4B4B4B, 0x4B4B4B4B, 0x4B4B4B4B, 0x314B4B4B, 0x4B4B4B31,
    0x314B4B4B, 0x4B4B4B38, 0x4B4B4B4B, 0x4B4B4B4B, 0x52522626, 0x26265252, 0x52525226, 0x26262652,
    0x4B4B4B4B, 0x4B4B4B4B, 0x4B4B4B4B, 0x4B4B4B4B, 0x4B4B4B4B, 0x4B4B4B4B, 0x314B4B4B, 0x4B4B4B31,
    0x314B4B4B, 0x4B4B4B38, 0x4B4B4B4B, 0x4B4B4B4B, 0x52522626, 0x26265252, 0x52525226, 0x26262652,
    0x4B4B4B4B, 0x4B4B4B4B, 0x4B4B4B4B, 0x4B4B4B4B, 0x4B4B4B4B, 0x4B4B4B4B, 0x314B4B4B, 0x4B4B4B31,
    0x314B4B4B, 0x4B4B4B38, 0x4A4A4A4A, 0x4B4B4B4B, 0x52522626, 0x26265252, 0x52525226, 0x26262652,
    0x4B4B4B4B, 0x4B4B4B4B, 0x4B4B4B4B, 0x4B4B4B4B, 0x4B4B4B4B, 0x4B4B4B4B, 0x314B4B4B, 0x4B4B4B31,
    0x314B4B4B, 0x4B4B4B38, 0x4B4B4B4B, 0x4B4B4B4B, 0x52522626, 0x26265252, 0x52525226, 0x26262652,
    0x4B4B4B4B, 0x4B4B4B4B, 0x4B4B4B4B, 0x4B4B4B4B, 0x4B4B4B4B, 0x4B4B4B4B, 0x314B4B4B, 0x4B4B4B31,
    0x314B4B4B, 0x4B4B4B38, 0x4B4B4B4B, 0x4B4B4B4B, 0x52522626, 0x26265252, 0x52525226, 0x26262652,
    0x4B4B4B4B, 0x4B4B4B4B, 0x4B4B4B4B, 0x4B4B4B4B, 0x4B4B4B4B, 0x4B4B4B4B, 0x314B4B4B, 0x4B4B4B31,
    0x314B4B4B, 0x4B4B4B38, 0x4B4B4B4B, 0x4B4B4B4B, 0x52522626, 0x26265252, 0x52525226, 0x26262652,
    0x4B4B4B4B, 0x684B4B4B, 0x4B4B4B4B, 0x684B4B4B, 0x4B4B4B4B, 0x684B4B4B, 0x324B4B4B, 0x684B4B32,
    0x314B4B4B, 0x684B4B39, 0x4B4B4B4B, 0x684B4B4B, 0x52522626, 0x26265252, 0x52525226, 0x26262652,
    0x35353525, 0x35373735, 0x35353525, 0x35353735, 0x35353525, 0x35353535, 0x35353525, 0x35373535,
    0x35353525, 0x35373535, 0x35353525, 0x35373535, 0x35353525, 0x37373535, 0x35353525, 0x37373535,
    0x35373535, 0x35353535, 0x35373735, 0x35353535, 0x35373737, 0x35353535, 0x35373737, 0x35353535,
    0x35353737, 0x35353535, 0x35353537, 0x35353535, 0x35353537, 0x35353535, 0x35353537, 0x35353535,
    0x37373535, 0x35353535, 0x38373535, 0x35353535, 0x37373535, 0x35353535, 0x37373535, 0x35353535,
    0x37373535, 0x35353535, 0x37373535, 0x35353535, 0x37373535, 0x33353535, 0x37373535, 0x33353535,
    0x35373837, 0x33353535, 0x35353837, 0x35353535, 0x35353735, 0x35353535, 0x35353735, 0x35353535,
    0x35353535, 0x35353537, 0x37353535, 0x35353737, 0x37353535, 0x35373838, 0x38353535, 0x37383838,
    0x35353535, 0x2D373838, 0x35353535, 0x2D353838, 0x35353535, 0x2D353838, 0x35353535, 0x2D353837,
    0x35353535, 0x2D353737, 0x37353535, 0x2D353737, 0x37353535, 0x2D373735, 0x37353535, 0x2D373735,
    0x3335353E, 0x37373735, 0x3335353E, 0x37373735, 0x3335353E, 0x37373735, 0x3335353E, 0x37373735,
    0x4335353E, 0x37373738, 0x3835353E, 0x3735352A, 0x3535353E, 0x35353535, 0x2D2D2D2D, 0x2D2D2D2D,
    0x35353535, 0x35353537, 0x37353535, 0x35353538, 0x37353535, 0x35353538, 0x37353535, 0x35353538,
    0x37353537, 0x35353538, 0x37353535, 0x35353538, 0x37353535, 0x35353537, 0x2D2D2D2D, 0x2D2D2D2D,
    0x35353535, 0x35353535, 0x35353535, 0x35353735, 0x35353535, 0x35353735, 0x35353533, 0x35353735,
    0x35353535, 0x35353735, 0x35353535, 0x35353535, 0x35353535, 0x35353535, 0x2D2D2D2D, 0x2D2D2D2D,
    0x35353535, 0x35353533, 0x35353535, 0x35353535, 0x35353535, 0x35353535, 0x35353535, 0x35353535,
    0x35353535, 0x35353535, 0x35353535, 0x35353535, 0x35353535, 0x35353535, 0x2D2D2D2D, 0x2D2D2D2D,
    0x35353735, 0x25353335, 0x35353735, 0x25353535, 0x35353737, 0x25353535, 0x35373737, 0x25353535,
    0x43373837, 0x25353538, 0x38373837, 0x2535352A, 0x35383737, 0x25353535, 0x2D2D2D2D, 0x252D2D2D,
    0x63633434, 0x63636363, 0x29295E5E, 0x29292929, 0x28285151, 0x28282828, 0x27274F4F, 0x27272727,
    0x24242424, 0x24242424, 0x22222222, 0x22222222, 0x21212121, 0x21212121, 0x20202020, 0x20202020,
    0x34343434, 0x34343434, 0x29292929, 0x5E5E2929, 0x28282828, 0x51512828, 0x27272727, 0x4F4F2727,
    0x4C4C4C4C, 0x24244C4C, 0x3D3D3D3D, 0x22223D3D, 0x21212121, 0x21212121, 0x20202020, 0x20202020,
    0x34343434, 0x63636363, 0x5E5E5E5E, 0x29292929, 0x51515151, 0x28282828, 0x4F4F4F4F, 0x27272727,
    0x24242424, 0x24242424, 0x22222222, 0x22222222, 0x21212121, 0x21212121, 0x20202020, 0x20202020,
    0x34346363, 0x34343434, 0x29292929, 0x29292929, 0x28282828, 0x28282828, 0x27272727, 0x27272727,
    0x4C4C2424, 0x4C4C4C4C, 0x3D3D2222, 0x3D3D3D3D, 0x21212121, 0x21212121, 0x20202020, 0x20202020,
    0x34343434, 0x63633434, 0x5E5E5E5E, 0x29295E5E, 0x51515151, 0x28285151, 0x4F4F4F4F, 0x27274F4F,
    0x24242424, 0x24242424, 0x22222222, 0x22222222, 0x21212121, 0x21212121, 0x20202020, 0x20202020,
    0x63636363, 0x34343434, 0x29292929, 0x29292929, 0x28282828, 0x28282828, 0x27272727, 0x27272727,
    0x24242424, 0x4C4C4C4C, 0x22222222, 0x3D3D3D3D, 0x21212121, 0x21212121, 0x20202020, 0x20202020,
    0x34343434, 0x34343434, 0x5E5E2929, 0x5E5E5E5E, 0x51512828, 0x51515151, 0x4F4F2727, 0x4F4F4F4F,
    0x24244C4C, 0x24242424, 0x22223D3D, 0x22222222, 0x21212121, 0x21212121, 0x20202020, 0x20202020,
    0x63636363, 0x34346363, 0x29292929, 0x29292929, 0x28282828, 0x28282828, 0x27272727, 0x27272727,
    0x24242424, 0x4C4C2424, 0x22222222, 0x3D3D2222, 0x21212121, 0x21212121, 0x20202020, 0x20202020,
    0x34343434, 0x34343434, 0x29292929, 0x5E5E5E5E, 0x28282828, 0x51515151, 0x27272727, 0x4F4F4F4F,
    0x4C4C4C4C, 0x24242424, 0x3D3D3D3D, 0x22222222, 0x21212121, 0x21212121, 0x20202020, 0x20202020,
    0x63633434, 0x63636363, 0x29295E5E, 0x29292929, 0x28285151, 0x28282828, 0x27274F4F, 0x27272727,
    0x24242424, 0x24242424, 0x22222222, 0x22222222, 0x21212121, 0x21212121, 0x20202020, 0x20202020,
    0x34343434, 0x34343434, 0x29292929, 0x5E5E2929, 0x28282828, 0x51512828, 0x27272727, 0x4F4F2727,
    0x4C4C4C4C, 0x24244C4C, 0x3D3D3D3D, 0x22223D3D, 0x21212121, 0x21212121, 0x20202020, 0x20202020,
    0x34343434, 0x63636363, 0x5E5E5E5E, 0x29292929, 0x51515151, 0x28282828, 0x4F4F4F4F, 0x27272727,
    0x24242424, 0x24242424, 0x22222222, 0x22222222, 0x21212121, 0x21212121, 0x20202020, 0x20202020,
    0x34346363, 0x34343434, 0x29292929, 0x29292929, 0x28282828, 0x28282828, 0x27272727, 0x27272727,
    0x4C4C2424, 0x4C4C4C4C, 0x3D3D2222, 0x3D3D3D3D, 0x21212121, 0x21212121, 0x20202020, 0x20202020,
    0x34343434, 0x63633434, 0x5E5E5E5E, 0x29295E5E, 0x51515151, 0x28285151, 0x4F4F4F4F, 0x27274F4F,
    0x24242424, 0x24242424, 0x22222222, 0x22222222, 0x21212121, 0x21212121, 0x20202020, 0x20202020,
    0x63636363, 0x34343434, 0x29292929, 0x29292929, 0x28282828, 0x28282828, 0x27272727, 0x27272727,
    0x24242424, 0x4C4C4C4C, 0x22222222, 0x3D3D3D3D, 0x21212121, 0x21212121, 0x20202020, 0x20202020,
    0x34343434, 0x34343434, 0x5E5E2929, 0x5E5E5E5E, 0x51512828, 0x51515151, 0x4F4F2727, 0x4F4F4F4F,
    0x24244C4C, 0x24242424, 0x22223D3D, 0x22222222, 0x21212121, 0x21212121, 0x20202020, 0x20202020,
    0x63636363, 0x34346363, 0x29292929, 0x29292929, 0x28282828, 0x28282828, 0x27272727, 0x27272727,
    0x24242424, 0x4C4C2424, 0x22222222, 0x3D3D2222, 0x21212121, 0x21212121, 0x20202020, 0x20202020,
    0x34343434, 0x34343434, 0x29292929, 0x5E5E5E5E, 0x28282828, 0x51515151, 0x27272727, 0x4F4F4F4F,
    0x4C4C4C4C, 0x24242424, 0x3D3D3D3D, 0x22222222, 0x21212121, 0x21212121, 0x20202020, 0x20202020,
    0x63633434, 0x63636363, 0x29295E5E, 0x29292929, 0x28285151, 0x28282828, 0x27274F4F, 0x27272727,
    0x24242424, 0x24242424, 0x22222222, 0x22222222, 0x21212121, 0x21212121, 0x20202020, 0x20202020,
    0x34343434, 0x34343434, 0x29292929, 0x5E5E2929, 0x28282828, 0x51512828, 0x27272727, 0x4F4F2727,
    0x4C4C4C4C, 0x24244C4C, 0x3D3D3D3D, 0x22223D3D, 0x21212121, 0x21212121, 0x20202020, 0x20202020,
    0x35353525, 0x37373535, 0x35353525, 0x38373535, 0x35353525, 0x38373535, 0x35353525, 0x38373535,
    0x43353525, 0x38373538, 0x38353525, 0x3837352A, 0x35353525, 0x38373535, 0x2D2D2D25, 0x2D2D2D2D,
    0x35353537, 0x35353535, 0x35353737, 0x35353535, 0x35353738, 0x35353535, 0x35353738, 0x35353535,
    0x35353738, 0x35353535, 0x35353738, 0x35353535, 0x35373838, 0x35353535, 0x2D2D2D2D, 0x2D2D2D2D,
    0x37373535, 0x35353535, 0x37353535, 0x35333535, 0x37353535, 0x35333537, 0x37353535, 0x35333537,
    0x38353535, 0x35333537, 0x38373535, 0x35353537, 0x38373535, 0x35353535, 0x2D2D2D2D, 0x2D2D2D2D,
    0x37353533, 0x37383838, 0x37353335, 0x37373838, 0x35353535, 0x37373737, 0x35353535, 0x37373535,
    0x35353535, 0x37373535, 0x35353535, 0x37353535, 0x35353535, 0x37353535, 0x2D2D2D2D, 0x2D2D2D2D,
    0x37353535, 0x2D373735, 0x35353535, 0x2D373735, 0x35353535, 0x2D373735, 0x35353535, 0x2D373737,
    0x43353535, 0x2D373738, 0x38353535, 0x2D37372A, 0x35353537, 0x2D373737, 0x2D2D2D2D, 0x2D2D2D2D,
};
const uint16_t *const board_pal[NUM_BOARDS] = { board0_pal, board1_pal, board2_pal };
const uint32_t *const board_tiles[NUM_BOARDS] = { board0_tiles, board1_tiles, board2_tiles };
const uint32_t obj_tiles[728] = {
    0x00111100, 0x01333410, 0x12533531, 0x12523531, 0x12222331, 0x17222271, 0x01222210, 0x00111100,
    0x00111100, 0x01333410, 0x12233431, 0x12523531, 0x12222331, 0x17222271, 0x01222210, 0x00111100,
    0x00000000, 0x00000000, 0x11100000, 0x33310000, 0x34431000, 0x34543100, 0x34533100, 0x33333100,
    0x00000000, 0x00000000, 0x00000111, 0x00001333, 0x00012333, 0x00122253, 0x00122253, 0x00122222,
    0x23333100, 0x22373100, 0x22233100, 0x22221000, 0x22210000, 0x11100000, 0x00000000, 0x00000000,
    0x00122222, 0x00127222, 0x00122222, 0x00012222, 0x00001222, 0x00000111, 0x00000000, 0x00000000,
    0x00000000, 0x00000000, 0x11100000, 0x33310000, 0x34431000, 0x34443100, 0x34533100, 0x33333100,
    0x00000000, 0x00000000, 0x00000111, 0x00001333, 0x00012333, 0x00122233, 0x00122253, 0x00122222,
    0x23333100, 0x22373100, 0x22233100, 0x22221000, 0x22210000, 0x11100000, 0x00000000, 0x00000000,
    0x00122222, 0x00127222, 0x00122222, 0x00012222, 0x00001222, 0x00000111, 0x00000000, 0x00000000,
    0x10000000, 0x31110000, 0x33331000, 0x34443100, 0x34444310, 0x44444310, 0x34444310, 0x33433331,
    0x00000001, 0x00001113, 0x00012233, 0x00122333, 0x01222333, 0x01222333, 0x01222333, 0x12222333,
    0x33333331, 0x33333310, 0x33333210, 0x22222210, 0x22222100, 0x22221000, 0x21110000, 0x10000000,
    0x12222233, 0x01222223, 0x01222222, 0x01122222, 0x00112222, 0x00011222, 0x00001112, 0x00000001,
    0x00000000, 0x00000000, 0x00000000, 0x00066000, 0x00566000, 0x00550000, 0x00000000, 0x00000000,
    0x00000000, 0x11111100, 0xBBBBB110, 0xBBBBBB10, 0x2BBBBB10, 0x22BBBB10, 0x2B2BBB10, 0x21BBBB10,
    0x00000000, 0x00111111, 0x011BBBBB, 0x01BBBBBB, 0x01BBBBBB, 0x01BBBBB2, 0x01BBBB21, 0x01BBB1B1,
    0x2CCCCC10, 0x2CCCCC10, 0x2CCCCC10, 0xCCCCCC10, 0xCCCCCC10, 0xCCCCC110, 0x11111100, 0x00000000,
    0x01CCCCC1, 0x01CCCCC1, 0x01CCCCC1, 0x01CCCCC1, 0x01CCCCCC, 0x011CCCCC, 0x00111111, 0x00000000,
    0x00000000, 0x11111100, 0x77777110, 0x77777710, 0x77777710, 0x27777710, 0x27777710, 0x22277710,
    0x00000000, 0x00111111, 0x01177777, 0x01777777, 0x01777777, 0x01777777, 0x01777771, 0x01777722,
    0x21888810, 0x28888810, 0x88888810, 0x88888810, 0x88888810, 0x88888110, 0x11111100, 0x00000000,
    0x01888111, 0x01888881, 0x01888881, 0x01888888, 0x01888888, 0x01188888, 0x00111111, 0x00000000,
    0x00000000, 0x11111100, 0x55555110, 0x55555510, 0x25555510, 0x52555510, 0x15255510, 0x21555510,
    0x00000000, 0x00111111, 0x01155555, 0x01555555, 0x01555555, 0x01555552, 0x01555525, 0x01555155,
    0x62666610, 0x16266610, 0x61666610, 0x66666610, 0x66666610, 0x66666110, 0x11111100, 0x00000000,
    0x01666662, 0x01666626, 0x01666166, 0x01666666, 0x01666666, 0x01166666, 0x00111111, 0x00000000,
    0x00000000, 0x11111100, 0x99999110, 0x99999910, 0x99999910, 0x29999910, 0x22999910, 0x22299910,
    0x00000000, 0x00111111, 0x01199999, 0x01999999, 0x01999922, 0x01999112, 0x01999911, 0x01999922,
    0x21AAAA10, 0x22AAAA10, 0x122AAA10, 0x11AAAA10, 0xAAAAAA10, 0xAAAAA110, 0x11111100, 0x00000000,
    0x01AAA112, 0x01AAAA11, 0x01AAAAA1, 0x01AAAAAA, 0x01AAAAAA, 0x011AAAAA, 0x00111111, 0x00000000,
    0x00000000, 0x11111100, 0xFFFFF110, 0xFFFFFF10, 0xFF2FFF10, 0xF12FFF10, 0xF2FFFF10, 0x2FFFFF10,
    0x00000000, 0x00111111, 0x011FFFFF, 0x01FFFFFF, 0x01FFFF2F, 0x01FFF12F, 0x01FFF1F2, 0x01FFFF1F,
    0xA2AAAA10, 0x1A2AAA10, 0xA12AAA10, 0xA1AAAA10, 0xAAAAAA10, 0xAAAAA110, 0x11111100, 0x00000000,
    0x01AAAAA2, 0x01AAAA2A, 0x01AAA12A, 0x01AAA1AA, 0x01AAAAAA, 0x011AAAAA, 0x00111111, 0x00000000,
    0x00000000, 0x11111100, 0x33333110, 0x33333310, 0x22233310, 0x11333310, 0x33333310, 0x23333310,
    0x00000000, 0x00111111, 0x01133333, 0x01333333, 0x01333322, 0x01333121, 0x01333132, 0x01333313,
    0x42444410, 0x14244410, 0x22244410, 0x11444410, 0x44444410, 0x44444110, 0x11111100, 0x00000000,
    0x01444441, 0x01444444, 0x01444422, 0x01444111, 0x01444444, 0x01144444, 0x00111111, 0x00000000,
    0x00000000, 0x11111100, 0xDDDDD110, 0xDDDDDD10, 0x2DDDDD10, 0x22DDDD10, 0x2D2DDD10, 0x22DDDD10,
    0x00000000, 0x00111111, 0x011DDDDD, 0x01DDDDDD, 0x01DDDDDD, 0x01DDDD22, 0x01DDD111, 0x01DDDDD2,
    0x2EEEEE10, 0x222EEE10, 0x21EEEE10, 0xEEEEEE10, 0xEEEEEE10, 0xEEEEE110, 0x11111100, 0x00000000,
    0x01EEEE21, 0x01EEE1E2, 0x01EEEE11, 0x01EEEEE1, 0x01EEEEEE, 0x011EEEEE, 0x00111111, 0x00000000,
    0x00000000, 0x11111100, 0x99999110, 0x99999910, 0x22299910, 0x11299910, 0x91299910, 0x22299910,
    0x00000000, 0x00111111, 0x01199999, 0x01999999, 0x01999922, 0x01999111, 0x01999999, 0x01999992,
    0x112AAA10, 0xA12AAA10, 0x222AAA10, 0x11AAAA10, 0xAAAAAA10, 0xAAAAA110, 0x11111100, 0x00000000,
    0x01AAAA11, 0x01AAAAAA, 0x01AAAA22, 0x01AAA111, 0x01AAAAAA, 0x011AAAAA, 0x00111111, 0x00000000,
    0x00000000, 0x11111100, 0x55555110, 0x55555510, 0x22555510, 0x15255510, 0x51255510, 0x22555510,
    0x00000000, 0x00111111, 0x01155555, 0x01555555, 0x01555552, 0x01555521, 0x01555125, 0x01555152,
    0x16266610, 0x61266610, 0x22666610, 0x16666610, 0x66666610, 0x66666110, 0x11111100, 0x00000000,
    0x01666621, 0x01666126, 0x01666162, 0x01666611, 0x01666666, 0x01166666, 0x00111111, 0x00000000,
    0x00000000, 0x11111100, 0xFFFFF110, 0xFFFFFF10, 0x22FFFF10, 0x1F2FFF10, 0xF12FFF10, 0xF12FFF10,
    0x00000000, 0x00111111, 0x011FFFFF, 0x01FFFFFF, 0x01FFFFF2, 0x01FFFF21, 0x01FFF12F, 0x01FFF12F,
    0xA12AAA10, 0xA12AAA10, 0x22AAAA10, 0x1AAAAA10, 0xAAAAAA10, 0xAAAAA110, 0x11111100, 0x00000000,
    0x01AAA12A, 0x01AAA12A, 0x01AAA1A2, 0x01AAAA11, 0x01AAAAAA, 0x011AAAAA, 0x00111111, 0x00000000,
    0x00000000, 0x11111100, 0xDDDDD110, 0xDDDDDD10, 0xDDDDDD10, 0xD2DDDD10, 0x222DDD10, 0x222DDD10,
    0x00000000, 0x00111111, 0x011DDDDD, 0x01DDDDDD, 0x01DDDDDD, 0x01DDDDD2, 0x01DDDD22, 0x01DDD122,
    0x22EEEE10, 0x2EEEEE10, 0xEEEEEE10, 0xEEEEEE10, 0xEEEEEE10, 0xEEEEE110, 0x11111100, 0x00000000,
    0x01EEE112, 0x01EEEE11, 0x01EEEEE1, 0x01EEEEEE, 0x01EEEEEE, 0x011EEEEE, 0x00111111, 0x00000000,
    0x00000000, 0x11100000, 0x99911000, 0x99991100, 0x22999100, 0x19299910, 0x91299910, 0x91299910,
    0x00000000, 0x00000111, 0x00011999, 0x00119999, 0x00199992, 0x01999921, 0x01999199, 0x01999999,
    0xA12AAA10, 0xA12AAA10, 0x22AAAA10, 0x1AAAA100, 0xAAAA1100, 0xAAA11000, 0x11100000, 0x00000000,
    0x01AAAAAA, 0x01AAAA2A, 0x01AAA1A2, 0x001AAA11, 0x0011AAAA, 0x00011AAA, 0x00000111, 0x00000000,
    0x00000000, 0x11100000, 0x55511000, 0x55551100, 0x22555100, 0x15255510, 0x51555510, 0x25555510,
    0x00000000, 0x00000111, 0x00011555, 0x00115555, 0x00155552, 0x01555521, 0x01555152, 0x01555515,
    0x26666610, 0x66666610, 0x26666610, 0x66666100, 0x66661100, 0x66611000, 0x11100000, 0x00000000,
    0x01666661, 0x01666661, 0x01666666, 0x00166661, 0x00116666, 0x00011666, 0x00000111, 0x00000000,
    0x00000000, 0x11100000, 0xFFF11000, 0xFFFF1100, 0xFF2FF100, 0xF12FFF10, 0xF12FFF10, 0x212FFF10,
    0x00000000, 0x00000111, 0x00011FFF, 0x0011FFFF, 0x001FFF2F, 0x01FFF12F, 0x01FFF12F, 0x01FFF12F,
    0x212AAA10, 0x212AAA10, 0xA2AAAA10, 0x1AAAA100, 0xAAAA1100, 0xAAA11000, 0x11100000, 0x00000000,
    0x01AAA121, 0x01AAA121, 0x01AAA1A2, 0x001AAA1A, 0x0011AAAA, 0x00011AAA, 0x00000111, 0x00000000,
    0x00000000, 0x11100000, 0xDDD11000, 0xDDDD1100, 0xDD2DD100, 0xD12DDD10, 0x212DDD10, 0xD22DDD10,
    0x00000000, 0x00000111, 0x00011DDD, 0x0011DDDD, 0x001DDD2D, 0x01DDD1D2, 0x01DDDD1D, 0x01DDDDD1,
    0x212EEE10, 0xE12EEE10, 0xE12EEE10, 0xE1EEE100, 0xEEEE1100, 0xEEE11000, 0x11100000, 0x00000000,
    0x01EEEEEE, 0x01EEEEE2, 0x01EEEE2E, 0x001EE1EE, 0x0011EEEE, 0x00011EEE, 0x00000111, 0x00000000,
    0x00000000, 0x11100000, 0xBBB11000, 0xBBBB1100, 0x22BBB100, 0x1B2BBB10, 0xB12BBB10, 0x22BBBB10,
    0x00000000, 0x00000111, 0x00011BBB, 0x0011BBBB, 0x001BBB22, 0x01BBB111, 0x01BBBBBB, 0x01BBBBB2,
    0x1CCCCC10, 0xCCCCCC10, 0x222CCC10, 0x11CCC100, 0xCCCC1100, 0xCCC11000, 0x11100000, 0x00000000,
    0x01CCCC21, 0x01CCC12C, 0x01CCC1C2, 0x001CCC11, 0x0011CCCC, 0x00011CCC, 0x00000111, 0x00000000,
    0x00000000, 0x11100000, 0x99911000, 0x99991100, 0x22299100, 0x21999910, 0x29999910, 0x29999910,
    0x00000000, 0x00000111, 0x00011999, 0x00119999, 0x00199922, 0x01999111, 0x01999991, 0x01999991,
    0x2AAAAA10, 0x2AAAAA10, 0x2AAAAA10, 0xAAAAA100, 0xAAAA1100, 0xAAA11000, 0x11100000, 0x00000000,
    0x01AAAAA1, 0x01AAAAA1, 0x01AAAAA1, 0x001AAAA1, 0x0011AAAA, 0x00011AAA, 0x00000111, 0x00000000,
    0x00000000, 0x11100000, 0x33311000, 0x33331100, 0x22233100, 0x11233310, 0x31233310, 0x22233310,
    0x00000000, 0x00000111, 0x00011333, 0x00113333, 0x00133332, 0x01333321, 0x01333123, 0x01333132,
    0x11244410, 0x41244410, 0x22244410, 0x11444100, 0x44441100, 0x44411000, 0x11100000, 0x00000000,
    0x01444421, 0x01444124, 0x01444142, 0x00144411, 0x00114444, 0x00011444, 0x00000111, 0x00000000,
    0x00000000, 0x11100000, 0x77711000, 0x77771100, 0x77277100, 0x71277710, 0x71277710, 0x22277710,
    0x00000000, 0x00000111, 0x00011777, 0x00117777, 0x00177727, 0x01777127, 0x01777127, 0x01777122,
    0x11288810, 0x81288810, 0x81288810, 0x81888100, 0x88881100, 0x88811000, 0x11100000, 0x00000000,
    0x01888121, 0x01888128, 0x01888128, 0x00188188, 0x00118888, 0x00011888, 0x00000111, 0x00000000,
};
const uint32_t font_tiles[1568] = {
    0x00000000, 0x00000000, 0x00000000, 0x00000000, 0x00000000, 0x00000000, 0x00000000, 0x00000000,
    0x00011100, 0x00122010, 0x02110210, 0x02101210, 0x02120110, 0x02102210, 0x02011100, 0x00222000,
    0x00001000, 0x00021100, 0x00021000, 0x00021000, 0x00021000, 0x00021000, 0x00011100, 0x00222000,
    0x00011100, 0x00122010, 0x02100200, 0x02010000, 0x00201000, 0x00020100, 0x00111110, 0x02222200,
    0x00111110, 0x02212200, 0x00201000, 0x00010000, 0x00100000, 0x02100010, 0x02011100, 0x00222000,
    0x00010000, 0x00211000, 0x00210100, 0x00212010, 0x00111110, 0x02212200, 0x00210000, 0x00200000,
    0x00111110, 0x02222210, 0x00011110, 0x00122200, 0x02100000, 0x02100010, 0x02011100, 0x00222000,
    0x00011000, 0x00220100, 0x00002010, 0x00011110, 0x00122210, 0x02100210, 0x02011100, 0x00222000,
    0x00111110, 0x02122200, 0x02010000, 0x00201000, 0x00020100, 0x00002100, 0x00002100, 0x00002000,
    0x00011100, 0x00122010, 0x02100210, 0x02011100, 0x00122010, 0x02100210, 0x02011100, 0x00222000,
    0x00011100, 0x00122010, 0x02100210, 0x02111100, 0x02122000, 0x02010000, 0x00201100, 0x00022000,
    0x00011100, 0x00122010, 0x02100210, 0x02111110, 0x02122210, 0x02100210, 0x02100210, 0x02000200,
    0x00011110, 0x00122210, 0x02100210, 0x02011110, 0x00122210, 0x02100210, 0x02011110, 0x00222200,
    0x00011100, 0x00122010, 0x02000210, 0x00000210, 0x00000210, 0x00100210, 0x02011100, 0x00222000,
    0x00011110, 0x00122210, 0x02100210, 0x02100210, 0x02100210, 0x02100210, 0x02011110, 0x00222200,
    0x00111110, 0x02222210, 0x00000210, 0x00011110, 0x00222210, 0x00000210, 0x00111110, 0x02222200,
    0x00111110, 0x02222210, 0x00000210, 0x00011110, 0x00222210, 0x00000210, 0x00000210, 0x00000200,
    0x00011100, 0x00122010, 0x02000210, 0x00111210, 0x02120210, 0x02100210, 0x02111100, 0x02222000,
    0x00100010, 0x02100210, 0x02100210, 0x02111110, 0x02122210, 0x02100210, 0x02100210, 0x02000200,
    0x00011100, 0x00221000, 0x00021000, 0x00021000, 0x00021000, 0x00021000, 0x00011100, 0x00222000,
    0x00111000, 0x02210000, 0x00210000, 0x00210000, 0x00210000, 0x00210010, 0x00201100, 0x00022000,
    0x00100010, 0x02010210, 0x00201210, 0x00020110, 0x00001210, 0x00010210, 0x00100210, 0x02000200,
    0x00000010, 0x00000210, 0x00000210, 0x00000210, 0x00000210, 0x00000210, 0x00111110, 0x02222200,
    0x00100010, 0x02110110, 0x02101210, 0x02121210, 0x02120210, 0x02100210, 0x02100210, 0x02000200,
    0x00100010, 0x02100210, 0x02100110, 0x02101210, 0x02110210, 0x02100210, 0x02100210, 0x02000200,
    0x00011100, 0x00122010, 0x02100210, 0x02100210, 0x02100210, 0x02100210, 0x02011100, 0x00222000,
    0x00011110, 0x00122210, 0x02100210, 0x02011110, 0x00222210, 0x00000210, 0x00000210, 0x00000200,
    0x00011100, 0x00122010, 0x02100210, 0x02100210, 0x02101210, 0x02010210, 0x00101100, 0x02022000,
    0x00011110, 0x00122210, 0x02100210, 0x02011110, 0x00221210, 0x00010210, 0x00100210, 0x02000200,
    0x00111100, 0x02222010, 0x00000210, 0x00011100, 0x00122000, 0x02100000, 0x02011110, 0x00222200,
    0x00111110, 0x02221200, 0x00021000, 0x00021000, 0x00021000, 0x00021000, 0x00021000, 0x00020000,
    0x00100010, 0x02100210, 0x02100210, 0x02100210, 0x02100210, 0x02100210, 0x02011100, 0x00222000,
    0x00100010, 0x02100210, 0x02100210, 0x02100210, 0x02100210, 0x02010100, 0x00201000, 0x00020000,
    0x00100010, 0x02100210, 0x02100210, 0x02101210, 0x02121210, 0x02121210, 0x02010100, 0x00202000,
    0x00100010, 0x02100210, 0x02010100, 0x00201000, 0x00010100, 0x00102010, 0x02100210, 0x02000200,
    0x00100010, 0x02100210, 0x02010100, 0x00201000, 0x00021000, 0x00021000, 0x00021000, 0x00020000,
    0x00111110, 0x02122200, 0x02010000, 0x00201000, 0x00020100, 0x00002010, 0x00111110, 0x02222200,
    0x00000000, 0x00001000, 0x00021000, 0x00020000, 0x00001000, 0x00021000, 0x00020000, 0x00000000,
    0x00001000, 0x00021000, 0x00021000, 0x00021000, 0x00021000, 0x00020000, 0x00001000, 0x00020000,
    0x00000000, 0x00000000, 0x00000000, 0x00011100, 0x00222000, 0x00000000, 0x00000000, 0x00000000,
    0x00000010, 0x00000100, 0x00001000, 0x00010000, 0x00201000, 0x00020100, 0x00002010, 0x00000200,
    0x00000000, 0x00001000, 0x00021000, 0x00111110, 0x02221200, 0x00021000, 0x00020000, 0x00000000,
    0x00000000, 0x00000000, 0x00111110, 0x02222200, 0x00111110, 0x02222200, 0x00000000, 0x00000000,
    0x00000000, 0x00000000, 0x00000000, 0x00000000, 0x00000000, 0x00000000, 0x00001000, 0x00020000,
    0x00001000, 0x00021000, 0x00020100, 0x00002000, 0x00000000, 0x00000000, 0x00000000, 0x00000000,
    0x00000000, 0x00000000, 0x00000000, 0x00000000, 0x00000000, 0x00001000, 0x00020100, 0x00002000,
    0x00100110, 0x02012110, 0x00212200, 0x00201000, 0x00020100, 0x00112100, 0x02112010, 0x02200200,
    0x33333333, 0x33333333, 0x33333333, 0x33333333, 0x33333333, 0x33333333, 0x33333333, 0x33333333,
    0x33311133, 0x33122313, 0x32113213, 0x32131213, 0x32123113, 0x32132213, 0x32311133, 0x33222333,
    0x33331333, 0x33321133, 0x33321333, 0x33321333, 0x33321333, 0x33321333, 0x33311133, 0x33222333,
    0x33311133, 0x33122313, 0x32133233, 0x32313333, 0x33231333, 0x33323133, 0x33111113, 0x32222233,
    0x33111113, 0x32212233, 0x33231333, 0x33313333, 0x33133333, 0x32133313, 0x32311133, 0x33222333,
    0x33313333, 0x33211333, 0x33213133, 0x33212313, 0x33111113, 0x32212233, 0x33213333, 0x33233333,
    0x33111113, 0x32222213, 0x33311113, 0x33122233, 0x32133333, 0x32133313, 0x32311133, 0x33222333,
    0x33311333, 0x33223133, 0x33332313, 0x33311113, 0x33122213, 0x32133213, 0x32311133, 0x33222333,
    0x33111113, 0x32122233, 0x32313333, 0x33231333, 0x33323133, 0x33332133, 0x33332133, 0x33332333,
    0x33311133, 0x33122313, 0x32133213, 0x32311133, 0x33122313, 0x32133213, 0x32311133, 0x33222333,
    0x33311133, 0x33122313, 0x32133213, 0x32111133, 0x32122333, 0x32313333, 0x33231133, 0x33322333,
    0x33311133, 0x33122313, 0x32133213, 0x32111113, 0x32122213, 0x32133213, 0x32133213, 0x32333233,
    0x33311113, 0x33122213, 0x32133213, 0x32311113, 0x33122213, 0x32133213, 0x32311113, 0x33222233,
    0x33311133, 0x33122313, 0x32333213, 0x33333213, 0x33333213, 0x33133213, 0x32311133, 0x33222333,
    0x33311113, 0x33122213, 0x32133213, 0x32133213, 0x32133213, 0x32133213, 0x32311113, 0x33222233,
    0x33111113, 0x32222213, 0x33333213, 0x33311113, 0x33222213, 0x33333213, 0x33111113, 0x32222233,
    0x33111113, 0x32222213, 0x33333213, 0x33311113, 0x33222213, 0x33333213, 0x33333213, 0x33333233,
    0x33311133, 0x33122313, 0x32333213, 0x33111213, 0x32123213, 0x32133213, 0x32111133, 0x32222333,
    0x33133313, 0x32133213, 0x32133213, 0x32111113, 0x32122213, 0x32133213, 0x32133213, 0x32333233,
    0x33311133, 0x33221333, 0x33321333, 0x33321333, 0x33321333, 0x33321333, 0x33311133, 0x33222333,
    0x33111333, 0x32213333, 0x33213333, 0x33213333, 0x33213333, 0x33213313, 0x33231133, 0x33322333,
    0x33133313, 0x32313213, 0x33231213, 0x33323113, 0x33331213, 0x33313213, 0x33133213, 0x32333233,
    0x33333313, 0x33333213, 0x33333213, 0x33333213, 0x33333213, 0x33333213, 0x33111113, 0x32222233,
    0x33133313, 0x32113113, 0x32131213, 0x32121213, 0x32123213, 0x32133213, 0x32133213, 0x32333233,
    0x33133313, 0x32133213, 0x32133113, 0x32131213, 0x32113213, 0x32133213, 0x32133213, 0x32333233,
    0x33311133, 0x33122313, 0x32133213, 0x32133213, 0x32133213, 0x32133213, 0x32311133, 0x33222333,
    0x33311113, 0x33122213, 0x32133213, 0x32311113, 0x33222213, 0x33333213, 0x33333213, 0x33333233,
    0x33311133, 0x33122313, 0x32133213, 0x32133213, 0x32131213, 0x32313213, 0x33131133, 0x32322333,
    0x33311113, 0x33122213, 0x32133213, 0x32311113, 0x33221213, 0x33313213, 0x33133213, 0x32333233,
    0x33111133, 0x32222313, 0x33333213, 0x33311133, 0x33122333, 0x32133333, 0x32311113, 0x33222233,
    0x33111113, 0x32221233, 0x33321333, 0x33321333, 0x33321333, 0x33321333, 0x33321333, 0x33323333,
    0x33133313, 0x32133213, 0x32133213, 0x32133213, 0x32133213, 0x32133213, 0x32311133, 0x33222333,
    0x33133313, 0x32133213, 0x32133213, 0x32133213, 0x32133213, 0x32313133, 0x33231333, 0x33323333,
    0x33133313, 0x32133213, 0x32133213, 0x32131213, 0x32121213, 0x32121213, 0x32313133, 0x33232333,
    0x33133313, 0x32133213, 0x32313133, 0x33231333, 0x33313133, 0x33132313, 0x32133213, 0x32333233,
    0x33133313, 0x32133213, 0x32313133, 0x33231333, 0x33321333, 0x33321333, 0x33321333, 0x33323333,
    0x33111113, 0x32122233, 0x32313333, 0x33231333, 0x33323133, 0x33332313, 0x33111113, 0x32222233,
    0x33333333, 0x33331333, 0x33321333, 0x33323333, 0x33331333, 0x33321333, 0x33323333, 0x33333333,
    0x33331333, 0x33321333, 0x33321333, 0x33321333, 0x33321333, 0x33323333, 0x33331333, 0x33323333,
    0x33333333, 0x33333333, 0x33333333, 0x33311133, 0x33222333, 0x33333333, 0x33333333, 0x33333333,
    0x33333313, 0x33333133, 0x33331333, 0x33313333, 0x33231333, 0x33323133, 0x33332313, 0x33333233,
    0x33333333, 0x33331333, 0x33321333, 0x33111113, 0x32221233, 0x33321333, 0x33323333, 0x33333333,
    0x33333333, 0x33333333, 0x33111113, 0x32222233, 0x33111113, 0x32222233, 0x33333333, 0x33333333,
    0x33333333, 0x33333333, 0x33333333, 0x33333333, 0x33333333, 0x33333333, 0x33331333, 0x33323333,
    0x33331333, 0x33321333, 0x33323133, 0x33332333, 0x33333333, 0x33333333, 0x33333333, 0x33333333,
    0x33333333, 0x33333333, 0x33333333, 0x33333333, 0x33333333, 0x33331333, 0x33323133, 0x33332333,
    0x33133113, 0x32312113, 0x33212233, 0x33231333, 0x33323133, 0x33112133, 0x32112313, 0x32233233,
    0x33333333, 0x33333333, 0x33333333, 0x33333333, 0x33333333, 0x33333333, 0x33333333, 0x33333333,
    0x33366633, 0x33622363, 0x32663263, 0x32636263, 0x32623663, 0x32632263, 0x32366633, 0x33222333,
    0x33336333, 0x33326633, 0x33326333, 0x33326333, 0x33326333, 0x33326333, 0x33366633, 0x33222333,
    0x33366633, 0x33622363, 0x32633233, 0x32363333, 0x33236333, 0x33323633, 0x33666663, 0x32222233,
    0x33666663, 0x32262233, 0x33236333, 0x33363333, 0x33633333, 0x32633363, 0x32366633, 0x33222333,
    0x33363333, 0x33266333, 0x33263633, 0x33262363, 0x33666663, 0x32262233, 0x33263333, 0x33233333,
    0x33666663, 0x32222263, 0x33366663, 0x33622233, 0x32633333, 0x32633363, 0x32366633, 0x33222333,
    0x33366333, 0x33223633, 0x33332363, 0x33366663, 0x33622263, 0x32633263, 0x32366633, 0x33222333,
    0x33666663, 0x32622233, 0x32363333, 0x33236333, 0x33323633, 0x33332633, 0x33332633, 0x33332333,
    0x33366633, 0x33622363, 0x32633263, 0x32366633, 0x33622363, 0x32633263, 0x32366633, 0x33222333,
    0x33366633, 0x33622363, 0x32633263, 0x32666633, 0x32622333, 0x32363333, 0x33236633, 0x33322333,
    0x33366633, 0x33622363, 0x32633263, 0x32666663, 0x32622263, 0x32633263, 0x32633263, 0x32333233,
    0x33366663, 0x33622263, 0x32633263, 0x32366663, 0x33622263, 0x32633263, 0x32366663, 0x33222233,
    0x33366633, 0x33622363, 0x32333263, 0x33333263, 0x33333263, 0x33633263, 0x32366633, 0x33222333,
    0x33366663, 0x33622263, 0x32633263, 0x32633263, 0x32633263, 0x32633263, 0x32366663, 0x33222233,
    0x33666663, 0x32222263, 0x33333263, 0x33366663, 0x33222263, 0x33333263, 0x33666663, 0x32222233,
    0x33666663, 0x32222263, 0x33333263, 0x33366663, 0x33222263, 0x33333263, 0x33333263, 0x33333233,
    0x33366633, 0x33622363, 0x32333263, 0x33666263, 0x32623263, 0x32633263, 0x32666633, 0x32222333,
    0x33633363, 0x32633263, 0x32633263, 0x32666663, 0x32622263, 0x32633263, 0x32633263, 0x32333233,
    0x33366633, 0x33226333, 0x33326333, 0x33326333, 0x33326333, 0x33326333, 0x33366633, 0x33222333,
    0x33666333, 0x32263333, 0x33263333, 0x33263333, 0x33263333, 0x33263363, 0x33236633, 0x33322333,
    0x33633363, 0x32363263, 0x33236263, 0x33323663, 0x33336263, 0x33363263, 0x33633263, 0x32333233,
    0x33333363, 0x33333263, 0x33333263, 0x33333263, 0x33333263, 0x33333263, 0x33666663, 0x32222233,
    0x33633363, 0x32663663, 0x32636263, 0x32626263, 0x32623263, 0x32633263, 0x32633263, 0x32333233,
    0x33633363, 0x32633263, 0x32633663, 0x32636263, 0x32663263, 0x32633263, 0x32633263, 0x32333233,
    0x33366633, 0x33622363, 0x32633263, 0x32633263, 0x32633263, 0x32633263, 0x32366633, 0x33222333,
    0x33366663, 0x33622263, 0x32633263, 0x32366663, 0x33222263, 0x33333263, 0x33333263, 0x33333233,
    0x33366633, 0x33622363, 0x32633263, 0x32633263, 0x32636263, 0x32363263, 0x33636633, 0x32322333,
    0x33366663, 0x33622263, 0x32633263, 0x32366663, 0x33226263, 0x33363263, 0x33633263, 0x32333233,
    0x33666633, 0x32222363, 0x33333263, 0x33366633, 0x33622333, 0x32633333, 0x32366663, 0x33222233,
    0x33666663, 0x32226233, 0x33326333, 0x33326333, 0x33326333, 0x33326333, 0x33326333, 0x33323333,
    0x33633363, 0x32633263, 0x32633263, 0x32633263, 0x32633263, 0x32633263, 0x32366633, 0x33222333,
    0x33633363, 0x32633263, 0x32633263, 0x32633263, 0x32633263, 0x32363633, 0x33236333, 0x33323333,
    0x33633363, 0x32633263, 0x32633263, 0x32636263, 0x32626263, 0x32626263, 0x32363633, 0x33232333,
    0x33633363, 0x32633263, 0x32363633, 0x33236333, 0x33363633, 0x33632363, 0x32633263, 0x32333233,
    0x33633363, 0x32633263, 0x32363633, 0x33236333, 0x33326333, 0x33326333, 0x33326333, 0x33323333,
    0x33666663, 0x32622233, 0x32363333, 0x33236333, 0x33323633, 0x33332363, 0x33666663, 0x32222233,
    0x33333333, 0x33336333, 0x33326333, 0x33323333, 0x33336333, 0x33326333, 0x33323333, 0x33333333,
    0x33336333, 0x33326333, 0x33326333, 0x33326333, 0x33326333, 0x33323333, 0x33336333, 0x33323333,
    0x33333333, 0x33333333, 0x33333333, 0x33366633, 0x33222333, 0x33333333, 0x33333333, 0x33333333,
    0x33333363, 0x33333633, 0x33336333, 0x33363333, 0x33236333, 0x33323633, 0x33332363, 0x33333233,
    0x33333333, 0x33336333, 0x33326333, 0x33666663, 0x32226233, 0x33326333, 0x33323333, 0x33333333,
    0x33333333, 0x33333333, 0x33666663, 0x32222233, 0x33666663, 0x32222233, 0x33333333, 0x33333333,
    0x33333333, 0x33333333, 0x33333333, 0x33333333, 0x33333333, 0x33333333, 0x33336333, 0x33323333,
    0x33336333, 0x33326333, 0x33323633, 0x33332333, 0x33333333, 0x33333333, 0x33333333, 0x33333333,
    0x33333333, 0x33333333, 0x33333333, 0x33333333, 0x33333333, 0x33336333, 0x33323633, 0x33332333,
    0x33633663, 0x32362663, 0x33262233, 0x33236333, 0x33323633, 0x33662633, 0x32662363, 0x32233233,
    0x00000000, 0x00000000, 0x00000000, 0x00000000, 0x00000000, 0x00000000, 0x00000000, 0x00000000,
    0x00066600, 0x00622060, 0x02660260, 0x02606260, 0x02620660, 0x02602260, 0x02066600, 0x00222000,
    0x00006000, 0x00026600, 0x00026000, 0x00026000, 0x00026000, 0x00026000, 0x00066600, 0x00222000,
    0x00066600, 0x00622060, 0x02600200, 0x02060000, 0x00206000, 0x00020600, 0x00666660, 0x02222200,
    0x00666660, 0x02262200, 0x00206000, 0x00060000, 0x00600000, 0x02600060, 0x02066600, 0x00222000,
    0x00060000, 0x00266000, 0x00260600, 0x00262060, 0x00666660, 0x02262200, 0x00260000, 0x00200000,
    0x00666660, 0x02222260, 0x00066660, 0x00622200, 0x02600000, 0x02600060, 0x02066600, 0x00222000,
    0x00066000, 0x00220600, 0x00002060, 0x00066660, 0x00622260, 0x02600260, 0x02066600, 0x00222000,
    0x00666660, 0x02622200, 0x02060000, 0x00206000, 0x00020600, 0x00002600, 0x00002600, 0x00002000,
    0x00066600, 0x00622060, 0x02600260, 0x02066600, 0x00622060, 0x02600260, 0x02066600, 0x00222000,
    0x00066600, 0x00622060, 0x02600260, 0x02666600, 0x02622000, 0x02060000, 0x00206600, 0x00022000,
    0x00066600, 0x00622060, 0x02600260, 0x02666660, 0x02622260, 0x02600260, 0x02600260, 0x02000200,
    0x00066660, 0x00622260, 0x02600260, 0x02066660, 0x00622260, 0x02600260, 0x02066660, 0x00222200,
    0x00066600, 0x00622060, 0x02000260, 0x00000260, 0x00000260, 0x00600260, 0x02066600, 0x00222000,
    0x00066660, 0x00622260, 0x02600260, 0x02600260, 0x02600260, 0x02600260, 0x02066660, 0x00222200,
    0x00666660, 0x02222260, 0x00000260, 0x00066660, 0x00222260, 0x00000260, 0x00666660, 0x02222200,
    0x00666660, 0x02222260, 0x00000260, 0x00066660, 0x00222260, 0x00000260, 0x00000260, 0x00000200,
    0x00066600, 0x00622060, 0x02000260, 0x00666260, 0x02620260, 0x02600260, 0x02666600, 0x02222000,
    0x00600060, 0x02600260, 0x02600260, 0x02666660, 0x02622260, 0x02600260, 0x02600260, 0x02000200,
    0x00066600, 0x00226000, 0x00026000, 0x00026000, 0x00026000, 0x00026000, 0x00066600, 0x00222000,
    0x00666000, 0x02260000, 0x00260000, 0x00260000, 0x00260000, 0x00260060, 0x00206600, 0x00022000,
    0x00600060, 0x02060260, 0x00206260, 0x00020660, 0x00006260, 0x00060260, 0x00600260, 0x02000200,
    0x00000060, 0x00000260, 0x00000260, 0x00000260, 0x00000260, 0x00000260, 0x00666660, 0x02222200,
    0x00600060, 0x02660660, 0x02606260, 0x02626260, 0x02620260, 0x02600260, 0x02600260, 0x02000200,
    0x00600060, 0x02600260, 0x02600660, 0x02606260, 0x02660260, 0x02600260, 0x02600260, 0x02000200,
    0x00066600, 0x00622060, 0x02600260, 0x02600260, 0x02600260, 0x02600260, 0x02066600, 0x00222000,
    0x00066660, 0x00622260, 0x02600260, 0x02066660, 0x00222260, 0x00000260, 0x00000260, 0x00000200,
    0x00066600, 0x00622060, 0x02600260, 0x02600260, 0x02606260, 0x02060260, 0x00606600, 0x02022000,
    0x00066660, 0x00622260, 0x02600260, 0x02066660, 0x00226260, 0x00060260, 0x00600260, 0x02000200,
    0x00666600, 0x02222060, 0x00000260, 0x00066600, 0x00622000, 0x02600000, 0x02066660, 0x00222200,
    0x00666660, 0x02226200, 0x00026000, 0x00026000, 0x00026000, 0x00026000, 0x00026000, 0x00020000,
    0x00600060, 0x02600260, 0x02600260, 0x02600260, 0x02600260, 0x02600260, 0x02066600, 0x00222000,
    0x00600060, 0x02600260, 0x02600260, 0x02600260, 0x02600260, 0x02060600, 0x00206000, 0x00020000,
    0x00600060, 0x02600260, 0x02600260, 0x02606260, 0x02626260, 0x02626260, 0x02060600, 0x00202000,
    0x00600060, 0x02600260, 0x02060600, 0x00206000, 0x00060600, 0x00602060, 0x02600260, 0x02000200,
    0x00600060, 0x02600260, 0x02060600, 0x00206000, 0x00026000, 0x00026000, 0x00026000, 0x00020000,
    0x00666660, 0x02622200, 0x02060000, 0x00206000, 0x00020600, 0x00002060, 0x00666660, 0x02222200,
    0x00000000, 0x00006000, 0x00026000, 0x00020000, 0x00006000, 0x00026000, 0x00020000, 0x00000000,
    0x00006000, 0x00026000, 0x00026000, 0x00026000, 0x00026000, 0x00020000, 0x00006000, 0x00020000,
    0x00000000, 0x00000000, 0x00000000, 0x00066600, 0x00222000, 0x00000000, 0x00000000, 0x00000000,
    0x00000060, 0x00000600, 0x00006000, 0x00060000, 0x00206000, 0x00020600, 0x00002060, 0x00000200,
    0x00000000, 0x00006000, 0x00026000, 0x00666660, 0x02226200, 0x00026000, 0x00020000, 0x00000000,
    0x00000000, 0x00000000, 0x00666660, 0x02222200, 0x00666660, 0x02222200, 0x00000000, 0x00000000,
    0x00000000, 0x00000000, 0x00000000, 0x00000000, 0x00000000, 0x00000000, 0x00006000, 0x00020000,
    0x00006000, 0x00026000, 0x00020600, 0x00002000, 0x00000000, 0x00000000, 0x00000000, 0x00000000,
    0x00000000, 0x00000000, 0x00000000, 0x00000000, 0x00000000, 0x00006000, 0x00020600, 0x00002000,
    0x00600660, 0x02062660, 0x00262200, 0x00206000, 0x00020600, 0x00662600, 0x02662060, 0x02200200,
    0x55555555, 0x44444445, 0x77777745, 0x33333745, 0x33333745, 0x33333745, 0x33333745, 0x33333745,
    0x55555555, 0x44444444, 0x77777777, 0x33333333, 0x33333333, 0x33333333, 0x33333333, 0x33333333,
    0x55555555, 0x54444444, 0x54777777, 0x54333333, 0x54333333, 0x54333333, 0x54333333, 0x54333333,
    0x33333745, 0x33333745, 0x33333745, 0x33333745, 0x33333745, 0x33333745, 0x33333745, 0x33333745,
    0x54333333, 0x54333333, 0x54333333, 0x54333333, 0x54333333, 0x54333333, 0x54333333, 0x54333333,
    0x33333745, 0x33333745, 0x33333745, 0x33333745, 0x33333745, 0x33333745, 0x44444445, 0x55555555,
    0x33333333, 0x33333333, 0x33333333, 0x33333333, 0x33333333, 0x33333333, 0x44444444, 0x55555555,
    0x54333333, 0x54333333, 0x54333333, 0x54333333, 0x54333333, 0x54333333, 0x54444444, 0x55555555,
};
